,date,rainfall_mm,sunshine_MJ_daym2,tmax_C,tmed_C,tmin_C,windspeed_m_s
0,2014-04-01,4.70530612244898,4.004255319148935,18.08427419354839,13.680645161290327,9.268951612903225,4.28818565400844
1,2014-04-02,6.861316872427984,1.8695652173913035,15.859274193548394,12.467741935483874,9.07620967741936,3.368644067796611
2,2014-04-03,4.871255060728745,4.05251798561151,14.543650793650789,11.240476190476189,7.9388888888888856,3.8906779661016953
3,2014-04-04,1.3354838709677423,6.686666666666668,16.576984126984133,12.110714285714295,7.6384920634920634,3.982700421940927
4,2014-04-05,0.29592760180995475,6.750364963503647,20.21264822134387,15.401976284584984,10.5905138339921,2.9033755274261597
5,2014-04-06,0.032661290322580645,10.237226277372267,22.76336206896552,16.24655172413794,9.723706896551727,2.426495726495727
6,2014-04-07,0.2884462151394422,9.530434782608696,22.986800000000017,16.470400000000005,9.954000000000002,2.566666666666665
7,2014-04-08,0.035039370078740154,9.74676258992806,22.26692913385827,16.09803149606298,9.928740157480314,2.418750000000001
8,2014-04-09,0.17103174603174606,9.426811594202892,23.18119999999998,16.4504,9.720000000000004,2.5148936170212743
9,2014-04-10,1.0225296442687741,8.533576642335767,24.10360000000001,17.496,10.8856,2.6740425531914904
10,2014-04-11,0.6119047619047616,7.133571428571429,22.371653543307087,16.990157480314952,11.609055118110238,2.8683982683982685
11,2014-04-12,0.7749999999999996,7.759854014598541,20.248031496062996,15.234645669291327,10.216929133858265,2.8722222222222222
12,2014-04-13,0.0956521739130435,10.531884057971014,22.787937743190664,16.249416342412463,9.708560311284053,2.5404255319148956
13,2014-04-14,0.08735177865612649,8.611194029850749,22.64743083003953,16.488142292490117,10.324901185770747,2.5553648068669514
14,2014-04-15,0.3707509881422923,8.325547445255477,23.244841269841267,17.24880952380953,11.25238095238095,1.9978448275862073
15,2014-04-16,0.07159999999999998,10.603623188405797,23.992741935483878,17.191935483870974,10.38870967741936,1.9716738197424875
16,2014-04-17,0.0048192771084337345,10.56397058823529,23.87370517928288,17.22430278884461,10.578486055776892,2.304680851063829
17,2014-04-18,0.037096774193548385,10.501481481481482,23.670682730923698,16.790361445783127,9.913253012048195,2.61111111111111
18,2014-04-19,3.3227642276422786,5.938970588235294,21.18130081300812,15.919512195121953,10.654065040650414,3.241048034934499
19,2014-04-20,5.031557377049181,4.767883211678831,17.412903225806456,13.709274193548387,10.011290322580637,3.088311688311688
20,2014-04-21,4.386384976525824,4.850819672131149,17.51586538461539,13.457211538461536,9.399038461538465,2.7578947368421045
21,2014-04-22,0.9110204081632651,7.704379562043798,19.07387755102041,14.069795918367342,9.067755102040824,3.139737991266375
22,2014-04-23,0.7097959183673467,8.642753623188403,20.09632653061223,14.694693877551027,9.287346938775507,2.9283261802575105
23,2014-04-24,3.5078838174273876,6.660144927536234,18.60495867768596,13.80702479338843,9.003305785123963,3.758260869565218
24,2014-04-25,1.8291666666666666,9.047826086956524,17.58842975206612,12.648347107438012,7.707438016528919,4.262114537444932
25,2014-04-26,1.1203252032520326,6.935338345864663,19.699591836734676,14.542857142857148,9.382448979591832,3.9682608695652166
26,2014-04-27,0.5869918699186991,9.867164179104476,19.971370967741922,14.492741935483874,9.022177419354838,3.995726495726496
27,2014-04-28,0.5412244897959182,8.899248120300754,21.506072874493924,15.78704453441296,10.072469635627533,3.300865800865801
28,2014-04-29,0.6207317073170731,9.172992700729926,22.197983870967754,16.297967479674803,10.395528455284552,2.7919148936170206
29,2014-04-30,0.35224489795918373,8.922627737226279,22.471544715447155,16.843089430894313,11.212195121951225,2.7944444444444443
30,2014-05-01,0.297983870967742,9.910869565217387,22.559599999999993,16.79200000000001,11.024000000000012,2.9851063829787248
31,2014-05-02,0.2182926829268293,10.314492753623187,21.38902439024389,16.01626016260163,10.646341463414627,3.900432900432903
32,2014-05-03,0.017479674796747967,11.670588235294119,21.677777777777784,15.43306772908366,9.182071713147408,3.647008547008548
33,2014-05-04,0.004453441295546559,12.027007299270071,23.188446215139436,15.830677290836649,8.480079681274903,2.727966101694915
34,2014-05-05,0.012244897959183673,10.972463768115942,24.933333333333355,17.30722891566265,9.681124497991965,2.8897435897435892
35,2014-05-06,0.03833333333333334,7.892753623188407,24.38097165991902,18.116194331983817,11.857085020242915,2.8549356223175955
36,2014-05-07,0.019262295081967213,8.131884057971012,24.35836734693876,18.288979591836718,12.220000000000002,2.3915611814345974
37,2014-05-08,0.07530364372469635,9.64028776978417,24.730241935483868,18.74153225806451,12.756854838709685,2.777310924369745
38,2014-05-09,0.014516129032258067,9.946762589928055,25.37290836653388,19.240239043824698,13.11713147410358,2.6131914893617023
39,2014-05-10,0.4204819277108436,9.77794117647059,26.248221343873517,19.75177865612648,13.26403162055336,2.7822784810126566
40,2014-05-11,0.016867469879518072,10.0014705882353,24.432399999999983,18.789600000000007,13.140000000000006,3.054468085106383
41,2014-05-12,0.5056910569105691,9.683211678832121,23.629718875502004,17.5991967871486,11.561847389558235,3.0012875536480657
42,2014-05-13,0.12113821138211385,10.209558823529406,21.651792828685267,16.182071713147415,10.712350597609555,3.595744680851067
43,2014-05-14,0.0,11.272262773722625,22.928458498023705,16.321343873517794,9.711462450592883,3.6936708860759504
44,2014-05-15,0.00040160642570281126,12.131386861313867,24.044841269841267,17.36428571428571,10.682142857142859,3.770464135021097
45,2014-05-16,0.0004,12.47794117647059,23.45116279069768,17.006201550387587,10.56317829457364,3.8474999999999997
46,2014-05-17,0.05645161290322581,11.67080291970803,23.183657587548648,16.3953125,9.604296874999994,3.38781512605042
47,2014-05-18,0.2368852459016393,9.735036496350366,23.474103585657375,16.8508,10.227199999999996,2.8669491525423716
48,2014-05-19,2.2556910569105693,7.745255474452552,21.87469879518072,16.364919354838708,10.856854838709676,4.024255319148936
49,2014-05-20,4.946122448979589,5.657971014492753,19.907450980392152,15.53882352941176,11.17058823529411,3.3897872340425548
50,2014-05-21,4.097177419354843,6.302158273381297,19.44921875,15.192941176470592,10.951764705882347,4.72542372881356
51,2014-05-22,2.5502008032128534,6.425000000000002,19.144140625000006,14.585546875000011,10.022656249999994,4.199578059071729
52,2014-05-23,0.8583999999999997,8.45255474452555,19.49648437499999,14.262352941176474,9.041960784313721,3.8180672268907543
53,2014-05-24,2.234677419354839,7.0742647058823565,19.78196078431372,14.269411764705888,8.755686274509802,2.9329113924050634
54,2014-05-25,2.569918699186993,8.171111111111113,19.650000000000006,14.641269841269834,9.632936507936508,3.103418803418804
55,2014-05-26,0.8020920502092047,9.099248120300752,20.557199999999998,14.718799999999998,8.880000000000003,3.151931330472102
56,2014-05-27,1.7183673469387757,7.490510948905108,21.068924302788822,15.671200000000002,10.28,2.9953389830508463
57,2014-05-28,3.518699186991871,4.503703703703702,19.88690476190477,15.759362549800798,11.662948207171318,3.5661016949152544
58,2014-05-29,1.5329268292682927,7.310218978102193,21.519762845849815,16.101581027667994,10.685375494071144,3.156066945606698
59,2014-05-30,0.9967611336032389,8.183823529411764,21.71102362204724,16.753937007874015,11.792519685039377,3.433333333333333
60,2014-05-31,1.4548387096774187,7.9812949640287725,21.180708661417327,16.0736220472441,10.962598425196855,3.53595041322314
61,2014-06-01,0.3478260869565218,8.901438848920865,22.224206349206344,16.52261904761905,10.822222222222218,3.4012605042016832
62,2014-06-02,0.027125506072874495,11.07226277372263,24.05220883534137,17.585140562248995,11.117269076305218,2.9652542372881343
63,2014-06-03,0.22650602409638554,11.170289855072467,25.464143426294818,18.721912350597616,11.98007968127489,3.0472573839662456
64,2014-06-04,0.24838709677419357,9.729927007299274,23.86666666666665,18.299999999999994,12.730952380952385,3.4576271186440657
65,2014-06-05,0.8644,9.879259259259259,25.372799999999984,18.70280000000001,12.0284,3.11772151898734
66,2014-06-06,1.2557768924302783,7.445652173913044,26.868253968253978,20.848412698412723,14.825793650793656,4.014767932489452
67,2014-06-07,0.3289156626506024,10.447101449275364,25.989999999999984,20.20481927710844,14.39196787148595,3.3669491525423734
68,2014-06-08,0.2215139442231076,10.88248175182482,26.858333333333324,20.371428571428563,13.88531746031746,2.9755274261603386
69,2014-06-09,0.4210317460317459,9.726086956521737,26.443253968253956,20.42619047619047,14.404365079365078,3.2453781512605056
70,2014-06-10,0.4505928853754941,8.794890510948903,26.023107569721123,19.954980079681267,13.888047808764945,2.602928870292886
71,2014-06-11,0.8158102766798417,10.035251798561148,28.370682730923694,21.822580645161295,15.300806451612909,2.7706382978723387
72,2014-06-12,0.41106719367588934,10.989855072463765,29.989370078740148,23.13858267716535,16.29409448818898,2.644769874476987
73,2014-06-13,0.209765625,10.686956521739129,30.41383399209485,23.528174603174605,16.63888888888889,2.6325
74,2014-06-14,0.4568627450980392,11.68057553956834,29.370078740157485,22.926771653543305,16.47795275590551,3.3954166666666654
75,2014-06-15,0.05450980392156862,11.574820143884894,26.76023622047244,21.07874015748031,15.396850393700792,3.9602510460251046
76,2014-06-16,0.6681451612903226,10.147058823529413,25.170040485829947,19.51781376518217,13.869354838709683,3.4218487394957986
77,2014-06-17,1.0502008032128514,10.766666666666666,25.970901639344266,19.769262295081973,13.571721311475402,3.010729613733905
78,2014-06-18,0.40275590551181095,10.859854014598536,26.57871485943776,20.18393574297187,13.792369477911652,2.8071428571428556
79,2014-06-19,0.11106719367588935,9.719565217391303,27.00756972111554,20.932669322709152,14.854581673306763,2.8682203389830527
80,2014-06-20,1.752988047808765,9.747826086956522,27.808606557377054,21.740573770491796,15.667622950819686,2.9424892703862664
81,2014-06-21,0.716465863453815,10.282089552238807,27.099999999999987,21.321951219512176,15.54065040650407,2.9914163090128745
82,2014-06-22,1.041935483870968,8.843478260869565,26.740163934426214,20.997131147540976,15.254098360655735,2.681304347826086
83,2014-06-23,3.6881355932203395,8.648739495798317,26.656066945606696,21.03765690376568,15.414644351464434,2.844978165938864
84,2014-06-24,5.352320675105486,4.414179104477612,22.918595041322316,18.95041322314051,14.980578512396697,2.985964912280704
85,2014-06-25,0.964634146341463,7.340441176470588,24.633061224489808,19.565306122448977,14.490204081632651,3.246153846153849
86,2014-06-26,0.4273469387755102,9.308148148148147,25.872800000000005,20.453199999999992,15.028000000000002,2.8225531914893613
87,2014-06-27,0.8254032258064514,10.704411764705878,27.400404858299588,21.083805668016183,14.765182186234812,2.825316455696203
88,2014-06-28,0.9163346613545816,9.694964028776974,27.517460317460326,21.447222222222223,15.373809523809534,3.8886554621848717
89,2014-06-29,0.31720000000000004,10.747101449275359,25.397222222222215,19.881746031746054,14.373412698412702,3.7907949790794992
90,2014-06-30,0.5844,11.078260869565216,27.026104417670656,20.217670682730926,13.407228915662651,3.114767932489453
91,2014-07-01,2.149180327868852,8.052173913043484,25.768145161290327,20.486693548387098,15.20846774193548,3.82863247863248
92,2014-07-02,2.568776371308017,7.221323529411765,24.011203319502076,19.543568464730296,15.070124481327795,3.6565217391304343
93,2014-07-03,5.734854771784233,6.984671532846716,24.419421487603316,19.658264462809925,14.89173553719008,3.2995594713656407
94,2014-07-04,0.24,10.3014598540146,26.88524590163935,20.840983606557387,14.79754098360656,3.065948275862069
95,2014-07-05,1.5512295081967213,10.168613138686132,28.618852459016377,22.27418032786886,15.937704918032786,3.154978354978356
96,2014-07-06,3.0880658436213997,6.8284671532846675,25.388524590163936,20.6438524590164,15.89959016393443,3.7939393939393917
97,2014-07-07,0.9975308641975307,8.895555555555555,24.784710743801643,19.917768595041316,15.053719008264459,3.6248908296943223
98,2014-07-08,0.2873469387755101,10.620289855072459,26.609917355371877,20.501239669421484,14.404545454545438,3.3722943722943723
99,2014-07-09,0.12601626016260165,10.707913669064746,25.776446280991745,20.54710743801654,15.316115702479348,3.8927038626609423
100,2014-07-10,0.28375,11.503649635036497,26.133196721311485,20.237295081967204,14.342622950819669,3.5548245614035063
101,2014-07-11,0.12057613168724281,10.979411764705885,26.907818930041163,20.657201646090538,14.367213114754092,3.310775862068965
102,2014-07-12,0.0786008230452675,11.274074074074074,27.29142857142858,21.168571428571433,15.042040816326534,3.0484848484848492
103,2014-07-13,0.2673553719008264,11.169565217391304,28.71784232365145,22.14481327800831,15.569294605809132,2.954077253218883
104,2014-07-14,0.017427385892116183,11.039705882352935,29.38697478991598,23.260084033613452,17.112133891213375,2.6708154506437767
105,2014-07-15,0.027125506072874492,11.565467625899283,30.76788617886178,24.174390243902437,17.57764227642276,2.823275862068966
106,2014-07-16,0.13739837398373983,11.245652173913053,32.27692307692306,25.346558704453454,18.41740890688258,2.714592274678112
107,2014-07-17,0.009090909090909092,11.31379310344828,32.581512605042,25.737815126050418,18.879497907949798,3.256465517241378
108,2014-07-18,1.3812500000000003,8.130656934306568,30.122131147540976,24.281147540983604,18.438524590163922,3.6722222222222234
109,2014-07-19,2.048387096774194,5.992700729927009,26.63012048192769,21.901204819277105,17.177108433734947,3.5080168776371297
110,2014-07-20,0.7157258064516128,9.4934306569343,26.263709677419346,21.196774193548396,16.131451612903234,3.932489451476793
111,2014-07-21,0.1306451612903226,12.12761194029851,28.206477732793502,21.599190283400812,14.993522267206464,2.8961702127659574
112,2014-07-22,0.027125506072874495,12.486956521739133,30.210204081632654,23.086885245901616,15.951229508196734,2.8508620689655175
113,2014-07-23,0.038524590163934426,11.95328467153285,30.823360655737726,23.854508196721323,16.890983606557374,2.8465517241379312
114,2014-07-24,0.7,10.196323529411764,29.981171548117164,23.85146443514642,17.728033472803347,2.968260869565218
115,2014-07-25,0.45601659751037343,9.832846715328465,29.529166666666647,23.74416666666667,17.95958333333334,2.6609649122807015
116,2014-07-26,0.0005128205128205128,11.499999999999996,30.15263157894738,23.887368421052642,17.632631578947368,2.7266666666666666
117,2014-07-27,0.0225,11.72262773722628,30.779661016949156,24.412711864406763,18.048305084745763,2.7336244541484715
118,2014-07-28,1.7083333333333328,9.267883211678836,28.87016806722688,23.40550847457628,17.958474576271175,3.2968888888888865
119,2014-07-29,0.21587982832618027,10.7984,27.04675324675324,21.749999999999993,16.468260869565224,3.741991341991342
120,2014-07-30,0.023394495412844035,11.696610169491516,29.029864253393647,22.28954545454545,15.54318181818182,3.0197044334975383
121,2014-07-31,0.10082304526748972,11.162962962962958,29.995510204081633,23.477959183673462,16.9604081632653,3.0532751091703063
122,2014-08-01,1.6311475409836076,8.165925925925928,27.53703703703704,22.567901234567902,17.596707818930042,3.6229437229437225
123,2014-08-02,2.367768595041323,8.186466165413531,26.708713692946063,21.66058091286309,16.614937759336097,3.4978070175438583
124,2014-08-03,0.6365145228215767,9.997037037037035,27.781512605042014,21.906302521008413,16.028151260504213,2.628260869565216
125,2014-08-04,0.39707112970711295,10.63925925925926,28.74853556485355,22.656066945606693,16.572803347280335,2.6747826086956503
126,2014-08-05,0.0020408163265306124,11.321052631578938,29.495454545454542,23.119421487603297,16.74338842975205,2.5761702127659554
127,2014-08-06,0.1416326530612245,11.036764705882353,30.151836734693884,23.842448979591854,17.53632653061225,2.8147679324894512
128,2014-08-07,0.3367768595041322,10.632116788321168,30.51297071129707,24.41464435146444,18.317991631799174,2.6953191489361683
129,2014-08-08,1.8410569105691057,9.594927536231884,30.41821862348179,24.554655870445334,18.691902834008093,3.26906779661017
130,2014-08-09,0.27590361445783135,9.190298507462682,29.771774193548392,24.121774193548383,18.47096774193549,3.0247863247863225
131,2014-08-10,0.6409836065573772,10.337226277372261,30.48471074380168,24.148347107438013,17.82066115702479,3.1191489361702116
132,2014-08-11,0.19585062240663895,10.341911764705886,29.287755102040816,23.4804081632653,17.66938775510204,2.8201716738197415
133,2014-08-12,1.697107438016528,8.778102189781022,28.929831932773105,23.270588235294095,17.62142857142857,3.191341991341992
134,2014-08-13,0.535655737704918,10.295620437956208,27.066393442622946,21.935655737704902,16.807377049180324,4.067094017094015
135,2014-08-14,0.14897959183673473,9.821323529411764,27.06138211382114,21.125203252032513,15.182520325203255,3.036016949152542
136,2014-08-15,0.4577235772357723,10.30942028985507,27.85668016194332,21.742914979757074,15.633603238866394,2.896610169491527
137,2014-08-16,0.3053061224489796,9.958823529411765,26.908835341365464,21.323293172690775,15.736144578313265,3.261506276150627
138,2014-08-17,0.004918032786885246,11.379850746268653,29.260569105691044,22.323983739837406,15.388211382113818,3.148953974895395
139,2014-08-18,1.2123456790123452,8.379999999999997,29.037398373983734,23.044308943089433,17.04674796747968,3.28403361344538
140,2014-08-19,0.26131687242798357,9.957037037037036,28.052845528455286,22.276829268292683,16.499186991869916,3.204700854700857
141,2014-08-20,0.687190082644628,9.218656716417911,27.33032786885246,21.788114754098356,16.25122950819672,2.8961206896551714
142,2014-08-21,0.19125000000000006,9.99489051094891,27.697131147540983,21.720901639344266,15.744262295081963,2.8060085836909874
143,2014-08-22,3.1872427983539096,7.740145985401461,26.241493775933602,21.143568464730297,16.05145228215767,2.9364806866952766
144,2014-08-23,0.006198347107438017,10.428571428571432,27.606224066390045,21.272199170124495,14.943568464730285,2.7760869565217385
145,2014-08-24,0.009090909090909092,11.14740740740741,29.33621399176954,22.527572016460915,15.724279835390947,2.6685589519650637
146,2014-08-25,0.22314049586776863,11.074264705882356,31.098340248962653,23.80331950207469,16.507468879668046,2.989519650655022
147,2014-08-26,0.5554166666666667,9.57352941176471,31.10041666666667,24.597916666666652,18.09416666666667,3.2721739130434795
148,2014-08-27,0.162396694214876,10.469852941176466,31.813278008298767,25.344813278008296,18.87510373443984,2.6939655172413763
149,2014-08-28,0.48945147679324885,9.430597014925375,30.85864978902956,24.531223628692,18.197468354430374,2.6855895196506547
150,2014-08-29,0.1847736625514403,9.004444444444445,29.339583333333326,23.721666666666657,18.102083333333336,2.5311403508771915
151,2014-08-30,0.3210743801652892,8.364661654135336,28.91757322175733,23.358158995815895,17.79623430962343,2.7646288209606977
152,2014-08-31,0.049583333333333326,10.190909090909088,30.166527196652705,24.001255230125523,17.835564853556484,2.5864035087719266
153,2014-09-01,0.01016949152542373,10.961940298507466,31.399163179916325,24.5916317991632,17.780753138075312,2.423348017621143
154,2014-09-02,0.30346320346320343,10.48358208955224,31.949789029535843,24.87426160337552,17.79535864978903,2.6911504424778765
155,2014-09-03,0.12350427350427347,9.794776119402986,30.179487179487165,24.10940170940172,18.03632478632478,2.654910714285715
156,2014-09-04,0.3284518828451882,8.92992700729927,28.824050632911394,23.196624472573856,17.57215189873417,2.5555555555555567
157,2014-09-05,0.2799999999999999,10.03656716417911,29.434873949579824,23.23697478991599,17.044957983193274,2.3234513274336264
158,2014-09-06,0.6140425531914894,8.445454545454544,28.97130801687763,23.227966101694918,17.48347457627119,2.5909909909909907
159,2014-09-07,3.623376623376624,6.899248120300753,27.735897435897446,22.686752136752144,17.644017094017098,2.7631818181818177
160,2014-09-08,0.9354978354978353,8.74887218045113,28.090517241379313,22.550000000000033,17.001724137931028,2.225806451612903
161,2014-09-09,0.3051724137931034,9.555303030303028,28.930472103004302,22.90472103004292,16.86223175965666,2.246396396396395
162,2014-09-10,0.3151515151515152,9.549624060150377,29.06286919831224,23.003797468354424,16.941350210970462,2.3660714285714293
163,2014-09-11,0.1995726495726496,9.282962962962964,28.505508474576263,22.948305084745744,17.3885593220339,2.687443946188338
164,2014-09-12,0.16085106382978726,9.371111111111107,28.48739495798319,22.72563025210083,16.95882352941177,2.4766816143497747
165,2014-09-13,0.5129870129870129,8.839849624060152,28.52700421940929,22.58902953586498,16.656118143459917,2.3286995515695055
166,2014-09-14,2.712719298245614,7.736363636363639,27.54957264957266,21.86923076923077,16.179487179487168,2.797247706422018
167,2014-09-15,0.791341991341991,8.115037593984962,26.675949367088606,21.16624472573839,15.655696202531646,2.2461538461538444
168,2014-09-16,5.014285714285715,5.244852941176471,26.902553191489346,21.580000000000002,16.259999999999998,3.4963800904977376
169,2014-09-17,4.316299559471365,5.746616541353379,26.135983263598327,21.4744769874477,16.825941422594152,3.2621145374449365
170,2014-09-18,3.1934210526315794,6.28740740740741,25.50341880341881,20.88841201716738,16.296995708154505,3.1413636363636375
171,2014-09-19,2.032608695652174,5.3955223880597,25.10762711864406,20.66186440677967,16.21779661016949,2.8288288288288284
172,2014-09-20,0.36768558951965075,6.770769230769228,26.653846153846157,21.19230769230769,15.720512820512818,1.90462962962963
173,2014-09-21,3.880349344978168,5.9,26.68793103448275,21.30689655172414,15.92672413793104,2.0249999999999977
174,2014-09-22,5.1361233480176205,3.7249999999999996,22.930869565217392,19.2895652173913,15.65869565217391,2.2572093023255815
175,2014-09-23,2.154112554112554,5.0856060606060565,22.951082251082255,18.63593073593073,14.320779220779222,2.2341013824884794
176,2014-09-24,1.7217391304347822,6.493233082706767,22.67564102564102,18.150427350427346,13.624786324786326,2.3696832579185507
177,2014-09-25,0.6387931034482758,8.265413533834586,23.314163090128744,17.743347639484966,12.184978540772518,2.4058823529411737
178,2014-09-26,1.6523809523809525,8.006818181818186,24.357142857142854,18.345454545454537,12.340692640692637,2.1744292237442924
179,2014-09-27,3.614347826086956,5.7661538461538475,24.004700854700854,18.857264957264963,13.701282051282055,2.6436363636363636
180,2014-09-28,5.682142857142856,3.3923076923076922,22.318181818181813,18.872727272727275,15.42770562770563,2.0520547945205485
181,2014-09-29,2.9406113537117906,5.596969696969694,23.800431034482777,19.260344827586213,14.721551724137926,1.812442396313365
182,2014-09-30,0.7172413793103446,6.875187969924813,24.468354430379744,19.354852320675104,14.244725738396623,2.218018018018019
183,2014-10-01,0.2757709251101322,6.586567164179106,24.943829787234048,20.074893617021278,15.212340425531918,2.697695852534561
184,2014-10-02,0.3885593220338983,7.5395522388059675,25.501276595744667,20.363404255319136,15.22808510638298,2.2901785714285703
185,2014-10-03,0.08931623931623936,8.766417910447762,25.777499999999996,20.043750000000006,14.323749999999997,1.8533632286995514
186,2014-10-04,1.8638655462184877,7.013432835820894,24.964197530864208,19.421399176954733,13.878189300411508,2.33080357142857
187,2014-10-05,0.3141666666666668,7.533082706766916,23.241563786008246,18.27037037037037,13.29465020576132,2.385903083700439
188,2014-10-06,0.640928270042194,7.3404580152671794,23.538934426229496,18.188114754098358,12.836475409836066,2.8571428571428568
189,2014-10-07,1.0259414225941421,6.734814814814814,23.866390041493776,19.01535269709545,14.15726141078838,2.625112107623319
190,2014-10-08,5.905042016806722,6.115151515151516,24.34628099173555,19.221074380165305,14.092148760330577,2.993805309734511
191,2014-10-09,6.944915254237292,5.309022556390979,22.874895397489542,18.769456066945608,14.661924686192467,2.516517857142857
192,2014-10-10,2.903797468354432,5.095419847328246,22.10714285714286,17.929831932773123,13.75924369747899,2.154222222222222
193,2014-10-11,6.994805194805189,4.8075757575757585,22.38033472803348,17.764853556485356,13.151882845188291,2.419004524886879
194,2014-10-12,4.187288135593221,4.290977443609023,20.560759493670894,17.0337552742616,13.499578059071725,3.3142201834862357
195,2014-10-13,6.7600858369098695,3.6770370370370373,19.050627615062755,15.454811715481174,11.869456066945613,2.799090909090909
196,2014-10-14,1.942796610169491,4.731851851851851,18.985714285714298,15.04894514767932,11.14894514767932,2.4522321428571416
197,2014-10-15,3.5316455696202533,3.537121212121213,20.721428571428586,16.342857142857138,11.961344537815123,2.943111111111113
198,2014-10-16,3.9795833333333355,5.982575757575757,23.313991769547314,19.114814814814807,14.917695473251031,2.9982532751091693
199,2014-10-17,0.1661224489795918,8.386029411764707,24.830364372469624,19.466801619433213,14.108906882591095,2.6517543859649093
200,2014-10-18,0.675103734439834,8.147794117647056,26.4338775510204,20.266122448979587,14.101632653061237,2.4008849557522116
201,2014-10-19,1.4623966942148758,7.445185185185187,26.58893442622951,20.50245901639344,14.41762295081968,2.2986842105263166
202,2014-10-20,0.23884297520661157,8.358088235294117,27.01708333333333,20.514166666666654,14.012916666666667,1.933185840707965
203,2014-10-21,0.13827160493827162,7.854014598540149,27.35265306122449,20.399183673469384,13.446938775510205,2.365065502183407
204,2014-10-22,0.014285714285714285,8.60802919708029,24.643852459016408,18.664754098360646,12.68811475409837,2.684415584415585
205,2014-10-23,0.0008163265306122449,8.663703703703703,24.81762295081966,17.715163934426236,10.613524590163939,2.0239130434782617
206,2014-10-24,0.02231404958677686,7.716176470588239,25.824793388429743,18.892946058091287,11.963900414937758,1.7502183406113523
207,2014-10-25,0.00967741935483871,8.588970588235297,25.848971193415647,19.023868312757198,12.203292181069951,1.7047826086956517
208,2014-10-26,0.005394190871369295,8.582222222222224,25.386026200873363,18.724454148471622,12.059388646288212,1.7689956331877739
209,2014-10-27,0.11198347107438016,7.851824817518248,23.965289256198353,17.930578512396693,11.89752066115702,1.783406113537119
210,2014-10-28,0.22603305785123964,6.6805755395683475,23.035918367346937,17.673061224489793,12.317551020408176,2.1356521739130434
211,2014-10-29,0.012244897959183673,7.161870503597124,23.808097165991907,18.204858299595145,12.596356275303638,1.904741379310347
212,2014-10-30,0.009166666666666668,7.973722627737225,24.369008264462796,18.097933884297515,11.826033057851236,1.9382608695652177
213,2014-10-31,0.5700819672131147,7.5304347826086975,23.519105691056907,17.809756097560985,12.104878048780481,2.6186147186147175
214,2014-11-01,0.2053719008264463,6.342857142857144,22.093902439024404,16.76816326530612,11.442448979591846,1.923788546255507
215,2014-11-02,2.736401673640167,5.057037037037036,20.58367346938776,15.75142857142858,10.92081632653061,2.4871681415929188
216,2014-11-03,16.597854077253206,4.073880597014923,18.579752066115706,14.472314049586778,10.365702479338838,4.052232142857144
217,2014-11-04,8.32018348623853,2.795522388059703,14.58539823008849,11.257079646017699,7.926548672566371,4.023474178403758
218,2014-11-05,3.031739130434783,5.516911764705882,14.227896995708146,10.312875536480687,6.396137339055791,3.26788990825688
219,2014-11-06,1.4852941176470589,5.2425373134328375,15.980327868852468,11.213114754098369,6.4442622950819635,2.786098654708519
220,2014-11-07,1.61228813559322,4.396323529411765,17.723109243697472,13.340756302521008,8.957983193277313,3.0603603603603604
221,2014-11-08,4.617094017094018,2.462686567164179,15.883613445378149,12.377731092436974,8.868907563025216,2.840271493212671
222,2014-11-09,0.9748936170212765,3.93955223880597,14.350416666666657,10.637499999999998,6.925416666666663,2.780909090909091
223,2014-11-10,5.577391304347825,5.666666666666666,14.733195020746892,9.88257261410789,5.040663900414939,2.538812785388128
224,2014-11-11,6.724892703862665,2.235937499999999,14.278059071729956,11.237130801687764,8.197468354430377,3.3568075117370864
225,2014-11-12,2.062820512820513,4.102962962962965,16.980769230769226,13.141880341880345,9.304273504273507,2.802777777777779
226,2014-11-13,7.1371794871794885,3.511940298507462,18.418565400843878,14.151898734177216,9.886919831223631,3.4146118721461187
227,2014-11-14,4.5128205128205146,2.6094890510948923,17.093248945147675,13.446835443037982,9.804641350210966,3.1320930232558126
228,2014-11-15,2.1696202531645574,4.7111940298507475,15.051046025104604,11.860251046025104,8.6765690376569,3.8027649769585254
229,2014-11-16,3.75103734439834,4.329411764705884,14.905785123966941,11.543801652892562,8.183057851239667,3.510313901345289
230,2014-11-17,0.5273858921161825,5.014598540145984,15.021810699588473,10.858847736625517,6.688888888888885,2.7231111111111117
231,2014-11-18,1.3049792531120332,5.746666666666667,15.628571428571423,10.48081632653061,5.333877551020401,2.050000000000002
232,2014-11-19,1.882448979591837,4.994890510948907,17.27295081967213,12.450819672131152,7.625000000000001,2.2185022026431716
233,2014-11-20,1.0812244897959182,4.937956204379563,19.057661290322596,14.291935483870974,9.530241935483868,2.823788546255506
234,2014-11-21,1.1774590163934424,3.817391304347826,18.807407407407403,14.582304526748963,10.351440329218107,2.435242290748901
235,2014-11-22,3.4914285714285715,2.1550724637681156,19.154320987654312,15.313991769547332,11.469547325102884,2.6344978165938873
236,2014-11-23,4.078099173553722,1.6795620437956196,18.512295081967196,15.237295081967208,11.965163934426219,2.975
237,2014-11-24,1.249795918367347,3.9167883211678824,18.221721311475406,14.69631147540983,11.178278688524594,1.987391304347826
238,2014-11-25,4.176131687242801,2.66,16.688800000000004,13.623600000000001,10.560799999999999,1.7773913043478267
239,2014-11-26,4.030769230769231,3.4299999999999984,15.380737704918037,12.02745901639345,8.67622950819672,1.9008810572687225
240,2014-11-27,9.361087866108786,2.245323741007194,14.668699186991875,11.244308943089434,7.823983739837396,3.580701754385964
241,2014-11-28,10.243277310924372,1.215441176470588,14.601666666666658,12.060833333333328,9.520416666666673,4.061674008810572
242,2014-11-29,8.548523206751053,2.0211678832116786,14.548780487804882,11.783739837398375,9.015853658536587,2.8248908296943243
243,2014-11-30,6.722457627118642,2.2622222222222215,15.27288135593221,12.492796610169487,9.720338983050851,3.353508771929823
244,2014-12-01,2.1404166666666673,3.805882352941175,15.864876033057852,12.318181818181815,8.776859504132227,3.77938596491228
245,2014-12-02,1.3642857142857148,4.262043795620436,14.158723404255314,10.681276595744677,7.211063829787232,3.1995594713656392
246,2014-12-03,2.80375,2.55912408759124,12.389626556016594,9.315352697095433,6.243983402489627,2.402173913043478
247,2014-12-04,1.6694560669456067,2.865441176470588,11.776250000000006,8.668333333333335,5.557916666666669,2.1908695652173904
248,2014-12-05,2.2483471074380166,5.183823529411765,12.36776859504132,8.420661157024789,4.480991735537189,2.5887931034482765
249,2014-12-06,1.965560165975103,4.984558823529408,11.301244813278014,7.4390041493775945,3.5780082987551873,3.3539130434782622
250,2014-12-07,0.7804979253112033,5.757462686567163,11.6926530612245,7.55755102040816,3.4281632653061216,3.0930735930735924
251,2014-12-08,2.843153526970954,5.111029411764707,13.398360655737704,8.65040983606558,3.905327868852459,3.0250000000000012
252,2014-12-09,0.20791666666666672,4.446616541353382,11.650000000000011,7.994537815126048,4.336974789915968,3.7942982456140344
253,2014-12-10,0.7245833333333334,5.986131386861315,13.624380165289262,8.464462809917354,3.296280991735538,2.5439130434782613
254,2014-12-11,0.06074380165289256,5.808029197080292,14.47704918032788,9.128278688524581,3.777459016393444,2.068220338983051
255,2014-12-12,2.026016260162602,5.323188405797101,14.003252032520328,8.67723577235773,3.3495934959349594,2.6334728033472805
256,2014-12-13,9.042213114754098,1.6839416058394159,13.604453441295545,9.938056680161946,6.274493927125505,3.203361344537813
257,2014-12-14,7.1251028806584396,0.9153284671532848,11.560580912863076,9.30248962655601,7.0460580912863096,2.4317596566523605
258,2014-12-15,3.349387755102042,3.055797101449275,12.014574898785428,8.897570850202435,5.773279352226722,2.5371308016877636
259,2014-12-16,1.459756097560975,2.7064748201438857,13.215261044176717,9.742971887550206,6.272289156626504,3.389958158995815
260,2014-12-17,0.5276422764227642,3.778985507246376,13.904878048780489,10.12113821138211,6.330487804878044,2.987029288702931
261,2014-12-18,0.033603238866396754,4.7700729927007295,14.911600000000002,10.4888,6.062399999999999,2.0075000000000025
262,2014-12-19,0.05870445344129551,4.912949640287771,14.1241935483871,9.704838709677418,5.2838709677419375,1.812083333333335
263,2014-12-20,0.35483870967741926,4.301438848920863,13.716800000000006,9.369599999999993,5.024399999999999,1.9449579831932784
264,2014-12-21,0.012244897959183676,5.920437956204382,14.401204819277106,9.458232931726915,4.512048192771088,2.0029535864978913
265,2014-12-22,0.06311475409836066,6.24779411764706,13.616666666666672,8.778455284552846,3.937804878048782,2.1435897435897453
266,2014-12-23,0.05081967213114754,5.579411764705882,13.08048780487804,8.136991869918695,3.1902439024390232,1.842735042735044
267,2014-12-24,0.08565573770491804,4.854814814814817,12.609716599190284,7.891093117408906,3.17408906882591,1.671244635193133
268,2014-12-25,0.47078189300411527,4.6970370370370365,12.868421052631588,8.161133603238866,3.4603238866396757,2.009565217391305
269,2014-12-26,0.4139917695473252,5.66148148148148,13.400813008130084,8.643495934959347,3.882926829268291,2.0769565217391315
270,2014-12-27,4.433884297520664,3.4948148148148155,12.591935483870966,8.406048387096773,4.220967741935485,3.3991416309012874
271,2014-12-28,1.51694214876033,3.566911764705882,12.020731707317067,7.869105691056906,3.707317073170732,4.506060606060608
272,2014-12-29,0.1111111111111111,7.259558823529411,9.502049180327868,5.114344262295087,0.7307377049180326,3.700431034482758
273,2014-12-30,0.028270042194092827,7.236496350364962,10.588888888888887,4.871604938271603,-0.8456790123456784,2.57965367965368
274,2014-12-31,0.011063829787234044,7.4970802919708035,13.197907949790793,6.4380753138075315,-0.31631799163179936,2.357333333333333
275,2015-01-01,0.000819672131147541,7.339130434782604,13.725925925925925,7.211934156378603,0.7028806584362145,2.0026086956521745
276,2015-01-02,0.0073469387755102054,6.596350364963503,14.40655737704918,7.808196721311472,1.2110655737704918,1.7392241379310347
277,2015-01-03,0.015226337448559672,7.488970588235291,16.04734693877551,9.152653061224486,2.25469387755102,2.0612068965517256
278,2015-01-04,0.02839506172839506,7.037037037037038,16.197530864197535,9.796694214876034,3.414876033057852,2.034632034632035
279,2015-01-05,0.008298755186721993,6.90148148148148,14.69303278688525,8.607818930041153,2.524279835390945,1.6126637554585161
280,2015-01-06,0.04090909090909091,5.003676470588234,12.180578512396698,7.209504132231405,2.2318181818181806,1.6900432900432902
281,2015-01-07,0.13057851239669424,5.4395522388059705,12.195397489539753,7.053974895397488,1.9096234309623432,1.7004424778761078
282,2015-01-08,0.03458333333333333,5.452592592592595,12.769166666666669,7.372500000000002,1.9675000000000014,2.116228070175441
283,2015-01-09,0.17219917012448138,6.83925925925926,15.442857142857145,9.031932773109244,2.6306722689075617,2.1655021834061143
284,2015-01-10,0.43858921161825726,6.544852941176472,16.37355371900826,9.688842975206612,3.0078512396694217,1.9562770562770566
285,2015-01-11,0.21999999999999992,5.64148148148148,15.396666666666674,9.313333333333334,3.235000000000001,2.4207792207792207
286,2015-01-12,0.10619834710743802,6.211194029850747,14.839834024896259,8.886721991701242,2.932780082987551,2.364377682403434
287,2015-01-13,0.8358333333333332,5.244117647058824,15.063114754098361,9.752459016393438,4.431967213114755,2.6610389610389613
288,2015-01-14,0.27066115702479343,5.450000000000001,14.376954732510292,9.437448559670779,4.491358024691355,2.3813852813852807
289,2015-01-15,6.841666666666665,3.908759124087591,14.077083333333341,9.418750000000008,4.764583333333334,3.864502164502167
290,2015-01-16,2.3225,3.4304347826086943,11.030737704918034,7.408606557377053,3.780737704918033,3.9395652173913045
291,2015-01-17,2.2134453781512597,6.29185185185185,10.274590163934432,5.766803278688523,1.2569672131147536,2.7428571428571438
292,2015-01-18,8.453974895397481,1.6362318840579706,8.720247933884295,5.330991735537189,1.9404958677685953,3.034913793103448
293,2015-01-19,2.6016666666666675,3.4395683453237416,8.756431535269707,5.789211618257258,2.8232365145228218,3.8864864864864863
294,2015-01-20,4.344628099173555,2.714598540145986,8.49958847736625,5.132098765432099,1.7629629629629626,2.510917030567687
295,2015-01-21,4.161157024793388,3.4035971223021577,9.21024590163934,5.612704918032787,2.012295081967213,3.803056768558953
296,2015-01-22,1.7146938775510205,4.0778571428571455,9.723387096774188,6.430241935483869,3.1370967741935494,3.935064935064934
297,2015-01-23,0.13170731707317077,6.5192592592592575,11.035222672064782,6.706072874493924,2.3732793522267204,3.0458874458874443
298,2015-01-24,0.3065306122448979,6.537410071942445,12.281451612903224,6.915322580645165,1.5479838709677423,3.1296137339055785
299,2015-01-25,0.031967213114754096,7.2700729927007295,13.016460905349787,7.929629629629629,2.8444444444444423,3.5437229437229414
300,2015-01-26,0.35761316872427973,6.238970588235293,12.89877551020408,7.516734693877553,2.1395918367346947,2.4633620689655187
301,2015-01-27,0.2516260162601627,5.987681159420287,13.557551020408164,8.5469387755102,3.540000000000001,2.9717948717948737
302,2015-01-28,0.23750000000000004,5.894202898550724,13.48995983935743,8.539357429718873,3.5891566265060253,2.675630252100841
303,2015-01-29,4.835887096774194,3.626618705035973,14.15,9.464400000000003,4.778800000000003,4.639148936170214
304,2015-01-30,15.357377049180327,2.1830882352941168,14.427419354838705,11.787903225806451,9.149596774193558,6.235344827586212
305,2015-01-31,4.6020920502092055,4.2600000000000025,11.97314049586777,8.15826446280992,4.34545454545454,6.080616740088103
306,2015-02-01,3.236475409836066,5.477205882352941,9.388381742738593,6.139419087136927,2.8896265560165952,4.734497816593888
307,2015-02-02,5.066804979253114,2.2022058823529416,9.807851239669423,6.54090909090909,3.27272727272727,3.5678111587982824
308,2015-02-03,5.100000000000001,3.1240875912408756,10.085245901639347,7.008196721311475,3.9270491803278706,4.5419213973799115
309,2015-02-04,2.9204918032786886,4.37007299270073,7.180487804878057,4.300406504065042,1.4166666666666676,4.735526315789474
310,2015-02-05,1.809543568464731,5.703597122302159,7.730705394190874,4.212863070539421,0.6954356846473037,4.647999999999998
311,2015-02-06,1.058775510204082,4.50791366906475,7.125101214574897,3.382186234817815,-0.34534412955465593,3.12
312,2015-02-07,0.520816326530612,2.756115107913669,7.259919028340082,3.604453441295546,-0.053441295546558805,2.134913793103449
313,2015-02-08,0.36748971193415636,6.623913043478263,9.614227642276417,4.728048780487805,-0.14959349593495927,3.1805194805194796
314,2015-02-09,0.3184426229508197,7.74202898550725,11.521810699588473,5.89917355371901,0.2938016528925619,3.3804347826086945
315,2015-02-10,0.20822510822510829,5.897101449275361,12.002164502164495,6.631601731601733,1.266233766233766,2.58284518828452
316,2015-02-11,0.9089795918367349,3.64748201438849,12.385829959514165,7.580081300813006,2.7983739837398374,1.9432203389830531
317,2015-02-12,1.0914634146341464,3.1058394160583935,12.098790322580637,8.12226720647773,4.1388663967611325,1.8278481012658236
318,2015-02-13,0.7979591836734691,5.117391304347829,13.561788617886181,8.70894308943089,3.8487804878048792,3.2114893617021254
319,2015-02-14,4.316666666666666,2.273722627737227,12.81920000000001,9.538400000000003,6.2576,4.044491525423728
320,2015-02-15,1.8785425101214577,3.416911764705883,13.925301204819288,10.621285140562254,7.317269076305223,3.9212765957446805
321,2015-02-16,3.901214574898785,3.775555555555555,13.288800000000002,9.554800000000006,5.824800000000002,3.455128205128202
322,2015-02-17,2.052226720647774,3.9303030303030297,11.535341365461848,8.432128514056226,5.32008032128514,5.214893617021277
323,2015-02-18,0.13024193548387095,5.6467153284671525,12.316532258064521,8.071255060728745,3.8356275303643717,3.8235294117647047
324,2015-02-19,0.20079999999999998,7.339416058394166,13.806000000000008,8.375502008032125,2.936546184738954,2.8809322033898295
325,2015-02-20,3.836842105263157,4.596350364963504,13.110400000000004,8.237200000000001,3.359600000000003,2.8819327731092432
326,2015-02-21,2.8766393442622964,4.343795620437956,12.391967871485944,8.549397590361448,4.706425702811244,4.490170940170942
327,2015-02-22,0.9524793388429751,6.285507246376812,13.39271255060728,8.763562753036444,4.131983805668018,4.11048034934498
328,2015-02-23,3.6259259259259244,4.021739130434782,14.897975708502035,10.21052631578947,5.520647773279353,4.674358974358973
329,2015-02-24,3.499193548387097,5.662500000000001,11.975298804780873,8.366000000000001,4.800399999999998,5.255084745762711
330,2015-02-25,3.1661290322580666,4.845985401459855,13.800398406374502,9.463346613545824,5.131075697211154,5.13220338983051
331,2015-02-26,2.5825910931174083,4.791240875912409,15.705241935483867,11.76250000000001,7.816532258064514,3.913793103448279
332,2015-02-27,0.8245967741935482,7.421323529411764,14.2504,10.107200000000006,5.959600000000004,4.372649572649571
333,2015-02-28,0.8947368421052633,5.4613138686131375,15.471370967741931,10.243951612903228,5.009274193548389,3.197008547008547
334,2015-03-01,1.3873469387755102,5.375735294117647,17.93428571428572,13.184897959183681,8.428163265306118,3.1740425531914904
335,2015-03-02,1.6353658536585376,5.2992647058823525,18.722540983606553,13.994672131147547,9.270081967213114,2.6716738197424887
336,2015-03-03,2.1360655737704923,5.648175182481752,18.082448979591835,13.258775510204073,8.428163265306125,2.205982905982906
337,2015-03-04,1.0848360655737705,7.307142857142856,15.416599190283408,10.631174089068828,5.8526315789473635,3.833333333333336
338,2015-03-05,0.006827309236947791,9.797810218978105,14.801599999999995,9.1244,3.4432000000000027,4.214767932489448
339,2015-03-06,0.0,10.380740740740736,18.07620967741935,10.418548387096783,2.7576612903225826,2.711914893617023
340,2015-03-07,0.0,9.925735294117649,20.792063492063484,12.306349206349195,3.8166666666666647,2.108403361344537
341,2015-03-08,0.0,8.979562043795617,19.71349206349206,12.245634920634924,4.7769841269841224,2.4828451882845157
342,2015-03-09,0.0012000000000000001,9.571014492753624,19.693625498007954,12.413545816733064,5.127490039840637,2.159583333333332
343,2015-03-10,0.0012000000000000001,9.78705035971223,20.389558232931723,12.789558232931721,5.191164658634534,2.0345833333333316
344,2015-03-11,0.004780876494023905,8.827536231884059,20.737599999999997,13.342799999999997,5.940399999999998,2.0041841004184087
345,2015-03-12,0.4935742971887551,8.706569343065693,20.252845528455286,13.239837398373988,6.230894308943085,2.4703389830508473
346,2015-03-13,0.9768924302788844,7.797777777777775,16.13198380566801,11.030769230769234,5.924696356275307,3.5696202531645556
347,2015-03-14,2.1403225806451607,6.585074626865675,13.214400000000001,8.676800000000007,4.1324,3.449576271186442
348,2015-03-15,0.6991967871485943,5.606666666666667,12.277689243027893,7.674501992031869,3.0780876494023905,2.689873417721519
349,2015-03-16,0.1910931174089069,8.944029850746276,14.302834008097175,8.401214574898788,2.5016194331983814,2.3276595744680826
350,2015-03-17,2.997188755020081,5.637500000000002,14.886585365853657,9.408536585365852,3.9247967479674792,3.288135593220341
351,2015-03-18,3.2670682730923706,2.093430656934307,12.629718875502007,9.517269076305222,6.404417670682734,3.2949579831932794
352,2015-03-19,2.5215447154471553,2.2919354838709673,14.367346938775515,11.033469387755103,7.699591836734694,3.8829787234042556
353,2015-03-20,6.636363636363637,2.2969696969696973,13.707883817427392,10.726556016597508,7.73983402489627,4.449356223175964
354,2015-03-21,5.975,2.384426229508197,13.292916666666674,10.277500000000002,7.273749999999999,2.894420600858369
355,2015-03-22,6.108906882591092,2.7007692307692306,13.07663934426229,9.92921810699588,6.792592592592592,3.291489361702127
356,2015-03-23,9.774380165289255,2.293893129770992,12.230290456431533,9.065560165975098,5.904979253112033,2.964529914529914
357,2015-03-24,5.487190082644631,2.4669172932330827,12.297107438016514,9.061570247933888,5.824793388429753,3.896460176991153
358,2015-03-25,1.278137651821862,6.56691729323308,11.79224489795918,7.971836734693882,4.152653061224491,4.928070175438591
359,2015-03-26,1.902283105022831,4.627407407407408,14.570305676855906,9.342794759825324,4.113973799126637,3.959051724137928
360,2015-03-27,0.5906666666666667,7.6574626865671656,18.974660633484163,13.708597285067869,8.44072398190045,3.5113300492610837
361,2015-03-28,0.0814516129032258,9.390977443609023,21.551821862348167,15.215384615384611,8.872874493927123,3.049130434782609
362,2015-03-29,0.01336032388663968,8.5609022556391,21.278225806451612,14.995161290322578,8.705645161290319,3.0995689655172423
363,2015-03-30,0.046799999999999994,8.692592592592591,22.921686746987948,16.469477911646592,10.018072289156633,3.4379310344827587
364,2015-03-31,0.10159362549800799,10.114705882352938,23.20362903225806,16.619758064516144,10.035080645161283,2.959482758620689
365,2015-04-01,0.005220883534136547,10.202941176470588,20.25465587044534,14.323481781376529,8.38947368421053,3.349568965517241
366,2015-04-02,0.0,10.515555555555556,21.19641434262947,13.994820717131473,6.79641434262948,2.697863247863247
367,2015-04-03,0.09444444444444446,9.250364963503651,21.22155172413792,14.278448275862067,7.3392241379310335,2.448198198198197
368,2015-04-04,0.10242914979757087,8.688148148148152,19.179032258064506,13.713306451612896,8.253225806451615,3.112500000000002
369,2015-04-05,0.2477732793522268,9.569852941176475,20.03522267206479,13.780566801619425,7.537651821862349,3.184782608695652
370,2015-04-06,0.26680161943319847,8.026470588235293,18.473577235772364,13.177642276422768,7.8910569105691,3.423809523809523
371,2015-04-07,0.12983870967741934,9.060583941605836,18.02631578947367,12.624696356275312,7.221862348178138,4.100434782608696
372,2015-04-08,1.511836734693877,8.17573529411765,17.63536585365854,12.432113821138211,7.22682926829268,3.941630901287551
373,2015-04-09,2.8476190476190477,4.120289855072461,15.952399999999999,11.908399999999997,7.866399999999999,2.926694915254234
374,2015-04-10,1.1686507936507944,5.945588235294117,17.729921259842502,13.091732283464566,8.449606299212602,2.6252100840336126
375,2015-04-11,1.3876494023904375,6.094160583941606,18.29404761904761,13.24444444444444,8.19404761904762,2.3983263598326343
376,2015-04-12,0.07936507936507936,9.047407407407409,20.412648221343893,14.400395256917003,8.391699604743089,3.1983193277310917
377,2015-04-13,0.0742063492063492,10.053333333333333,22.196850393700775,15.829527559055126,9.467716535433071,3.554811715481175
378,2015-04-14,0.3224,7.4138686131386855,23.33480000000001,16.771599999999996,10.206,3.661702127659575
379,2015-04-15,4.093548387096775,2.946376811594202,19.12782258064517,14.815322580645162,10.50604838709677,2.9119148936170207
380,2015-04-16,1.9011999999999998,4.4014598540146,18.181746031746037,14.247222222222215,10.316666666666674,2.7112499999999993
381,2015-04-17,1.488888888888889,7.16444444444444,19.670119521912337,14.678486055776894,9.683266932270925,2.3970588235294117
382,2015-04-18,2.307142857142858,8.002222222222224,19.0920634920635,13.947222222222226,8.805158730158734,3.0222689075630256
383,2015-04-19,0.32811244979919685,8.64379562043795,18.537051792828677,13.220717131474101,7.90119521912351,2.9789029535864993
384,2015-04-20,0.011507936507936509,10.887499999999998,20.626693227091636,13.931474103585648,7.235458167330678,2.5618644067796605
385,2015-04-21,0.26947791164658635,9.154074074074071,21.565737051792834,15.462948207171324,9.358167330677292,3.612340425531915
386,2015-04-22,1.4195121951219511,6.645925925925922,20.436991869918693,15.435365853658535,10.436178861788623,2.9543103448275865
387,2015-04-23,0.16829268292682925,10.558088235294118,21.984489795918357,15.299591836734692,8.61469387755102,2.2201716738197423
388,2015-04-24,0.8381526104417669,4.974264705882355,20.857831325301206,15.38273092369478,9.905622489959843,2.461206896551723
389,2015-04-25,4.353225806451612,4.079562043795622,20.058064516129043,15.825403225806447,11.601209677419355,2.8606837606837607
390,2015-04-26,9.033333333333339,4.238970588235294,18.694715447154465,14.74634146341463,10.794308943089435,3.3369098712446337
391,2015-04-27,1.4702811244979923,5.932352941176469,17.82793522267206,13.861133603238866,9.894331983805671,4.269827586206898
392,2015-04-28,0.29280000000000006,9.33021582733813,19.2629482071713,13.856573705179285,8.449800796812745,2.785531914893617
393,2015-04-29,0.13679999999999995,8.816541353383464,19.818399999999997,14.44359999999999,9.073600000000003,2.821186440677966
394,2015-04-30,1.7300395256916994,8.79851851851852,22.007661290322588,15.802822580645161,9.59475806451613,2.934893617021278
395,2015-05-01,0.7410358565737051,5.454074074074072,22.77773279352226,17.637651821862345,12.495141700404856,3.0898305084745754
396,2015-05-02,1.4196,7.321052631578945,25.43319672131149,19.556967213114742,13.678688524590171,3.1396551724137898
397,2015-05-03,1.9043999999999999,4.715151515151514,24.424481327800827,19.359336099585065,14.29170124481329,2.540948275862068
398,2015-05-04,2.431854838709678,4.073529411764705,24.504958677685966,19.403305785123987,14.303719008264457,3.884347826086957
399,2015-05-05,0.2582329317269077,7.015671641791048,21.3704918032787,16.63057851239668,11.880165289256187,3.1952173913043476
400,2015-05-06,0.04919354838709676,11.29333333333333,22.19132231404957,15.722314049586778,9.25413223140496,2.360775862068965
401,2015-05-07,0.7314741035856575,11.015789473684212,25.339024390243907,17.766666666666676,10.195528455284553,3.124137931034482
402,2015-05-08,0.0496,9.99172932330827,23.77773279352225,18.07692307692308,12.371774193548381,3.6495689655172425
403,2015-05-09,0.0035856573705179283,11.157462686567172,25.715853658536584,18.713414634146346,11.709756097560982,2.3969827586206907
404,2015-05-10,0.0015810276679841897,11.47985074626866,27.63495934959352,20.355691056910565,13.079674796747971,2.8649350649350653
405,2015-05-11,0.0003952569169960474,11.212592592592591,28.069387755102046,20.632786885245906,13.201639344262286,2.593073593073593
406,2015-05-12,0.00039840637450199205,11.131386861313874,29.407287449392726,21.35344129554655,13.302834008097165,2.606722689075628
407,2015-05-13,0.07007874015748032,8.93795620437956,30.502822580645155,22.862499999999997,15.225806451612902,3.082700421940929
408,2015-05-14,0.5214285714285714,8.71333333333333,28.16951219512194,20.92276422764228,13.672357723577242,4.197854077253221
409,2015-05-15,0.7543650793650795,10.230882352941174,22.186585365853663,16.66910569105691,11.151219512195123,4.6248945147679335
410,2015-05-16,0.10952380952380952,11.067669172932321,24.121774193548365,17.526209677419363,10.930241935483876,4.0136752136752145
411,2015-05-17,0.022222222222222223,11.705147058823528,25.611740890688257,18.534817813765187,11.461133603238867,3.3371794871794878
412,2015-05-18,0.6424000000000002,10.609489051094894,25.960800000000003,18.82839999999999,11.694,3.105957446808511
413,2015-05-19,2.7458167330677306,6.44705882352941,20.645967741935483,15.860483870967737,11.098393574297196,4.228632478632481
414,2015-05-20,1.1000000000000003,8.166423357664232,19.446122448979587,14.462448979591832,9.463008130081304,4.0450216450216425
415,2015-05-21,0.09036144578313253,10.727536231884057,20.12653061224489,14.670901639344256,9.22704918032787,4.022457627118643
416,2015-05-22,0.01850393700787402,11.326470588235294,20.8828,14.876800000000012,8.869599999999995,3.9807531380753156
417,2015-05-23,0.2642857142857143,10.91703703703704,22.030158730158746,15.739285714285716,9.443873517786558,3.728870292887029
418,2015-05-24,0.19251968503937014,7.19044117647059,21.720800000000008,16.410000000000007,11.1012,3.347478991596637
419,2015-05-25,0.17154150197628465,8.686956521739132,23.11044176706827,17.39477911646586,11.671887550200804,3.26050420168067
420,2015-05-26,0.0108,10.949635036496348,24.020731707317072,17.77073170731707,11.51707317073171,3.664935064935065
421,2015-05-27,0.0028225806451612906,12.056934306569344,25.26530612244898,18.454285714285717,11.63739837398374,3.1605150214592284
422,2015-05-28,0.026086956521739132,11.766666666666667,26.417338709677413,19.2899193548387,12.165322580645157,3.0403433476394843
423,2015-05-29,0.5595238095238095,9.371739130434781,25.02329317269077,19.065060240963852,13.098393574297186,3.1618644067796584
424,2015-05-30,0.7698795180722893,10.874626865671642,25.300813008130074,18.81788617886178,12.333333333333337,2.8458874458874464
425,2015-05-31,0.4064516129032259,9.841911764705884,25.979268292682928,19.328048780487812,12.673577235772363,2.607659574468084
426,2015-06-01,0.4875502008032128,9.255147058823528,25.97024793388429,19.953719008264457,13.931404958677689,2.732900432900431
427,2015-06-02,0.023293172690763052,11.320437956204374,27.676829268292682,20.747154471544704,13.821544715447152,2.76153846153846
428,2015-06-03,0.1325301204819277,9.79699248120301,28.41646090534982,21.815637860082298,15.216872427983526,3.0098712446351947
429,2015-06-04,0.40120000000000006,10.953676470588238,29.172653061224477,22.387704918032778,15.586475409836057,3.0529914529914564
430,2015-06-05,0.5376984126984128,9.817518248175178,28.283467741935485,21.63225806451612,14.98467741935483,3.0436440677966137
431,2015-06-06,0.13253968253968257,9.094852941176468,28.087148594377506,21.616064257028107,15.14859437751004,3.0784810126582274
432,2015-06-07,0.1952,10.152554744525547,29.146963562753037,22.338056680161944,15.527530364372469,2.946835443037976
433,2015-06-08,0.234,10.015037593984966,29.03654618473896,22.458634538152616,15.882329317269074,2.848936170212768
434,2015-06-09,3.494331983805668,7.631386861313868,27.281451612903247,21.3508064516129,15.412499999999996,2.9855932203389846
435,2015-06-10,6.0831967213114755,6.046666666666669,24.18906882591096,19.69878542510122,15.210931174089069,2.9605150214592264
436,2015-06-11,3.6545081967213116,4.417910447761195,23.069547325102874,18.858024691358025,14.648971193415639,3.0686956521739113
437,2015-06-12,1.3832653061224485,7.035820895522389,23.014516129032256,18.317741935483884,13.616935483870966,3.0514893617021257
438,2015-06-13,3.6955102040816334,6.131617647058824,22.152439024390247,17.663414634146342,13.168292682926825,3.140425531914894
439,2015-06-14,3.102868852459017,6.8627737226277405,22.06188524590164,17.26229508196722,12.461885245901641,2.996137339055795
440,2015-06-15,3.138934426229508,6.638518518518515,21.738333333333333,17.2125,12.686666666666667,3.0905172413793105
441,2015-06-16,1.1291497975708504,9.452173913043477,23.50456431535269,17.84041666666667,12.184999999999997,2.997435897435898
442,2015-06-17,0.006451612903225806,12.032592592592597,25.408677685950412,19.10578512396696,12.807024793388441,3.352136752136755
443,2015-06-18,0.0248,12.657777777777776,27.168292682926825,20.43591836734693,13.705714285714286,3.1409282700421963
444,2015-06-19,0.10404858299595142,11.75925925925926,27.8326530612245,21.184081632653033,14.537959183673465,2.972881355932204
445,2015-06-20,0.0,13.077037037037039,29.165163934426243,21.931557377049174,14.704508196721315,2.761181434599158
446,2015-06-21,0.02439024390243903,12.394029850746266,29.93632653061225,22.74204081632653,15.548571428571432,2.6406779661016935
447,2015-06-22,1.0368852459016389,9.53759398496241,29.364897959183676,23.008163265306116,16.648979591836728,2.9723404255319146
448,2015-06-23,1.374074074074074,8.400740740740742,27.116182572614125,21.44374999999999,15.772083333333338,3.2629787234042555
449,2015-06-24,0.17438016528925618,11.479411764705885,27.394166666666653,21.022500000000004,14.647500000000004,2.6467532467532475
450,2015-06-25,0.001619433198380567,12.191044776119403,29.40539419087137,22.369294605809127,15.342738589211622,2.4205128205128204
451,2015-06-26,0.008906882591093119,11.663703703703709,30.940816326530612,23.783673469387754,16.624489795918368,2.7114893617021285
452,2015-06-27,0.0008032128514056225,12.60962962962962,32.0600806451613,24.697580645161302,17.33225806451612,2.6130801687763716
453,2015-06-28,0.002008032128514056,11.56176470588235,32.89591836734696,25.439591836734692,17.983673469387753,2.5034042553191482
454,2015-06-29,0.000823045267489712,12.109701492537312,33.634033613445375,26.129831932773083,18.637815126050423,2.911353711790392
455,2015-06-30,0.015384615384615387,12.002962962962966,32.85622489959839,25.986746987951804,19.10963855421688,3.387815126050422
456,2015-07-01,0.41304347826086973,9.902919708029197,30.946184738955804,24.781124497991982,18.614056224899592,3.2915966386554616
457,2015-07-02,0.038589211618257256,9.366176470588238,29.57075098814229,23.94229249011856,18.317391304347833,3.055833333333334
458,2015-07-03,0.10131004366812228,11.73037037037038,32.21346938775509,25.213469387755094,18.215510204081625,3.7497890295358656
459,2015-07-04,0.07621145374449341,10.949253731343278,32.51300448430493,25.474439461883396,18.44663677130044,2.969999999999998
460,2015-07-05,0.023904382470119518,10.473333333333336,32.39319999999999,25.76159999999999,19.129199999999997,3.0076271186440677
461,2015-07-06,0.00756972111553785,12.151851851851848,34.249600000000015,26.6156,18.97880000000001,3.045762711864408
462,2015-07-07,0.2176706827309237,11.231851851851845,34.37459677419355,26.906048387096767,19.43185483870968,2.9716101694915267
463,2015-07-08,0.02510460251046025,11.11111111111111,31.826829268292684,25.28048780487805,18.738617886178865,3.1822033898305087
464,2015-07-09,0.0024,12.181617647058818,32.107438016528924,24.917768595041313,17.734710743801653,3.2793248945147693
465,2015-07-10,0.00992063492063492,12.339416058394164,32.300000000000004,24.9621513944223,17.62788844621514,3.4275000000000007
466,2015-07-11,0.015810276679841896,11.148175182481753,30.715873015873015,24.23888888888888,17.76547619047618,3.015767634854771
467,2015-07-12,0.0007936507936507937,11.497058823529409,31.688047808764942,24.805179282868544,17.919123505976103,2.8748953974895386
468,2015-07-13,0.0003968253968253968,12.45735294117647,32.655421686747,25.331325301204817,18.010040160642582,2.8038135593220317
469,2015-07-14,0.0027667984189723317,12.176119402985078,33.28875502008035,26.005622489959855,18.717269076305204,2.8413502109704636
470,2015-07-15,0.028458498023715414,10.780740740740741,33.719199999999994,26.517600000000016,19.319599999999994,2.7113445378151253
471,2015-07-16,0.19446640316205532,10.205839416058394,33.22760000000001,26.430399999999988,19.633199999999995,2.7663865546218505
472,2015-07-17,0.8595238095238092,8.758518518518517,32.512903225806454,26.033467741935485,19.559274193548372,2.614345991561179
473,2015-07-18,0.6984126984126986,9.34485294117647,31.27091633466135,25.250199203187247,19.232669322709153,3.2037656903765703
474,2015-07-19,0.08007968127490041,10.442857142857143,31.49563492063492,25.08293650793651,18.672619047619044,2.8924686192468605
475,2015-07-20,0.03346456692913386,11.198518518518524,32.72539682539681,26.128174603174614,19.532142857142855,2.5820833333333324
476,2015-07-21,2.7442231075697205,9.366417910447764,32.31760000000003,26.322399999999988,20.327600000000018,2.880672268907563
477,2015-07-22,1.0313008130081298,10.026277372262772,31.28273092369476,25.38273092369477,19.48313253012048,3.0408510638297876
478,2015-07-23,0.18795180722891566,11.839999999999998,32.10766129032257,25.463709677419352,18.818145161290317,2.962025316455698
479,2015-07-24,0.482520325203252,10.03777777777778,31.05341365461846,24.84979919678714,18.65180722891567,3.751072961373389
480,2015-07-25,0.03886639676113361,11.22089552238806,29.29878542510123,23.382591093117394,17.462348178137642,3.278017241379312
481,2015-07-26,0.11387755102040817,11.091044776119404,31.825102880658456,24.56337448559672,17.29794238683127,3.1085470085470113
482,2015-07-27,0.07520325203252033,10.964885496183207,31.395491803278695,25.201229508196725,19.00737704918034,3.313135593220341
483,2015-07-28,0.4210526315789473,11.04485294117647,32.01788617886181,25.317886178861798,18.619918699186993,3.0412765957446806
484,2015-07-29,1.3315573770491804,8.889705882352942,30.851219512195136,25.01422764227642,19.169105691056917,3.188461538461539
485,2015-07-30,3.778600823045269,7.302272727272727,28.091393442622955,23.36598360655737,18.634016393442636,3.5384615384615365
486,2015-07-31,3.718257261410788,6.418796992481207,27.135655737704916,22.31721311475411,17.501639344262294,3.5253218884120154
487,2015-08-01,0.03413654618473896,10.943511450381683,28.156557377049182,21.978189300411522,15.801646090534977,2.794420600858368
488,2015-08-02,0.0008097165991902835,11.844696969696969,31.544129554655868,24.43577235772356,17.329268292682922,3.042735042735045
489,2015-08-03,1.1048582995951417,9.449999999999998,31.575409836065568,25.186065573770495,18.795491803278683,3.0353448275862065
490,2015-08-04,0.08634538152610442,10.487407407407408,30.4395061728395,24.49670781893004,18.55720164609053,2.6025974025974024
491,2015-08-05,0.03211382113821138,11.172180451127815,32.09132231404959,25.22685950413223,18.362396694214862,2.959071729957806
492,2015-08-06,0.20894308943089446,9.641791044776118,32.390204081632646,25.50532786885245,18.641393442622952,2.6354700854700837
493,2015-08-07,1.055691056910569,8.00518518518519,31.13699186991871,25.202845528455278,19.268292682926827,2.9214285714285717
494,2015-08-08,1.9336065573770491,5.80151515151515,28.006147540983594,23.05860655737704,18.111475409836068,3.132051282051283
495,2015-08-09,0.14732510288065845,8.899236641221375,29.29057377049181,23.299590163934436,17.308606557377036,3.0262931034482765
496,2015-08-10,0.29392712550607286,9.905147058823527,31.98536585365854,24.907346938775515,17.83428571428571,2.647881355932203
497,2015-08-11,0.22154471544715446,8.78161764705882,31.14122448979593,25.244489795918348,19.34326530612245,2.844491525423728
498,2015-08-12,1.942914979757084,8.216788321167884,31.30121951219514,25.11138211382113,18.92195121951219,2.9350210970464152
499,2015-08-13,1.8183673469387756,7.923913043478268,27.75748987854251,22.841700404858305,17.925910931174087,4.168776371308018
500,2015-08-14,1.606882591093117,7.54191176470588,25.696774193548396,20.816129032258058,15.931451612903217,3.582845188284517
501,2015-08-15,1.2178861788617878,6.818978102189783,25.367999999999984,20.554799999999997,15.7436,2.9234309623430934
502,2015-08-16,0.24032258064516138,7.464963503649635,26.9383064516129,21.136290322580642,15.331048387096779,2.7751054852320687
503,2015-08-17,1.2217741935483872,8.743382352941172,27.584677419354822,22.4383064516129,17.29959677419356,2.815899581589956
504,2015-08-18,0.6927419354838709,9.536296296296298,27.36113360323887,21.88744939271255,16.411336032388657,2.683122362869197
505,2015-08-19,0.21710526315789472,10.757352941176473,28.81939655172414,22.38362068965518,15.949568965517226,2.4689655172413785
506,2015-08-20,0.010843373493975902,11.119117647058824,31.075210084033596,24.13445378151262,17.188655462184865,2.5414225941422606
507,2015-08-21,1.741803278688525,9.009774436090225,31.128571428571405,24.802448979591848,18.473877551020415,2.785714285714286
508,2015-08-22,3.148979591836734,7.839097744360905,28.379268292682916,23.187398373983747,17.98577235772358,3.267088607594938
509,2015-08-23,0.8959349593495931,8.703759398496235,26.060569105691055,21.347967479674786,16.63048780487804,4.421610169491525
510,2015-08-24,0.07836734693877549,9.564705882352941,25.2865306122449,20.264489795918355,15.244081632653065,3.734322033898304
511,2015-08-25,0.07004048582995952,11.203649635036498,28.445344129554638,21.345344129554647,14.250202429149793,2.6029411764705888
512,2015-08-26,1.0724696356275303,9.55259259259259,29.455870445344146,23.037246963562747,16.628744939271254,3.297899159663865
513,2015-08-27,1.303225806451613,9.650364963503648,30.17276422764226,23.892682926829274,17.613414634146338,3.4172268907563037
514,2015-08-28,0.13172690763052208,10.520437956204379,31.303643724696357,24.474898785425093,17.64696356275303,2.6037656903765702
515,2015-08-29,0.08620689655172412,9.816296296296294,31.811290322580632,25.4149193548387,19.025000000000006,2.927426160337552
516,2015-08-30,1.8204918032786888,8.658518518518518,31.693360995850625,25.6473029045643,19.597095435684654,2.9674999999999985
517,2015-08-31,4.145000000000002,5.660869565217394,28.5438524590164,23.649999999999974,18.75614754098359,2.6567796610169503
518,2015-09-01,1.5112033195020758,7.76204379562044,26.98298755186724,21.96597510373443,16.946887966804976,2.8086206896551715
519,2015-09-02,3.4704918032786893,7.602898550724636,26.10164609053499,21.161728395061726,16.216049382716054,2.8438297872340446
520,2015-09-03,1.6093495934959348,6.976470588235294,24.202074688796678,19.84564315352696,15.492116182572607,3.1731914893616993
521,2015-09-04,2.7163265306122453,6.088970588235293,23.37398373983741,18.898373983739845,14.42764227642277,3.0289361702127646
522,2015-09-05,2.654320987654322,7.426666666666668,24.12122448979593,18.76285714285714,13.404489795918364,2.6745762711864396
523,2015-09-06,1.7259259259259252,8.017647058823528,24.902868852459015,19.291803278688523,13.687704918032772,2.3907172995780597
524,2015-09-07,3.6851851851851856,7.57426470588235,24.897107438016562,19.590082644628094,14.280991735537201,2.3735042735042726
525,2015-09-08,0.6909465020576132,9.340000000000005,25.92024793388429,19.693360995850615,13.46473029045643,2.079574468085105
526,2015-09-09,0.12975206611570242,7.668181818181818,26.43791666666668,20.164853556485358,13.902928870292884,2.4004291845493566
527,2015-09-10,1.1575510204081634,7.66402877697842,25.866115702479345,20.786776859504137,15.709504132231402,2.457264957264956
528,2015-09-11,0.5439024390243902,8.897810218978105,27.216460905349784,21.03127572016461,14.848559670781889,2.5759493670886076
529,2015-09-12,1.0110655737704912,5.230656934306572,25.73061224489796,21.15102040816327,16.571428571428573,2.6427966101694893
530,2015-09-13,1.3073170731707309,6.321739130434781,24.55384615384615,19.972874493927122,15.387449392712545,3.498739495798321
531,2015-09-14,1.1939024390243902,7.594964028776982,23.732388663967612,19.036437246963562,14.342510121457499,3.048117154811715
532,2015-09-15,6.407377049180329,4.480434782608693,22.87479674796748,18.282113821138207,13.689837398373989,3.8282700421940934
533,2015-09-16,3.393902439024392,5.979999999999998,24.085020242914972,19.55425101214576,15.02712550607288,5.361965811965813
534,2015-09-17,0.7632653061224486,8.14565217391304,22.19512195121951,17.47804878048781,12.75650406504065,3.0453389830508466
535,2015-09-18,0.20813008130081312,9.317391304347828,23.568825910931164,17.305263157894743,11.041700404858311,2.3382352941176454
536,2015-09-19,0.07336065573770494,9.708029197080291,25.1927125506073,18.726315789473677,12.265587044534405,2.461410788381743
537,2015-09-20,0.006584362139917697,10.359124087591242,26.59878048780489,19.626422764227634,12.652439024390251,2.2550420168067222
538,2015-09-21,0.12418032786885248,9.127338129496403,27.09390243902438,20.163008130081288,13.23089430894308,2.4138655462184864
539,2015-09-22,1.0917355371900823,8.449640287769784,25.82909836065575,19.81352459016393,13.794262295081964,3.1062499999999997
540,2015-09-23,0.42272727272727273,8.027536231884056,24.172131147541002,18.774180327868855,13.377049180327877,2.746666666666667
541,2015-09-24,0.05813008130081301,8.972992700729922,25.46544715447155,19.121544715447158,12.777642276422764,1.9921161825726126
542,2015-09-25,0.21788617886178863,8.763043478260865,26.692338709677426,19.9116935483871,13.130241935483866,2.0604938271604936
543,2015-09-26,0.3463709677419355,7.640145985401459,26.097560975609753,19.806504065040645,13.510569105691053,2.0392561983471085
544,2015-09-27,1.2654471544715442,8.277372262773719,25.500403225806433,19.366532258064513,13.23145161290324,2.3726141078838174
545,2015-09-28,0.6733870967741936,8.477272727272721,24.45473251028807,18.506172839506167,12.553497942386826,2.6430962343096236
546,2015-09-29,4.5838709677419365,5.464748201438848,23.129718875502025,17.68955823293173,12.240963855421684,2.20702479338843
547,2015-09-30,1.7922764227642276,7.380434782608701,22.93240000000001,17.5916,12.255199999999995,2.1612500000000003
548,2015-10-01,2.0140000000000002,8.800000000000002,24.05806451612903,17.821052631578944,11.599595141700407,2.4768907563025198
549,2015-10-02,1.2155378486055777,8.02043795620438,23.23749999999998,17.36733870967742,11.497580645161298,2.3581589958158964
550,2015-10-03,1.2387999999999995,4.691240875912407,22.87148594377509,17.744979919678713,12.618875502008024,2.192887029288704
551,2015-10-04,4.925506072874494,3.13913043478261,24.130081300812996,19.0430894308943,13.950406504065041,3.199578059071729
552,2015-10-05,5.5687224669603514,2.9942028985507254,24.811475409836074,21.124180327868853,17.430737704918027,4.126050420168066
553,2015-10-06,1.204508196721311,6.134057971014494,23.33506493506494,18.95670995670997,14.578354978354977,3.921338912133891
554,2015-10-07,0.37943548387096776,7.494244604316545,21.643426294820717,16.923904382470116,12.212749003984063,2.2091286307053966
555,2015-10-08,0.5759183673469388,7.7359712230215845,21.706584362139925,16.426748971193426,11.142386831275722,2.229460580912863
556,2015-10-09,0.27530364372469635,8.68613138686132,22.45000000000001,16.44919354838709,10.44314516129032,2.049790794979081
557,2015-10-10,1.7283400809716598,6.607299270072994,22.937903225806455,17.07943548387097,11.2258064516129,2.447698744769874
558,2015-10-11,2.7813008130081305,3.765693430656935,21.823265306122444,17.866938775510196,13.913877551020413,2.176150627615062
559,2015-10-12,4.062040816326531,4.024817518248175,21.828278688524588,18.00942622950819,14.193852459016398,2.4308016877637124
560,2015-10-13,2.7975409836065586,4.232116788321167,19.720987654320997,15.997933884297513,12.29669421487604,2.668067226890756
561,2015-10-14,0.20082644628099178,7.69568345323741,19.414403292181053,14.500000000000004,9.587654320987657,2.5310924369747902
562,2015-10-15,0.6873983739837399,9.05642857142857,20.46396761133604,14.03319838056681,7.60404858299595,2.0294117647058827
563,2015-10-16,0.35020242914979755,6.799999999999998,21.0280487804878,14.928455284552852,8.827235772357726,2.1257383966244716
564,2015-10-17,3.899173553719011,4.627737226277373,22.072540983606558,16.819672131147534,11.568032786885238,3.1183760683760697
565,2015-10-18,9.5655601659751,3.1237037037037045,20.834297520661146,17.375619834710747,13.913636363636375,2.29956896551724
566,2015-10-19,6.430416666666668,2.6448529411764703,19.73991596638654,16.95042016806722,14.158403361344542,2.6443965517241375
567,2015-10-20,2.5367346938775515,3.314705882352941,19.186419753086433,15.692181069958849,12.190534979423875,3.3292372881355927
568,2015-10-21,0.5074688796680498,6.939705882352941,18.70247933884297,14.177685950413226,9.653719008264463,2.5310638297872337
569,2015-10-22,1.5534412955465584,8.517266187050362,20.36000000000001,14.47224489795918,8.584897959183674,2.2421940928270065
570,2015-10-23,0.6206477732793522,6.172058823529413,21.669795918367353,15.753061224489803,9.836326530612249,1.8355648535564846
571,2015-10-24,1.189430894308943,1.609489051094891,19.8,16.11951219512196,12.430081300813006,1.4771186440677968
572,2015-10-25,1.6702040816326529,4.249275362318841,20.631428571428565,16.73020408163266,12.83102040816327,2.057805907172995
573,2015-10-26,5.765983606557377,2.328571428571428,19.508979591836734,16.371836734693886,13.238775510204079,2.5424369747899163
574,2015-10-27,3.6779279279279278,4.156428571428569,18.554065040650418,14.994715447154462,11.429674796747975,2.872573839662449
575,2015-10-28,1.6829059829059823,4.815000000000001,17.796380090497745,14.12669683257918,10.458371040723986,3.2418803418803415
576,2015-10-29,0.3436363636363636,5.482978723404255,20.33225806451612,15.771428571428565,11.212903225806455,2.238095238095238
577,2015-10-30,0.2723577235772358,6.736428571428572,21.706967213114766,16.590163934426233,11.473360655737704,2.552742616033753
578,2015-10-31,1.3259109311740898,4.479710144927537,20.296356275303648,16.22793522267206,12.161538461538465,2.875210084033612
579,2015-11-01,9.667078189300414,5.391304347826089,19.666803278688526,15.555737704918023,11.440163934426232,4.1745762711864405
580,2015-11-02,14.940163934426224,1.6869565217391298,16.968571428571433,13.968163265306117,10.97551020408162,3.5725321888412
581,2015-11-03,1.3493827160493819,3.3892857142857147,17.82551440329219,14.399588477366255,10.97078189300411,2.860084033613445
582,2015-11-04,1.1995884773662548,4.312408759124088,19.44672131147541,15.38024691358026,11.322222222222228,2.3512820512820505
583,2015-11-05,1.2392712550607285,4.506474820143884,20.039506172839516,16.18230452674896,12.323868312757199,2.096652719665272
584,2015-11-06,0.03024193548387097,7.090714285714287,22.189300411522613,17.168181818181814,12.127685950413223,1.9420168067226886
585,2015-11-07,0.043373493975903586,8.18848920863309,22.66065573770491,17.238114754098365,11.823770491803284,1.9400843881856549
586,2015-11-08,0.05691056910569101,7.938129496402879,22.483196721311494,17.039754098360667,11.594262295081963,2.5760504201680656
587,2015-11-09,0.017073170731707322,7.5503546099290775,21.776131687242803,16.20164609053499,10.625102880658442,1.6644067796610165
588,2015-11-10,0.03048780487804878,7.400714285714287,21.522633744855955,15.610288065843612,9.697530864197537,1.583544303797469
589,2015-11-11,0.01463414634146342,7.083333333333336,20.792338709677416,14.95645161290323,9.128629032258067,1.3966527196652732
590,2015-11-12,0.018218623481781385,6.8389705882352905,19.847177419354832,14.235483870967737,8.633870967741936,1.635744680851065
591,2015-11-13,0.1296,5.533576642335771,19.1424,13.980400000000003,8.816800000000004,1.856837606837608
592,2015-11-14,0.013600000000000004,6.99051094890511,19.497199999999985,14.217999999999991,8.934000000000003,1.8789915966386541
593,2015-11-15,0.019200000000000005,7.233823529411766,19.3524,13.611999999999995,7.8768000000000065,1.6262499999999998
594,2015-11-16,0.03092369477911647,6.937681159420292,18.394779116465863,12.81124497991968,7.231325301204818,1.6886554621848746
595,2015-11-17,0.0250996015936255,6.321582733812951,18.33639999999999,12.894799999999996,7.447199999999996,1.9128630705394207
596,2015-11-18,0.044354838709677415,6.400724637681165,19.201599999999996,13.466799999999997,7.732400000000001,1.6553719008264471
597,2015-11-19,0.013654618473895586,6.800000000000001,20.02650602409638,14.112851405622493,8.200803212851413,1.8088235294117656
598,2015-11-20,3.685365853658537,6.058778625954199,20.18811475409836,14.471311475409825,8.750000000000002,2.6434042553191466
599,2015-11-21,3.886122448979593,4.08905109489051,16.944979919678723,11.717670682730917,6.491566265060241,5.59442060085837
600,2015-11-22,2.281854838709678,3.9179856115107925,11.671825396825392,8.003571428571428,4.334126984126983,3.364016736401674
601,2015-11-23,0.9483739837398372,6.294964028776977,11.56388888888889,7.139285714285712,2.7178571428571425,2.9949790794979068
602,2015-11-24,2.31497975708502,4.783211678832116,12.795564516129037,7.9649193548387105,3.131048387096775,2.7191666666666663
603,2015-11-25,2.3775999999999997,4.3978417266187035,15.719920318725096,11.153386454183266,6.577689243027893,4.454583333333333
604,2015-11-26,1.2187999999999994,5.627338129496404,16.31807228915663,12.109236947791159,7.903614457831325,4.154852320675106
605,2015-11-27,1.1305555555555555,5.76402877697842,16.178714859437754,11.743373493975906,7.302811244979914,2.663223140495868
606,2015-11-28,0.16746031746031748,6.398540145985401,15.855020080321287,10.485542168674698,5.1148594377510035,2.432921810699589
607,2015-11-29,0.00398406374501992,7.2666666666666675,15.989068825910927,9.923076923076923,3.859109311740893,1.9439330543933062
608,2015-11-30,0.004435483870967742,7.359124087591245,16.73052208835341,10.063453815261045,3.3979919678714854,1.7307053941908712
609,2015-12-01,0.06626506024096387,6.902877697841726,16.412,9.910799999999998,3.4187999999999974,1.7036885245901634
610,2015-12-02,0.020883534136546186,5.754609929078012,16.58623481781377,10.654251012145744,4.725506072874493,1.628630705394193
611,2015-12-03,0.29752066115702475,6.2936170212765985,17.677366255144033,11.4962962962963,5.318106995884776,2.0112970711297082
612,2015-12-04,0.11456692913385828,5.55,17.677510040160634,11.938152610441762,6.202409638554217,1.6495867768595054
613,2015-12-05,0.03873517786561264,6.17608695652174,17.602777777777774,11.992857142857137,6.378571428571423,1.7119834710743813
614,2015-12-06,0.008300395256916998,5.80359712230216,16.65198412698413,11.592857142857149,6.539285714285718,2.104545454545455
615,2015-12-07,0.7862660944206006,2.5000000000000004,15.356680161943311,11.432388663967606,7.512550607287447,2.478838174273857
616,2015-12-08,0.4959999999999999,3.2934306569343073,16.1410480349345,11.92096069868996,7.705676855895196,1.7622406639004158
617,2015-12-09,0.031199999999999988,5.072661870503597,15.915537848605577,11.313944223107578,6.705976095617531,2.316528925619836
618,2015-12-10,0.17579365079365084,4.6,15.029133858267722,10.812598425196848,6.591732283464568,1.9573770491803286
619,2015-12-11,0.005533596837944663,4.7460431654676265,14.288976377952759,10.125984251968505,5.9673228346456675,1.9885245901639355
620,2015-12-12,0.43596837944664035,3.915000000000001,13.726562500000002,9.535156250000002,5.34375,1.7762295081967214
621,2015-12-13,1.0726190476190476,4.114285714285716,14.425296442687744,9.999603174603175,5.595238095238095,2.1082987551867234
622,2015-12-14,1.0028000000000001,2.5432624113475173,15.62073170731707,11.594715447154472,7.576422764227644,2.6791666666666667
623,2015-12-15,0.3685950413223141,4.934285714285715,18.04939759036144,13.105220883534137,8.16666666666667,2.7497942386831276
624,2015-12-16,0.007086614173228346,5.059574468085108,18.88429752066116,13.403719008264444,7.926859504132234,2.2036885245901643
625,2015-12-17,0.6193675889328063,4.184892086330937,18.2244,12.974399999999992,7.729999999999998,2.083539094650207
626,2015-12-18,0.07440944881889766,4.6085714285714285,18.29120000000001,13.062000000000006,7.833599999999997,1.8037037037037063
627,2015-12-19,1.0754940711462448,6.150359712230216,19.01857707509881,13.164031620553354,7.3146245059288555,2.5069672131147533
628,2015-12-20,1.0103174603174598,3.5424460431654676,16.484462151394418,11.6597609561753,6.841832669322711,2.2356846473029033
629,2015-12-21,0.07142857142857141,5.7177304964539,15.356910569105686,10.426016260162598,5.489837398373985,2.0469135802469136
630,2015-12-22,0.5448818897637794,5.588732394366194,15.729365079365083,10.644047619047617,5.558333333333334,2.4876033057851235
631,2015-12-23,0.2043650793650794,3.967142857142858,14.8195219123506,10.319920318725103,5.823107569721115,1.7487704918032805
632,2015-12-24,0.09365079365079368,4.389928057553955,15.0617529880478,10.628286852589639,6.198804780876492,2.2176954732510286
633,2015-12-25,0.012648221343873523,5.428776978417267,15.515476190476194,10.50873015873016,5.500000000000001,2.1913223140495877
634,2015-12-26,0.07075098814229248,5.037410071942445,15.266533864541827,10.46919999999999,5.678000000000002,2.7305785123966957
635,2015-12-27,0.1410358565737052,4.867625899280579,15.79397590361446,10.792369477911638,5.787951807228915,3.1387500000000004
636,2015-12-28,4.571255060728748,3.3151079136690647,15.734016393442628,11.618442622950813,7.493442622950821,3.8558333333333326
637,2015-12-29,0.1285714285714286,4.2159420289855065,15.003719008264467,10.808264462809907,6.6128099173553725,2.1789915966386566
638,2015-12-30,2.4372469635627536,4.676258992805754,15.247967479674793,10.421951219512197,5.593495934959345,3.1518828451882834
639,2015-12-31,0.4333333333333331,2.856617647058823,14.508097165991899,10.701214574898781,6.898785425101211,2.011715481171548
640,2016-01-01,4.48755020080321,2.964492753623189,15.552674897119347,11.399999999999999,7.244444444444438,3.2655172413793085
641,2016-01-02,0.7580645161290319,4.7597122302158255,13.870731707317066,10.122357723577233,6.374796747967478,3.2613733905579414
642,2016-01-03,7.653909465020579,1.2676258992805756,14.502469135802466,10.622222222222222,6.737037037037041,4.121120689655174
643,2016-01-04,9.63102040816327,1.0547445255474448,14.628278688524608,11.918852459016398,9.211475409836073,4.423376623376622
644,2016-01-05,1.988799999999999,3.728985507246378,11.881526104417674,8.555020080321283,5.234538152610443,4.3215189873417765
645,2016-01-06,2.5813765182186224,2.7569343065693435,12.27217741935484,8.427419354838714,4.579838709677416,4.442127659574465
646,2016-01-07,5.765060240963856,2.1435714285714282,16.146370967741937,12.858299595141693,9.585829959514168,4.658050847457627
647,2016-01-08,6.332520325203253,3.1218978102189774,16.44615384615384,13.018623481781374,9.588663967611335,3.747257383966245
648,2016-01-09,4.901619433198384,3.3905797101449275,15.123481781376517,11.954655870445341,8.793117408906884,3.9680672268907564
649,2016-01-10,9.020883534136546,2.1340579710144936,14.868145161290316,11.967338709677419,9.066935483870969,4.9355932203389825
650,2016-01-11,1.9515999999999998,4.236029411764705,14.403643724696348,10.927125506072876,7.455060728744937,5.019658119658119
651,2016-01-12,0.8347999999999999,5.701428571428572,12.565200000000008,8.622799999999998,4.684000000000001,3.0767634854771804
652,2016-01-13,3.4829365079365084,5.149640287769784,13.470400000000001,8.297200000000004,3.1283999999999983,2.2389121338912137
653,2016-01-14,2.997628458498024,2.017142857142857,13.784462151394429,9.607968127490047,5.421513944223106,2.6916666666666655
654,2016-01-15,2.3692913385826775,3.6395683453237417,11.5448,7.983600000000001,4.418399999999996,3.561087866108788
655,2016-01-16,0.09083333333333332,7.599275362318843,10.870161290322581,6.3665322580645185,1.8616935483870958,3.0237288135593237
656,2016-01-17,1.2039840637450197,4.403623188405796,11.097890295358651,6.092405063291141,1.0894514767932486,2.064556962025318
657,2016-01-18,1.4151999999999993,4.409352517985612,12.704048582995949,8.587854251012152,4.4757085020242915,3.394117647058824
658,2016-01-19,0.7269841269841272,4.274820143884893,12.02137096774194,7.899193548387098,3.7826612903225825,1.9558333333333344
659,2016-01-20,0.4135458167330678,4.331690140845072,12.915999999999999,8.422399999999998,3.9322709163346596,1.8818930041152253
660,2016-01-21,0.7039682539682538,3.959154929577465,14.047011952191232,9.70677290836653,5.368253968253965,1.917768595041324
661,2016-01-22,0.664453125,2.488571428571427,15.214285714285724,11.515873015873018,7.817857142857144,1.7362139917695496
662,2016-01-23,0.051181102362204696,5.005755395683453,17.524000000000008,12.885199999999996,8.2472,1.7443983402489647
663,2016-01-24,0.10039370078740159,6.714285714285719,18.286507936507945,12.855158730158722,7.417460317460318,2.3974999999999995
664,2016-01-25,0.7542968749999998,4.24964539007092,16.74395161290322,12.106451612903234,7.468951612903223,2.1219409282700417
665,2016-01-26,0.2685039370078741,4.539007092198583,15.053149606299222,10.937154150197623,6.856126482213442,1.891803278688524
666,2016-01-27,1.1179687500000004,4.160563380281689,14.748425196850404,10.588582677165347,6.429527559055119,2.2292887029288706
667,2016-01-28,2.761328125,2.787857142857143,13.407905138339927,9.779446640316204,6.15810276679842,2.172427983539094
668,2016-01-29,1.4808593749999996,2.8178571428571426,12.894094488188975,9.427952755905515,5.960629921259841,2.070491803278689
669,2016-01-30,0.284313725490196,4.885611510791369,14.420000000000005,9.643921568627452,4.865490196078432,2.6396694214876026
670,2016-01-31,0.19257812500000002,4.760144927536231,16.003921568627458,11.367843137254901,6.731372549019606,3.077178423236514
671,2016-02-01,0.008949416342412454,6.050714285714284,17.52539682539683,12.14523809523809,6.762698412698409,1.6619246861924697
672,2016-02-02,0.4313953488372093,4.40935251798561,15.703937007874023,10.987007874015752,6.274409448818901,1.6611570247933898
673,2016-02-03,0.546875,5.7612676056338,14.525296442687745,10.026877470355739,5.5351778656126465,3.235123966942147
674,2016-02-04,0.01867704280155642,7.582978723404253,14.075390624999997,8.805859375000004,3.5343750000000003,2.683817427385891
675,2016-02-05,0.002723735408560311,7.300714285714286,15.255118110236229,9.412204724409458,3.5637795275590567,2.3285123966942147
676,2016-02-06,5.938823529411761,3.609285714285712,14.930196078431381,9.733333333333329,4.535686274509805,3.915767634854773
677,2016-02-07,0.7968503937007873,5.451428571428571,13.112549019607837,9.496078431372553,5.8764705882352954,4.665000000000001
678,2016-02-08,0.9831372549019606,4.4992907801418465,15.258102766798421,11.078174603174606,6.908730158730158,3.599581589958161
679,2016-02-09,5.5178571428571415,2.0599999999999996,15.278740157480309,11.859055118110229,8.444488188976377,5.961157024793389
680,2016-02-10,6.141338582677162,1.724822695035461,15.02390438247011,12.274900398406375,9.529880478087648,4.965690376569038
681,2016-02-11,4.973122529644268,3.056428571428572,15.599600000000011,12.636400000000005,9.670399999999994,3.9374999999999982
682,2016-02-12,10.420553359683796,1.0811594202898551,15.734126984126986,12.808333333333342,9.88571428571428,5.272083333333331
683,2016-02-13,6.7715415019762855,2.3266187050359717,17.117599999999992,14.18999999999999,11.237848605577696,5.399579831932771
684,2016-02-14,7.6452000000000035,3.5058394160583966,13.29879518072289,9.27951807228915,5.259839357429716,5.851072961373387
685,2016-02-15,1.7928000000000004,5.3630434782608685,10.813008130081304,7.265040650406506,3.7182926829268275,5.4508771929824595
686,2016-02-16,0.06613545816733069,7.770714285714283,10.079199999999995,5.604000000000003,1.1284000000000003,3.8150214592274687
687,2016-02-17,3.2031496062992133,6.943661971830986,10.733333333333347,5.063888888888887,-0.6015873015873014,2.88410041841004
688,2016-02-18,3.1932539682539685,3.2578571428571417,10.492430278884463,6.779681274900401,3.0705179282868524,2.59201680672269
689,2016-02-19,1.0592885375494074,6.754676258992802,12.15298804780876,7.124701195219124,2.092031872509961,2.782987551867222
690,2016-02-20,0.8228346456692912,8.385,15.216929133858272,9.003149606299214,2.786220472440946,2.840336134453781
691,2016-02-21,0.3788235294117648,6.763120567375885,16.48412698412698,10.475793650793655,4.4670634920634935,2.6163865546218483
692,2016-02-22,0.2835294117647059,6.533333333333335,16.5075396825397,11.033333333333331,5.563095238095238,2.349583333333331
693,2016-02-23,0.15511811023622044,7.4492857142857165,16.156799999999997,11.03319999999999,5.912000000000002,2.8600840336134437
694,2016-02-24,2.7696850393700805,5.14785714285714,14.706400000000004,9.907600000000002,5.107199999999999,3.0974895397489544
695,2016-02-25,1.5944223107569722,5.223913043478261,14.06425702811245,10.362248995983931,6.657429718875497,3.5586497890295328
696,2016-02-26,11.686746987951803,2.048201438848921,12.165306122448975,8.39224489795919,4.620816326530611,3.7813559322033905
697,2016-02-27,8.357317073170734,3.278985507246377,9.227983539094646,6.3666666666666645,3.5078189300411515,5.753070175438598
698,2016-02-28,1.9570281124497988,3.4863309352517975,11.368421052631579,7.748178137651816,4.1319838056680185,4.481818181818181
699,2016-02-29,0.10244897959183673,7.013138686131388,12.89390243902439,8.678861788617885,4.461382113821136,4.532608695652173
700,2016-03-01,0.16382113821138217,9.045255474452553,15.964489795918368,9.561632653061228,3.1555102040816307,2.8836206896551735
701,2016-03-02,1.165182186234818,6.97101449275362,17.52622950819674,11.513524590163923,5.496311475409836,3.9030567685589532
702,2016-03-03,0.833064516129032,7.47928571428572,15.179757085020245,10.535627530364373,5.886639676113363,3.5905172413793087
703,2016-03-04,4.093172690763053,6.034782608695648,15.900809716599197,10.13198380566802,4.361538461538464,4.274568965517242
704,2016-03-05,4.010000000000001,6.190579710144931,12.292338709677425,8.436693548387105,4.581854838709677,4.521645021645021
705,2016-03-06,2.8931726907630515,6.025547445255477,11.891566265060243,7.718072289156625,3.5405622489959825,3.713304721030042
706,2016-03-07,3.240562248995985,3.4759124087591227,11.250806451612899,7.683467741935487,4.114919354838711,3.996536796536797
707,2016-03-08,0.9383999999999998,6.668840579710145,12.374999999999993,7.927822580645159,3.4778225806451633,3.454661016949153
708,2016-03-09,4.586746987951809,3.6244604316546747,13.034008097165987,8.254655870445344,3.4809716599190295,4.6175965665236
709,2016-03-10,1.8143999999999998,6.186131386861316,12.569635627530362,8.375708502024288,4.174089068825912,4.544915254237286
710,2016-03-11,0.08919999999999999,8.13134328358209,13.643548387096775,8.69798387096774,3.7528225806451614,3.265400843881855
711,2016-03-12,0.016334661354581673,8.649264705882354,14.380241935483859,8.466129032258062,2.548790322580645,2.51350210970464
712,2016-03-13,0.34166666666666656,9.508823529411766,15.515261044176704,9.055421686746987,2.5903614457831323,2.6382352941176475
713,2016-03-14,2.0412,7.301481481481481,13.694262295081966,8.53319672131147,3.3672131147540982,2.277499999999999
714,2016-03-15,0.8682730923694779,6.364444444444443,14.949797570850198,9.469230769230773,3.996761133603239,2.2655462184873936
715,2016-03-16,1.0729083665338646,7.195620437956206,15.124096385542169,9.786345381526106,4.448192771084335,3.074166666666666
716,2016-03-17,0.12540322580645163,7.205147058823534,14.963114754098363,9.672131147540982,4.376639344262294,2.3555084745762707
717,2016-03-18,3.4742971887550214,4.030656934306568,14.445344129554654,9.801214574898788,5.15668016194332,2.4573221757322163
718,2016-03-19,5.227530364372471,3.285401459854014,13.90887096774193,10.767338709677421,7.6197580645161285,2.7323529411764684
719,2016-03-20,2.9797570850202457,4.340875912408759,14.702439024390241,10.502439024390243,6.303658536585362,2.2465811965811944
720,2016-03-21,3.841463414634147,4.173722627737227,14.593415637860087,10.36584362139918,6.135390946502056,2.832608695652174
721,2016-03-22,0.7167346938775511,4.322794117647059,14.254958677685943,10.202066115702493,6.15495867768595,3.2017167381974225
722,2016-03-23,0.13130081300813007,7.091970802919709,14.635627530364383,10.031578947368418,5.422672064777326,3.9251063829787225
723,2016-03-24,0.07317073170731705,10.232835820895524,17.433603238866393,10.821862348178136,4.207287449392716,2.8358974358974347
724,2016-03-25,0.9418032786885244,5.339999999999998,17.71061224489795,11.818775510204086,5.93265306122449,2.834051724137931
725,2016-03-26,2.7621951219512213,7.365925925925925,19.056910569105682,13.176829268292689,7.29837398373984,3.714102564102561
726,2016-03-27,1.4720647773279356,8.270895522388058,16.845161290322576,12.079435483870956,7.310483870967746,3.94085106382979
727,2016-03-28,2.4971887550200806,4.699999999999998,17.047791164658637,12.546586345381522,8.043775100401607,3.5915254237288132
728,2016-03-29,1.6173387096774199,6.880147058823532,19.081854838709685,13.74475806451614,8.40564516129032,2.820762711864408
729,2016-03-30,4.856800000000001,8.600000000000003,20.617338709677416,13.748790322580644,6.879838709677418,3.343829787234043
730,2016-03-31,2.5514170040485826,6.027407407407405,14.876800000000005,10.490399999999996,6.099599999999999,5.0185344827586205
731,2016-04-01,1.4261044176706827,9.12014925373135,14.74960000000001,9.445199999999993,4.135600000000001,3.3248945147679336
732,2016-04-02,1.0264822134387348,7.9845588235294125,17.14246031746031,10.51666666666666,3.8952380952380934,3.0176470588235285
733,2016-04-03,3.487351778656127,5.238235294117643,16.392913385826766,11.877559055118107,7.368110236220475,3.947280334728031
734,2016-04-04,13.18906882591093,1.7992700729927005,13.872800000000007,10.914399999999997,7.958799999999998,3.557142857142857
735,2016-04-05,2.3209677419354837,5.328467153284673,14.649397590361456,11.044979919678722,7.429718875502009,4.235443037974686
736,2016-04-06,0.4162055335968379,9.194814814814814,18.132400000000004,12.393199999999997,6.662000000000002,3.392946058091284
737,2016-04-07,1.484523809523809,8.730147058823528,17.88232931726908,12.34096385542169,6.8052208835341395,3.656118143459915
738,2016-04-08,1.1563492063492065,8.140441176470587,14.663888888888877,10.196031746031753,5.723412698412702,4.195798319327731
739,2016-04-09,0.6066666666666667,8.640601503759397,17.16095617529881,11.284462151394422,5.404780876494026,3.3330578512396696
740,2016-04-10,3.547058823529411,6.064925373134327,16.215019762845845,11.443083003952568,6.664822134387354,4.461344537815122
741,2016-04-11,2.8658634538152614,6.592647058823528,16.25020080321285,11.697188755020074,7.139357429718873,3.660169491525422
742,2016-04-12,3.8378486055776886,5.840601503759395,17.013600000000007,12.58360000000001,8.147600000000004,3.5286919831223633
743,2016-04-13,1.3044,8.020437956204384,17.94444444444444,13.140476190476193,8.341666666666665,3.536708860759495
744,2016-04-14,1.744664031620553,8.080000000000002,19.711462450592876,14.103162055335966,8.487351778656123,3.3514522821576778
745,2016-04-15,3.8936758893280627,7.000740740740741,19.426190476190477,14.349206349206348,9.266269841269846,3.216942148760327
746,2016-04-16,6.763385826771652,5.238970588235296,19.01225296442688,14.547430830039527,10.084189723320149,3.689256198347107
747,2016-04-17,0.7351778656126482,7.344444444444446,18.282539682539678,13.755555555555548,9.228968253968258,2.6933609958506226
748,2016-04-18,0.5490118577075098,8.651470588235293,19.953200000000006,13.935600000000004,7.9128,3.2476793248945124
749,2016-04-19,8.31383399209486,3.802222222222223,18.090118577075096,14.19090909090909,10.289328063241106,3.604979253112034
750,2016-04-20,5.326482213438738,3.2576642335766426,17.099606299212592,13.436220472440944,9.777952755905513,3.0736625514403286
751,2016-04-21,1.5303149606299213,7.185401459854017,18.407509881422925,13.690909090909097,8.977470355731228,2.5673553719008235
752,2016-04-22,1.3452380952380953,4.152205882352943,17.990551181102365,13.815748031496069,9.638582677165349,1.8958333333333317
753,2016-04-23,1.7015873015873018,6.073333333333333,18.67976190476193,13.855158730158728,9.028174603174596,2.626050420168067
754,2016-04-24,0.12788844621513948,9.38358208955224,18.631496062992138,13.462992125984258,8.285826771653545,3.3911764705882357
755,2016-04-25,0.002,11.05481481481482,19.34501992031873,13.176892430278881,7.007171314741034,2.8945147679324874
756,2016-04-26,0.011111111111111112,10.466917293233083,20.476587301587298,14.01992031872511,7.545418326693227,2.926359832635981
757,2016-04-27,1.3779527559055116,6.051515151515151,18.869047619047624,13.954761904761906,9.036904761904756,2.9595041322314044
758,2016-04-28,0.7735177865612646,6.154887218045112,17.58095238095238,13.398809523809526,9.211507936507935,2.9297520661157037
759,2016-04-29,1.498823529411765,6.785074626865673,18.647619047619038,13.414285714285722,8.180158730158727,2.8508333333333336
760,2016-04-30,0.40317460317460324,9.01439393939394,17.924603174603174,13.221428571428579,8.528968253968257,3.8460251046025093
761,2016-05-01,0.059448818897637784,11.502307692307694,17.865476190476198,12.124206349206347,6.378968253968256,4.044999999999998
762,2016-05-02,0.003952569169960474,12.46538461538462,21.17560000000001,13.607200000000008,6.0416000000000025,3.4200000000000026
763,2016-05-03,0.0007968127490039841,12.170992366412225,23.189599999999988,15.4104,7.629599999999998,3.134583333333334
764,2016-05-04,0.15476190476190482,10.256153846153845,24.455421686746977,16.920481927710856,9.38072289156627,2.7261410788381752
765,2016-05-05,2.2288,3.9411764705882337,21.065322580645155,16.15403225806451,11.24153225806451,2.7593220338983064
766,2016-05-06,4.752208835341367,2.7955223880597027,18.26639676113361,14.921457489878552,11.578947368421048,3.347033898305085
767,2016-05-07,6.216000000000001,3.1610687022900765,17.908064516129038,14.691129032258061,11.473387096774191,3.448936170212767
768,2016-05-08,8.630364372469629,2.550381679389314,17.39061224489796,14.32163265306121,11.25061224489796,4.26822033898305
769,2016-05-09,7.458064516129034,3.2807692307692298,17.978137651821868,14.27085020242915,10.561538461538458,3.3830508474576253
770,2016-05-10,6.459401709401708,3.212307692307692,17.474596774193547,13.494354838709679,9.512096774193543,3.181702127659574
771,2016-05-11,4.329004329004329,6.5910447761194035,17.903813559322035,13.506779661016962,9.102118644067795,2.93111111111111
772,2016-05-12,4.9017167381974245,4.852631578947366,17.331465517241373,13.371428571428568,9.425974025974023,3.2642857142857156
773,2016-05-13,2.2165217391304353,5.534848484848484,17.707758620689653,13.640692640692643,9.587012987012985,3.6660550458715626
774,2016-05-14,0.6418803418803419,6.254887218045113,19.147881355932203,14.854661016949134,10.555932203389826,3.564125560538115
775,2016-05-15,0.05622317596566524,9.296969696969693,20.967659574468087,15.875319148936176,10.789787234042564,2.898181818181819
776,2016-05-16,0.02573839662447258,10.729323308270676,21.945726495726486,15.91324786324785,9.889743589743585,2.697297297297298
777,2016-05-17,0.05949367088607595,9.505263157894737,22.59276595744681,16.687659574468082,10.779148936170202,2.746188340807172
778,2016-05-18,0.7485477178423237,9.467424242424244,23.01338912133888,17.137238493723864,11.260251046025104,3.264192139737991
779,2016-05-19,0.09230769230769233,10.192424242424249,22.979352226720657,17.403643724696366,11.827530364372471,3.110212765957446
780,2016-05-20,0.07338709677419354,11.43412698412698,25.3104,18.6296,11.952000000000004,2.5716101694915245
781,2016-05-21,2.573790322580645,8.919548872180448,25.02320000000001,18.93599999999999,12.844800000000003,3.4749999999999965
782,2016-05-22,1.22914979757085,9.885496183206104,21.65943775100401,16.206024096385537,10.751004016064256,4.450632911392406
783,2016-05-23,0.03643724696356276,10.074242424242428,21.968674698795187,15.685140562248998,9.393172690763043,2.8320512820512813
784,2016-05-24,0.7685483870967743,8.33435114503817,23.35421686746989,17.46787148594377,11.583935742971889,3.3689361702127627
785,2016-05-25,0.45282258064516123,7.487022900763357,22.407258064516135,17.61975806451612,12.831854838709686,2.7444915254237294
786,2016-05-26,0.12459677419354838,9.045112781954888,23.41376518218624,17.993117408906876,12.570445344129542,2.6189873417721494
787,2016-05-27,1.2672,9.884732824427482,24.235918367346944,18.356326530612243,12.482448979591837,2.764255319148937
788,2016-05-28,4.0375999999999985,6.688549618320607,22.461943319838063,17.551012145748988,12.63886639676114,3.76344537815126
789,2016-05-29,1.4216867469879513,8.203846153846154,21.16153846153846,16.55910931174089,11.954655870445341,3.8607594936708876
790,2016-05-30,1.0967741935483868,8.872932330827068,21.698380566801628,16.476518218623482,11.251417004048573,3.1983193277310917
791,2016-05-31,0.06706827309236947,11.153030303030306,22.868421052631586,16.96842105263157,11.070850202429146,3.2502109704641353
792,2016-06-01,0.12661290322580646,12.801515151515154,24.524897959183686,17.56775510204081,10.613061224489794,3.0101265822784815
793,2016-06-02,0.0004032258064516129,11.32045454545455,25.78163265306122,18.686122448979596,11.591020408163262,2.529535864978903
794,2016-06-03,0.7350806451612901,10.408270676691735,25.72580645161293,19.66572580645162,13.601209677419346,3.027426160337551
795,2016-06-04,0.760728744939271,8.549253731343285,24.43048780487805,19.03048780487804,13.623577235772348,2.6937238493723847
796,2016-06-05,0.15182186234817813,10.366165413533835,26.006910569105674,19.557317073170726,13.110569105691061,2.50418410041841
797,2016-06-06,0.41983805668016194,9.834090909090905,26.52408163265306,20.453877551020415,14.383265306122455,2.490677966101695
798,2016-06-07,0.009677419354838712,12.414925373134327,28.595564516129045,21.518623481781383,14.455465587044532,2.536134453781512
799,2016-06-08,0.006048387096774193,12.405223880597013,30.304819277108425,22.975100401606422,15.647791164658637,2.4858333333333302
800,2016-06-09,0.3020242914979757,10.417777777777776,30.05487804878046,23.27073170731708,16.48292682926829,2.69451476793249
801,2016-06-10,0.2577235772357724,8.837313432835824,26.352016129032247,21.32591093117409,16.321457489878544,3.661702127659574
802,2016-06-11,0.023387096774193553,10.482706766917293,26.066666666666652,20.379518072289176,14.688353413654628,3.152282157676349
803,2016-06-12,0.2672064777327935,9.108955223880598,27.413200000000003,21.05199999999999,14.695600000000002,2.909583333333332
804,2016-06-13,0.1927125506072874,10.626315789473686,28.36787148594377,22.49317269076306,16.621686746987958,4.315062761506277
805,2016-06-14,1.6595141700404854,9.796992481203011,26.268273092369483,20.84899598393573,15.432931726907626,4.111764705882355
806,2016-06-15,2.931687242798354,7.529007633587785,22.692592592592607,18.146913580246906,13.609053497942387,4.442372881355932
807,2016-06-16,2.028048780487805,6.569172932330828,20.96,16.491836734693866,12.022857142857134,4.314830508474577
808,2016-06-17,2.3040650406504066,7.928358208955221,22.314516129032267,16.91290322580645,11.512903225806456,3.2288702928870308
809,2016-06-18,1.096734693877551,9.794814814814814,23.002834008097164,17.40364372469636,11.810526315789463,3.407112970711296
810,2016-06-19,0.007346938775510205,12.17328244274809,25.022177419354826,18.416935483870954,11.812499999999991,3.151680672268906
811,2016-06-20,0.0020325203252032522,13.048120300751876,28.07661290322581,20.625000000000004,13.171774193548387,2.73723849372385
812,2016-06-21,0.0004098360655737705,13.023308270676687,29.873877551020424,22.603673469387747,15.334285714285716,3.0315126050420163
813,2016-06-22,0.16885245901639342,12.42481203007519,30.512345679012373,23.581481481481465,16.65679012345681,3.52563025210084
814,2016-06-23,0.3434426229508197,11.034848484848483,29.774897119341567,23.21316872427983,16.64897119341564,3.0538461538461523
815,2016-06-24,0.6910569105691056,9.815151515151516,29.07892561983471,22.643801652892567,16.215289256198346,3.171308016877637
816,2016-06-25,0.0430327868852459,10.099236641221374,27.370901639344265,21.587295081967195,15.79631147540984,3.288034188034187
817,2016-06-26,0.01673469387755102,10.579069767441858,26.349590163934405,20.844262295081954,15.327868852459012,3.6484978540772497
818,2016-06-27,0.01306122448979592,11.540769230769229,28.75286885245902,21.88565573770492,15.01393442622952,3.05940170940171
819,2016-06-28,0.15860655737704923,8.719402985074623,29.72408163265306,23.168163265306116,16.60734693877551,2.848936170212768
820,2016-06-29,0.9197530864197528,9.062878787878788,28.97142857142857,23.15469387755103,17.339591836734687,2.933620689655173
821,2016-06-30,0.48606557377049175,10.863565891472868,28.951476793248958,22.728691983122346,16.513080168776376,2.7768558951965057
822,2016-07-01,0.41270491803278686,10.35187969924812,29.091250000000002,22.88870292887028,16.707531380753142,2.850214592274677
823,2016-07-02,0.0807377049180328,10.659398496240604,29.28016528925619,22.861410788381743,16.4701244813278,2.7738197424892714
824,2016-07-03,0.11193415637860082,12.018181818181814,30.618828451882848,23.79665271966529,16.98033472803347,3.3581896551724117
825,2016-07-04,1.7921810699588474,9.592537313432835,29.746887966804984,23.760165975103725,17.77883817427385,3.118025751072961
826,2016-07-05,0.8389344262295084,9.421052631578943,29.543220338983055,23.692796610169488,17.84745762711864,2.774891774891776
827,2016-07-06,1.3637860082304518,9.696124031007756,30.452301255230132,24.36302521008403,18.244117647058825,2.992608695652173
828,2016-07-07,1.123770491803279,6.0732824427480905,29.241666666666653,23.87000000000001,18.500416666666663,2.8549783549783543
829,2016-07-08,0.33032786885245896,10.030534351145034,30.927385892116174,24.524066390041487,18.128099173553707,2.4541125541125535
830,2016-07-09,0.0008264462809917356,12.337121212121216,32.55785123966942,25.55413223140496,18.541322314049594,2.6978448275862053
831,2016-07-10,0.18842975206611573,11.189312977099238,32.64514767932487,25.882700421940893,19.125738396624477,2.7352173913043463
832,2016-07-11,0.4049180327868853,9.762015503875963,30.405150214592272,24.593991416309017,18.798717948717947,3.0807174887892392
833,2016-07-12,0.21275720164609055,11.23206106870229,28.747478991596644,22.90084033613445,17.05210084033614,3.595217391304346
834,2016-07-13,0.15330578512396695,10.539393939393937,26.810548523206755,21.277637130801686,15.753164556962023,3.8361233480176202
835,2016-07-14,0.008979591836734692,11.584251968503938,27.40082987551869,21.133609958506227,14.868464730290457,3.5384279475982554
836,2016-07-15,0.00371900826446281,12.458333333333336,28.788333333333323,21.792916666666674,14.802916666666663,3.407456140350877
837,2016-07-16,0.0004098360655737705,12.96717557251908,30.667083333333345,23.26625000000001,15.865833333333338,2.9657894736842114
838,2016-07-17,0.0004098360655737705,12.851538461538459,32.127542372881365,24.334322033898317,16.536440677966112,2.7873913043478273
839,2016-07-18,0.0615702479338843,12.50833333333334,33.327426160337545,25.643459915611793,17.95485232067511,3.2695652173913046
840,2016-07-19,0.04173553719008264,10.848837209302323,33.25805084745763,25.908050847457613,18.55042372881354,3.151351351351351
841,2016-07-20,0.4327868852459015,6.432835820895526,31.076068376068392,25.333189655172422,19.559482758620696,3.148230088495575
842,2016-07-21,0.26653061224489794,10.077777777777776,30.86776859504133,24.508713692946067,18.143153526970952,2.7217391304347838
843,2016-07-22,1.4780487804878053,10.05555555555555,28.759917355371904,23.071074380165282,17.37355371900826,3.6104803493449746
844,2016-07-23,0.19959183673469388,11.062406015037597,28.610373443983427,22.792531120331965,16.96556016597509,3.409523809523811
845,2016-07-24,0.012955465587044536,11.956390977443606,30.28719008264465,23.592975206611566,16.89504132231405,3.0116883116883093
846,2016-07-25,0.0929460580912863,11.581203007518802,31.86224066390043,24.693775933609945,17.527800829875517,2.647186147186147
847,2016-07-26,0.04458333333333333,11.04776119402985,32.44895397489541,25.53849372384937,18.630125523012566,2.8570796460177
848,2016-07-27,0.1322314049586777,11.3781954887218,31.305020920502077,25.002100840336116,18.717647058823527,3.2082969432314394
849,2016-07-28,0.001646090534979424,11.565413533834583,31.814285714285717,24.944957983193277,18.076890756302525,2.959565217391304
850,2016-07-29,0.18408163265306124,10.371428571428565,32.49623430962345,25.72008368200837,18.94476987447697,3.0786026200873353
851,2016-07-30,0.8451219512195122,9.950375939849629,31.37666666666666,25.36041666666665,19.34791666666667,3.4450643776824026
852,2016-07-31,0.3479508196721312,8.639097744360905,30.087394957983197,24.21974789915964,18.352100840336142,3.1600000000000033
853,2016-08-01,0.019183673469387753,11.467669172932329,30.43417721518988,23.84177215189872,17.251898734177217,3.0043478260869545
854,2016-08-02,0.00040816326530612246,12.317037037037041,31.739419087136923,24.5186721991701,17.297925311203315,2.8713675213675214
855,2016-08-03,0.09514170040485828,11.45333333333333,32.13125000000001,25.21291666666667,18.28791666666667,2.921367521367522
856,2016-08-04,0.713821138211382,9.861764705882349,31.3719008264463,24.852479338842976,18.33966942148761,3.2675213675213675
857,2016-08-05,0.025306122448979593,11.585074626865676,30.134583333333328,24.073749999999997,18.01208333333333,3.500862068965517
858,2016-08-06,0.0,12.165151515151514,31.12250000000001,24.26166666666667,17.398750000000007,3.238461538461538
859,2016-08-07,0.0,12.399242424242424,31.8603375527426,24.747033898305066,17.640928270042203,3.429694323144105
860,2016-08-08,0.17581967213114766,12.100000000000003,31.77203389830509,24.77627118644068,17.780932203389845,3.0585152838427954
861,2016-08-09,0.9348547717842323,9.208955223880595,29.83218884120173,23.48540772532189,17.139484978540786,3.4230434782608703
862,2016-08-10,0.7874999999999999,9.254477611940294,27.299145299145305,21.842918454935624,16.421030042918453,4.003083700440528
863,2016-08-11,0.004545454545454546,11.582835820895525,28.078481012658234,21.70379746835444,15.337130801687762,3.325431034482757
864,2016-08-12,0.0008264462809917356,12.068888888888885,30.04957983193278,22.92226890756304,15.798739495798323,3.0324675324675323
865,2016-08-13,0.002074688796680498,12.051879699248115,30.975423728813556,23.758898305084738,16.538559322033898,2.7349344978165937
866,2016-08-14,0.19875518672199174,11.300751879699241,31.138297872340406,24.261965811965812,17.40769230769232,2.8334782608695623
867,2016-08-15,0.6132231404958679,9.400740740740742,31.18262711864407,24.565254237288123,17.947457627118645,2.9327510917030573
868,2016-08-16,0.6599173553719005,8.157462686567165,29.928936170212765,24.17659574468088,18.425106382978726,2.7772925764192156
869,2016-08-17,0.339917695473251,9.18296296296297,30.187234042553197,23.899148936170207,17.581779661016956,2.786637931034482
870,2016-08-18,0.44320987654320987,11.109022556390975,30.22616033755274,23.79198312236287,17.365400843881858,2.669264069264069
871,2016-08-19,0.6157024793388427,9.882575757575765,30.533472803347287,24.025104602510456,17.516736401673644,2.954741379310346
872,2016-08-20,0.1662551440329218,10.18421052631579,29.058749999999993,23.322499999999998,17.584583333333335,3.2709956709956693
873,2016-08-21,0.01440329218106996,10.600757575757571,29.29456066945606,22.730543933054385,16.164016736401678,3.025000000000002
874,2016-08-22,0.000819672131147541,11.859090909090913,32.407983193277296,24.750000000000004,17.098319327731097,2.6034334763948506
875,2016-08-23,0.000819672131147541,11.73880597014925,32.746473029045625,25.56058091286307,18.362655601659746,2.902597402597402
876,2016-08-24,0.5293388429752067,10.711111111111109,31.781856540084387,25.18860759493667,18.603375527426152,3.1178260869565197
877,2016-08-25,0.5236514522821577,10.578518518518518,31.74194915254237,24.8177966101695,17.88686440677966,3.097379912663753
878,2016-08-26,0.19094650205761315,9.50676691729324,30.837974683544292,24.58945147679325,18.337974683544303,2.792173913043479
879,2016-08-27,0.00371900826446281,10.136842105263158,32.03933054393307,25.29456066945605,18.54644351464434,2.8577586206896566
880,2016-08-28,0.31224489795918364,9.281203007518794,30.81041666666668,24.800833333333333,18.796666666666674,2.8434782608695666
881,2016-08-29,0.5020408163265306,9.677611940298512,29.65774058577406,23.744351464435137,17.83012552301255,2.900438596491228
882,2016-08-30,0.030864197530864196,10.320895522388058,29.473640167364,23.367782426778245,17.264435146443503,2.8234782608695657
883,2016-08-31,0.07673469387755102,9.802272727272731,29.264583333333345,23.255416666666665,17.245416666666667,2.693562231759654
884,2016-09-01,0.10775510204081634,10.300000000000006,30.682627118644046,24.147881355932213,17.61822033898304,2.6634782608695624
885,2016-09-02,0.035742971887550205,10.022388059701496,31.46708333333332,24.679583333333344,17.89875,2.243965517241378
886,2016-09-03,0.09236947791164658,10.281343283582087,32.85933609958507,25.58630705394192,18.31576763485476,2.3296610169491507
887,2016-09-04,0.0,10.192537313432839,33.5589211618257,26.178838174273864,18.79419087136929,2.3191489361702127
888,2016-09-05,0.0,10.642222222222228,34.055371900826444,26.460330578512405,18.868595041322312,2.412393162393162
889,2016-09-06,0.0008032128514056225,10.897014925373139,34.79008264462808,26.817768595041347,18.847933884297525,2.4327659574468057
890,2016-09-07,0.24838709677419357,10.41111111111111,33.00788381742739,25.80124481327799,18.590871369294597,3.111111111111114
891,2016-09-08,0.3132530120481927,8.532089552238807,28.48760330578514,22.96446280991736,17.43471074380166,2.7089743589743605
892,2016-09-09,0.7587044534412951,9.385384615384613,28.233609958506225,22.475518672199165,16.72074688796682,2.645493562231758
893,2016-09-10,0.17764227642276426,9.783076923076925,28.926666666666666,22.427083333333332,15.93208333333334,2.250427350427348
894,2016-09-11,0.0048000000000000004,10.434351145038168,30.001646090534962,23.29053497942385,16.577777777777776,2.359322033898302
895,2016-09-12,2.1768292682926824,9.984210526315785,30.692500000000003,23.94499999999999,17.18416666666666,3.029237288135594
896,2016-09-13,7.581557377049182,5.645864661654139,25.783950617283963,20.40247933884297,15.029752066115703,3.8193133047210313
897,2016-09-14,1.7016393442622948,6.2,21.246443514644348,16.83949579831933,12.441176470588236,3.6156521739130443
898,2016-09-15,4.853688524590162,5.23,21.31223628691983,16.56582278481013,11.825316455696203,3.5171052631578945
899,2016-09-16,0.8522633744855967,8.23538461538462,24.169747899159667,18.56176470588235,12.952100840336131,2.981222707423579
900,2016-09-17,1.0506122448979591,7.112307692307692,23.77166666666668,18.38125,12.993749999999999,2.9008583690987124
901,2016-09-18,0.22295081967213118,9.157251908396953,24.326666666666664,18.4475,12.57458333333333,2.626609442060088
902,2016-09-19,0.17755102040816326,9.179999999999998,25.12448132780084,18.597095435684658,12.069709543568468,2.4327586206896545
903,2016-09-20,0.41183673469387766,7.353787878787877,24.94315352697095,19.505809128630712,14.068879668049783,2.4098712446351933
904,2016-09-21,0.015040650406504066,9.861538461538462,26.218032786885264,19.48401639344262,12.748360655737715,2.3093617021276582
905,2016-09-22,0.009349593495934961,8.420300751879699,25.952282157676347,19.726556016597513,13.507468879668048,2.3690677966101688
906,2016-09-23,1.9341563786008233,8.548091603053436,26.135146443514646,20.01631799163182,13.887447698744772,2.2373390557939903
907,2016-09-24,1.593415637860082,8.419696969696975,26.568907563025217,20.053361344537816,13.542857142857144,2.503846153846153
908,2016-09-25,0.6540983606557375,7.469696969696968,25.052263374485587,19.783950617283963,14.511934156378597,2.3615384615384603
909,2016-09-26,0.09268292682926828,6.522900763358778,25.537759336099548,20.171369294605807,14.801244813278016,2.250431034482757
910,2016-09-27,0.8548780487804876,7.992481203007524,26.0297071129707,20.281589958158992,14.528033472803353,2.576293103448274
911,2016-09-28,0.28582995951417006,8.865891472868215,25.830543933054404,20.41464435146443,15.001673640167372,3.2454935622317613
912,2016-09-29,0.3220408163265307,9.2280303030303,26.200418410041813,20.23849372384939,14.266945606694554,2.7820512820512797
913,2016-09-30,0.646341463414634,8.109701492537312,25.75933609958506,19.753526970954344,13.7597510373444,2.4085470085470075
914,2016-10-01,0.1731707317073171,7.729850746268662,24.7805785123967,19.280991735537185,13.78388429752066,2.390128755364806
915,2016-10-02,0.04331983805668016,8.962121212121207,24.93471074380166,18.897107438016523,12.856198347107437,2.0742489270386257
916,2016-10-03,0.007317073170731708,9.236090225563908,26.55514403292181,19.65720164609053,12.753909465020573,2.3499999999999983
917,2016-10-04,0.15040650406504066,8.73609022556391,26.468852459016396,20.060493827160492,13.652263374485603,2.3274678111587974
918,2016-10-05,0.4221311475409836,6.936800000000002,25.32933884297519,19.716942148760335,14.096694214876033,2.2710638297872334
919,2016-10-06,0.806072874493927,7.092592592592592,24.90370370370369,19.165020576131685,13.431275720164617,2.4380341880341896
920,2016-10-07,0.0020325203252032522,8.901492537313432,25.13004115226337,18.465432098765433,11.798353909465028,2.0038793103448267
921,2016-10-08,0.04754098360655737,8.26842105263158,24.830041152263373,18.440740740740736,12.044855967078187,2.17155172413793
922,2016-10-09,0.4348360655737705,7.7609022556391,23.09079497907949,17.65439330543933,12.218410041841002,2.5491379310344833
923,2016-10-10,0.031275720164609055,8.776515151515152,22.53375000000001,16.621249999999996,10.705416666666666,2.3412017167381975
924,2016-10-11,2.194583333333333,7.690909090909093,22.37061224489796,15.995510204081627,9.620408163265305,2.5627705627705617
925,2016-10-12,11.376271186440674,1.74812030075188,18.265702479338845,15.278838174273861,12.295850622406636,2.7391304347826066
926,2016-10-13,6.80851063829787,2.3161538461538456,18.16192468619247,15.2581589958159,12.355230125523013,2.536283185840708
927,2016-10-14,0.9874999999999996,6.114843750000001,19.26848739495798,14.89369747899159,10.525210084033613,2.7223684210526318
928,2016-10-15,0.6403292181069958,8.190839694656495,21.175833333333337,15.212083333333338,9.250000000000005,2.3816964285714284
929,2016-10-16,0.8769547325102881,5.510687022900763,21.60290456431535,16.57302904564315,11.545228215767628,2.1229074889867845
930,2016-10-17,1.2730612244897952,3.5799999999999983,21.40374999999999,17.486666666666665,13.573333333333334,1.6128888888888897
931,2016-10-18,0.9473469387755097,4.116923076923076,21.725206611570268,17.67355371900826,13.619834710743799,1.9213973799126634
932,2016-10-19,1.4889344262295083,4.274999999999998,21.255555555555553,17.377777777777784,13.5045267489712,1.7497835497835517
933,2016-10-20,1.6242798353909464,4.116541353383458,20.02154471544715,16.141056910569105,12.26910569105692,2.093534482758618
934,2016-10-21,1.9394190871369286,5.376515151515152,19.591393442622937,15.034836065573764,10.485655737704926,2.060434782608697
935,2016-10-22,7.651452282157677,2.651908396946567,19.492561983471067,15.88264462809917,12.271074380165295,2.3783185840707968
936,2016-10-23,6.9872427983539085,4.151879699248121,20.185655737704913,16.503278688524578,12.816803278688525,3.18362831858407
937,2016-10-24,2.749593495934961,3.114925373134328,19.4239837398374,15.775609756097564,12.119105691056914,2.3306034482758604
938,2016-10-25,1.4377049180327868,3.4763358778625957,21.93481781376519,17.700000000000014,13.463967611336034,2.060515021459227
939,2016-10-26,0.280246913580247,5.630370370370371,23.797131147540988,18.78319672131147,13.771311475409828,1.8454545454545466
940,2016-10-27,0.08106995884773666,7.762406015037591,23.679508196721304,18.410655737704925,13.13688524590164,2.3449781659388647
941,2016-10-28,0.11469387755102041,7.726865671641792,23.485714285714273,17.9134693877551,12.335918367346935,2.222707423580787
942,2016-10-29,0.02734693877551021,8.071969696969695,23.309016393442622,17.10860655737704,10.909836065573765,1.9087336244541493
943,2016-10-30,0.03455284552845528,8.21287878787879,23.146530612244902,16.2061224489796,9.268979591836745,1.674347826086957
944,2016-10-31,0.02938775510204082,7.80530303030303,22.166393442622947,15.563114754098367,8.96188524590164,1.88193832599119
945,2016-11-01,0.013654618473895586,6.790298507462687,21.339112903225814,15.549596774193555,9.755241935483877,1.8386956521739133
946,2016-11-02,0.10612244897959186,7.762222222222225,22.145934959349603,16.003658536585373,9.868292682926825,1.6495652173913051
947,2016-11-03,0.6885245901639344,6.836842105263159,21.642040816326517,15.648979591836738,9.652653061224484,1.6695652173913054
948,2016-11-04,7.453749999999996,1.1925373134328356,18.435772357723565,14.923983739837398,11.412195121951223,2.0589519650655026
949,2016-11-05,11.348971193415638,2.564925373134328,17.884552845528447,13.919105691056915,9.95162601626017,3.3933628318584064
950,2016-11-06,4.122040816326533,5.911194029850748,14.219277108433728,10.391164658634535,6.562248995983937,3.0655172413793093
951,2016-11-07,3.191286307053943,5.857251908396947,12.657317073170727,8.563414634146344,4.467479674796748,2.822173913043476
952,2016-11-08,2.973251028806585,6.484090909090911,13.497142857142851,8.93934426229508,4.3967213114754085,3.5161572052401735
953,2016-11-09,1.1612244897959179,4.1233082706766915,15.596747967479674,11.333196721311472,7.084426229508198,3.90088105726872
954,2016-11-10,0.3373983739837399,6.785185185185185,15.847755102040823,11.250204081632655,6.653469387755104,2.737991266375547
955,2016-11-11,0.4536290322580646,6.3161764705882355,16.39112903225807,11.211740890688262,6.045748987854252,2.309130434782608
956,2016-11-12,2.313765182186234,4.285714285714287,16.24578313253012,11.488755020080317,6.736144578313249,1.945689655172414
957,2016-11-13,0.8344129554655868,5.199999999999998,17.46290322580646,12.968145161290327,8.467338709677419,2.354978354978355
958,2016-11-14,1.2012195121951217,6.197037037037043,16.0416,11.41400000000001,6.7896000000000045,3.2181034482758606
959,2016-11-15,0.08902439024390243,7.654074074074075,16.276612903225814,11.022983870967739,5.762499999999997,2.8883116883116893
960,2016-11-16,0.0032653061224489793,8.175555555555553,17.522764227642266,11.415447154471542,5.3097560975609746,2.139224137931035
961,2016-11-17,0.12040816326530612,7.769852941176471,18.574796747967493,12.203658536585376,5.831300813008128,1.8056034482758623
962,2016-11-18,0.32642276422764227,4.063970588235293,16.794354838709676,11.817338709677424,6.838709677419358,2.316309012875536
963,2016-11-19,1.9983673469387757,6.040740740740739,16.057489878542516,11.471659919028344,6.888663967611336,2.574891774891775
964,2016-11-20,11.092975206611571,1.5622222222222222,15.368145161290332,12.100403225806447,8.831048387096772,3.6228070175438583
965,2016-11-21,6.707407407407408,2.237593984962406,15.546153846153853,12.325506072874493,9.103238866396763,3.7606986899563313
966,2016-11-22,9.835416666666665,1.9325757575757572,12.551417004048583,9.92591093117409,7.299595141700404,2.095652173913042
967,2016-11-23,9.6225,1.9810606060606055,11.56816326530612,8.620816326530615,5.680000000000001,3.0340611353711795
968,2016-11-24,3.0837500000000007,3.3933333333333344,11.287449392712546,7.86234817813765,4.431174089068826,2.5163793103448295
969,2016-11-25,7.562240663900416,4.1481203007518825,12.049999999999995,8.05927419354838,4.070967741935483,2.792672413793103
970,2016-11-26,7.492436974789918,1.4631578947368422,12.509836065573772,9.577049180327867,6.647131147540983,2.898245614035087
971,2016-11-27,5.252100840336132,2.246564885496183,13.577178423236518,10.52572614107884,7.47883817427386,2.470925110132159
972,2016-11-28,0.8874476987447698,4.035606060606061,13.674380165289259,9.978099173553712,6.2801652892562005,1.750218340611355
973,2016-11-29,1.0140495867768593,3.5922480620155044,13.952674897119346,9.98395061728395,6.019341563786005,2.0863436123348014
974,2016-11-30,0.8245901639344262,4.48091603053435,15.104489795918358,11.260408163265307,7.415102040816326,3.4376068376068347
975,2016-12-01,1.5223999999999998,3.2355072463768124,14.45894308943089,10.83373983739838,7.211788617886177,2.0935897435897437
976,2016-12-02,0.9040322580645161,4.608695652173915,14.974999999999996,10.570901639344253,6.17254098360656,1.5250000000000004
977,2016-12-03,5.142629482071716,3.793430656934307,14.411693548387095,10.373387096774191,6.332258064516127,2.860085836909869
978,2016-12-04,7.884337349397588,1.7108695652173909,14.946370967741935,12.357258064516133,9.764112903225802,3.236206896551724
979,2016-12-05,1.2508,3.0630434782608695,16.408130081300815,12.941056910569099,9.466666666666667,2.3751072961373394
980,2016-12-06,0.07928286852589644,5.884782608695649,16.73292682926829,12.166530612244898,7.6024489795918315,1.9456896551724148
981,2016-12-07,0.0292,5.417518248175182,15.459514170040485,11.05506072874494,6.644939271255063,2.043103448275862
982,2016-12-08,0.32119999999999993,4.937226277372262,14.788663967611337,10.754655870445342,6.725910931174085,2.7189655172413785
983,2016-12-09,0.08870967741935486,5.619117647058821,15.899588477366247,11.35267489711934,6.8213114754098365,2.4565217391304373
984,2016-12-10,0.016867469879518076,6.078358208955223,15.990983606557375,11.206584362139926,6.439506172839506,1.811894273127754
985,2016-12-11,0.03991935483870965,5.65820895522388,15.40445344129554,10.468699186991872,5.54552845528455,1.5686956521739146
986,2016-12-12,0.023790322580645163,6.059558823529408,15.234146341463422,10.254065040650405,5.271544715447154,1.6307359307359321
987,2016-12-13,0.9979838709677418,5.040441176470586,13.77692307692307,9.15708502024291,4.536032388663966,1.7056034482758622
988,2016-12-14,4.033734939759034,2.9000000000000012,12.886290322580649,9.282258064516123,5.672580645161292,2.3599137931034475
989,2016-12-15,4.050202429149796,2.5481751824817525,11.932520325203253,8.933739837398374,5.930894308943089,2.269957081545064
990,2016-12-16,6.28433734939759,0.9051094890510948,11.295546558704453,8.94210526315789,6.58744939271255,2.7241379310344818
991,2016-12-17,5.243548387096776,3.4301470588235308,13.207228915662643,9.748594377510035,6.291164658634543,3.763675213675213
992,2016-12-18,7.9174796747967475,4.236296296296297,11.958130081300814,8.461382113821136,4.973577235772357,3.465517241379313
993,2016-12-19,3.8219512195121963,3.2375939849624054,11.077049180327869,7.340573770491801,3.6016393442622943,2.891703056768558
994,2016-12-20,2.8856557377049197,3.8601503759398503,11.610931174089064,8.024291497975714,4.440080971659919,2.5504310344827554
995,2016-12-21,1.623694779116466,3.89624060150376,12.749397590361442,8.757028112449799,4.765461847389558,2.4636752136752142
996,2016-12-22,0.39153225806451636,4.496268656716419,14.1408906882591,9.753846153846153,5.358704453441297,1.9969957081545082
997,2016-12-23,0.3048582995951419,5.45955882352941,14.679508196721308,10.118852459016384,5.554508196721312,1.766233766233767
998,2016-12-24,0.3704453441295548,5.329104477611941,14.402024291497982,9.851012145748982,5.3,1.983549783549784
999,2016-12-25,0.030894308943089435,5.440298507462685,14.33714285714286,9.498367346938775,4.661632653061221,1.9521739130434808
1000,2016-12-26,0.014170040485829965,5.64179104477612,14.36448979591836,9.191836734693878,4.024897959183674,1.881385281385283
1001,2016-12-27,0.011740890688259112,6.635606060606063,14.67551020408164,9.257551020408163,3.8412244897959176,1.9878260869565236
1002,2016-12-28,0.010080645161290324,5.834814814814818,14.412145748987852,9.257489878542513,4.10769230769231,2.2193133047210303
1003,2016-12-29,0.006072874493927126,6.9157894736842085,14.414285714285711,8.71265306122449,3.0204081632653077,1.9491379310344834
1004,2016-12-30,0.012601626016260165,5.990298507462688,13.059183673469388,7.63265306122449,2.2077551020408173,1.9995708154506453
1005,2016-12-31,0.0069105691056910576,6.140298507462685,11.734552845528459,6.699593495934957,1.670325203252032,2.0296137339055806
1006,2017-01-01,0.34798387096774197,5.445925925925926,10.63536585365854,5.689837398373987,0.745121951219512,1.8940170940170955
1007,2017-01-02,0.1704453441295547,3.881203007518798,11.654471544715443,7.082857142857144,2.508163265306122,2.4354978354978356
1008,2017-01-03,0.30682730923694795,4.674074074074074,13.555465587044539,8.618623481781375,3.6781376518218623,1.9880341880341887
1009,2017-01-04,0.024193548387096774,4.951470588235292,14.132258064516137,9.442510121457488,4.741295546558705,2.060851063829787
1010,2017-01-05,0.045381526104417653,6.010294117647057,13.675903614457848,8.608835341365465,3.539357429718876,2.4739495798319315
1011,2017-01-06,0.023387096774193546,6.8533333333333335,12.959839357429715,7.274698795180725,1.5879518072289158,2.207659574468086
1012,2017-01-07,0.011290322580645162,7.388970588235295,12.89516129032258,6.964919354838706,1.0342741935483872,1.9765957446808504
1013,2017-01-08,0.0072874493927125505,7.40820895522388,13.529959514170029,7.11093117408907,0.6959514170040486,2.1456896551724127
1014,2017-01-09,0.8869918699186992,7.299999999999997,13.28893442622952,7.455737704918034,1.6147540983606552,2.001731601731603
1015,2017-01-10,3.618218623481783,2.155970149253731,12.30530612244897,8.176326530612245,4.049795918367347,3.7484978540772533
1016,2017-01-11,0.4538461538461539,4.876296296296295,15.06951219512195,10.318699186991868,5.570325203252035,3.1559829059829054
1017,2017-01-12,1.2960000000000003,5.411111111111111,15.56451612903225,10.189112903225801,4.819758064516128,2.6708154506437762
1018,2017-01-13,2.231872509960159,5.422627737226277,11.678714859437756,7.661847389558237,3.647389558232929,3.971063829787233
1019,2017-01-14,2.0460317460317468,6.014598540145983,9.993625498007969,5.967330677290834,1.941434262948206,3.3004219409282696
1020,2017-01-15,2.818326693227092,4.821481481481483,10.853999999999996,6.607199999999998,2.3556000000000004,3.577215189873416
1021,2017-01-16,3.10199203187251,5.401459854014599,12.796799999999998,8.258400000000002,3.7231999999999994,3.843220338983053
1022,2017-01-17,0.37911646586345393,6.7073529411764685,11.289473684210527,6.018623481781377,0.7485829959514173,4.102100840336133
1023,2017-01-18,0.9439516129032258,5.522794117647059,6.471659919028343,2.2724696356275302,-1.9242914979757078,3.2327659574468077
1024,2017-01-19,6.423868312757203,3.5362962962962965,7.490763052208836,3.249397590361448,-0.9875502008032127,3.347058823529411
1025,2017-01-20,4.341563786008232,3.386259541984733,9.120331950207467,5.301244813278009,1.4821576763485482,2.8310638297872344
1026,2017-01-21,2.5860655737704934,5.351162790697675,11.094605809128637,6.313278008298753,1.5344398340248961,2.893562231759655
1027,2017-01-22,1.3329268292682932,4.691603053435114,11.158024691358026,6.644032921810699,2.1032786885245907,3.031330472103004
1028,2017-01-23,0.76734693877551,6.022727272727274,11.52057613168724,6.811111111111109,2.102880658436213,2.6461538461538487
1029,2017-01-24,0.01358024691358025,7.455725190839693,12.64938775510203,6.830612244897958,0.9861788617886186,2.5395744680851067
1030,2017-01-25,0.4396761133603239,7.594814814814816,12.104032258064514,6.024596774193549,-0.05846774193548377,2.2523206751054836
1031,2017-01-26,4.88375,3.2984848484848492,11.083673469387755,5.986122448979594,0.8881632653061224,2.7506382978723423
1032,2017-01-27,6.1184426229508215,1.905263157894737,11.093061224489796,8.19755102040816,5.302040816326532,3.477586206896552
1033,2017-01-28,0.9170040485829959,5.452272727272729,12.142105263157887,8.093117408906881,4.040485829959513,3.0542735042735054
1034,2017-01-29,1.1483870967741934,3.294074074074073,13.468548387096785,9.150806451612898,4.828629032258067,2.3690677966101696
1035,2017-01-30,0.5737903225806452,3.640441176470589,15.254838709677426,11.07056451612903,6.87741935483871,2.322127659574468
1036,2017-01-31,1.1275303643724697,5.931617647058823,15.772289156626504,10.918072289156624,6.063855421686745,2.4271186440677948
1037,2017-02-01,2.6317073170731713,4.544444444444443,15.13117408906883,10.75748987854251,6.383400809716603,2.7632478632478628
1038,2017-02-02,5.313580246913579,1.853333333333334,13.826016260162596,10.313414634146337,6.79552845528455,4.184482758620691
1039,2017-02-03,5.921900826446286,3.091666666666667,14.632921810699584,10.91275720164609,7.194650205761317,4.843421052631578
1040,2017-02-04,8.407468879668052,2.200751879699248,15.218106995884773,12.264609053497951,9.31769547325103,4.802643171806167
1041,2017-02-05,2.534979423868313,5.1716417910447765,13.400000000000004,9.785306122448974,6.175918367346938,6.290350877192987
1042,2017-02-06,1.896707818930041,5.852985074626868,15.18099173553719,10.529338842975214,5.878512396694214,4.043043478260872
1043,2017-02-07,2.930487804878048,4.347407407407408,15.204453441295552,10.704878048780492,6.194308943089426,3.444017094017093
1044,2017-02-08,1.0946938775510204,7.157037037037035,11.96437246963562,7.793902439024389,3.6215447154471545,3.755555555555555
1045,2017-02-09,0.8061728395061728,6.418656716417911,13.33413654618474,7.759036144578314,2.1919678714859434,2.579148936170214
1046,2017-02-10,2.1493927125506067,3.8237037037037034,11.344799999999996,7.256800000000001,3.1728,2.599999999999998
1047,2017-02-11,3.7400809716599204,1.7156716417910451,11.428799999999995,8.166,4.9003999999999985,3.54237288135593
1048,2017-02-12,11.421457489878547,1.3776119402985079,13.539676113360334,10.387449392712544,7.234008097165994,4.759148936170214
1049,2017-02-13,4.429098360655741,2.919083969465648,14.114516129032253,10.563709677419356,7.016532258064517,3.6923404255319148
1050,2017-02-14,1.151626016260163,5.760606060606059,15.21821862348178,10.239271255060727,5.258704453441296,2.392340425531915
1051,2017-02-15,0.5947154471544714,6.642962962962959,15.994758064516127,10.907258064516135,5.827419354838706,2.5948497854077246
1052,2017-02-16,0.01598360655737705,6.819402985074627,15.973684210526311,10.973684210526313,5.971255060728746,2.237872340425531
1053,2017-02-17,0.22734693877551024,8.048507462686569,16.393522267206468,10.508097165991902,4.6214574898785425,1.8012711864406803
1054,2017-02-18,2.2821138211382093,5.624264705882355,14.786693548387095,9.52177419354838,4.262499999999999,2.1334745762711846
1055,2017-02-19,0.5833333333333333,6.146666666666666,14.583665338645421,10.18964143426295,5.7952191235059765,3.1372881355932187
1056,2017-02-20,0.02581967213114754,7.247407407407405,15.176706827309248,9.967469879518077,4.75863453815261,3.0673728813559316
1057,2017-02-21,0.20245901639344266,8.228676470588237,16.832931726907628,10.895582329317268,4.955421686746985,2.956355932203389
1058,2017-02-22,0.1179591836734694,7.233834586466167,18.183064516129033,11.944758064516126,5.706451612903225,2.4689361702127637
1059,2017-02-23,1.5065306122448985,2.570676691729324,16.304435483870957,11.954838709677421,7.602419354838708,2.26837606837607
1060,2017-02-24,0.5785425101214576,4.988888888888888,15.054799999999995,10.725999999999996,6.395999999999999,2.776793248945148
1061,2017-02-25,0.059274193548387095,8.346616541353383,16.929599999999994,10.619600000000004,4.3088,2.263135593220337
1062,2017-02-26,0.14817813765182195,7.057142857142858,16.42031872509959,10.929083665338645,5.436254980079682,2.1704641350210965
1063,2017-02-27,0.4600806451612903,5.927272727272728,15.953629032258062,11.391532258064519,6.8278225806451625,3.90936170212766
1064,2017-02-28,1.65469387755102,3.393233082706768,14.338152610441755,10.653012048192775,6.9860000000000015,4.418297872340425
1065,2017-03-01,0.7028688524590163,7.631111111111109,16.65180722891567,11.209236947791176,5.762248995983932,2.7669491525423733
1066,2017-03-02,0.6662650602409635,7.635555555555557,17.656275303643728,11.812550607287445,5.965587044534409,2.3493670886075932
1067,2017-03-03,8.232244897959182,3.045038167938933,14.449186991869913,9.765040650406505,5.078048780487803,4.5194805194805205
1068,2017-03-04,3.4265306122448975,4.871641791044776,11.896341463414636,8.0130081300813,4.131300813008131,3.913215859030835
1069,2017-03-05,1.3344262295081972,2.970454545454545,15.108536585365872,10.596747967479672,6.084552845528454,3.287391304347825
1070,2017-03-06,0.1708333333333335,7.062307692307688,18.57095435684648,13.83319502074689,9.100000000000001,3.9818181818181806
1071,2017-03-07,0.45959183673469384,7.383333333333332,18.946122448979594,13.66122448979592,8.376734693877548,3.3862660944206
1072,2017-03-08,0.005714285714285716,8.997727272727277,21.385887096774205,14.591129032258063,7.793548387096771,2.03177966101695
1073,2017-03-09,0.004048582995951416,10.16791044776119,24.188663967611323,15.947368421052635,7.708097165991901,2.235443037974684
1074,2017-03-10,0.009836065573770493,10.389473684210524,25.425409836065572,17.06106557377049,8.697540983606554,2.2177966101694917
1075,2017-03-11,0.45450819672131143,7.87142857142857,22.713934426229507,15.616393442622964,8.52172131147541,2.759913793103449
1076,2017-03-12,5.920661157024794,6.660150375939849,17.457959183673466,12.542857142857146,7.626938775510202,4.3417391304347825
1077,2017-03-13,7.040909090909094,3.7355555555555555,13.330327868852464,9.867213114754104,6.400819672131147,4.836796536796536
1078,2017-03-14,0.999590163934426,6.239552238805975,17.049180327868843,12.199180327868834,7.340573770491804,4.164035087719298
1079,2017-03-15,0.005241935483870968,9.414074074074074,18.848790322580644,12.92137096774194,6.9875000000000025,3.4652360515021474
1080,2017-03-16,0.3723577235772356,9.395588235294115,19.21169354838709,12.837096774193544,6.463306451612905,3.198290598290597
1081,2017-03-17,0.14600000000000002,8.673529411764706,18.872399999999995,12.4812,6.085599999999999,2.9336170212765964
1082,2017-03-18,0.35919999999999996,9.225735294117642,20.026294820717123,12.967330677290835,5.913944223107568,2.2719148936170206
1083,2017-03-19,0.08755020080321285,9.419548872180453,20.64578313253011,13.260642570281123,5.879919678714859,2.1523404255319134
1084,2017-03-20,0.8254032258064514,8.34740740740741,19.975100401606426,13.847389558232933,7.717269076305218,2.5927966101694913
1085,2017-03-21,1.428744939271255,5.585925925925925,15.893172690763047,11.560642570281132,7.228112449799201,3.328085106382978
1086,2017-03-22,3.262753036437248,5.119999999999999,14.195934959349598,9.580894308943092,4.9678861788617885,3.9634042553191495
1087,2017-03-23,1.92995951417004,5.62794117647059,11.625101214574903,7.327125506072874,3.0319838056680153,3.4209401709401703
1088,2017-03-24,6.156326530612245,5.02238805970149,12.037651821862342,7.319028340080966,2.5963562753036453,2.6132478632478624
1089,2017-03-25,4.257377049180328,4.207575757575757,12.319918699187003,7.931707317073165,3.5504065040650388,3.2891774891774883
1090,2017-03-26,3.5673469387755117,6.284848484848484,15.739837398373979,10.611788617886173,5.485772357723578,3.5237068965517246
1091,2017-03-27,1.067755102040816,5.152272727272729,15.971311475409827,11.770901639344267,7.570081967213115,3.134632034632037
1092,2017-03-28,0.01612903225806452,9.54179104477612,18.483467741935506,12.607661290322577,6.729838709677419,2.34059829059829
1093,2017-03-29,0.001195219123505976,10.730827067669177,21.099999999999994,13.89156626506024,6.681526104417669,2.3575630252100837
1094,2017-03-30,0.6686746987951806,8.585925925925926,21.25920000000001,14.573999999999998,7.897999999999998,3.1430379746835446
1095,2017-03-31,1.8458167330677293,7.53941605839416,19.44279999999999,14.06279999999999,8.673600000000002,3.4444444444444478
1096,2017-04-01,1.5532000000000001,8.34666666666666,17.279032258064504,12.49959677419354,7.714112903225807,4.093562231759659
1097,2017-04-02,0.3051999999999999,9.872058823529406,18.16612903225806,12.085080645161291,6.008870967741939,2.9648068669527903
1098,2017-04-03,0.004417670682730924,10.994117647058822,19.87943548387097,12.662096774193548,5.447177419354841,2.4450643776824026
1099,2017-04-04,0.32709163346613546,10.541605839416059,20.269635627530363,13.348987854251016,6.430769230769228,2.9995744680851057
1100,2017-04-05,0.15319999999999998,9.155882352941173,18.570682730923693,12.9008032128514,7.231325301204821,3.55536480686695
1101,2017-04-06,0.003968253968253969,11.048507462686567,19.942629482071705,13.42270916334662,6.905179282868525,3.3565957446808494
1102,2017-04-07,0.00039840637450199205,11.359701492537312,21.236653386454176,13.947808764940236,6.653784860557765,2.964406779661015
1103,2017-04-08,0.00039840637450199205,11.251851851851853,22.45912698412698,14.877380952380957,7.297222222222217,2.585714285714284
1104,2017-04-09,0.04563492063492063,10.885925925925928,22.198804780876504,15.067729083665345,7.935856573705183,2.798728813559321
1105,2017-04-10,0.021999999999999995,9.989705882352942,22.817529880478094,15.615936254980078,8.416334661354584,2.5334745762711863
1106,2017-04-11,0.0,10.885294117647055,23.38446215139443,15.929083665338643,8.467330677290835,2.405882352941175
1107,2017-04-12,0.0003952569169960474,11.462686567164177,24.03919999999999,16.291200000000007,8.538000000000006,2.2453781512605038
1108,2017-04-13,0.0068000000000000005,10.721481481481485,24.136399999999988,16.643200000000004,9.140239043824701,2.5767932489451484
1109,2017-04-14,0.0630952380952381,8.967647058823532,23.021115537848605,16.7272,10.415599999999992,2.4143459915611825
1110,2017-04-15,0.13293650793650796,8.811111111111108,21.91553784860557,16.03665338645418,10.163745019920317,2.7101265822784857
1111,2017-04-16,0.0011904761904761904,10.373880597014923,23.3408,16.289999999999992,9.238400000000002,2.7529411764705896
1112,2017-04-17,0.09404761904761903,10.864444444444446,24.278884462151407,17.01354581673307,9.752589641434259,2.3665254237288114
1113,2017-04-18,0.10629921259842523,9.928148148148146,23.571825396825393,16.96972111553785,10.354183266932269,2.997907949790794
1114,2017-04-19,0.24120000000000005,8.084328358208957,20.01088709677419,14.904435483870968,9.800806451612914,4.583966244725738
1115,2017-04-20,0.002008032128514056,9.358646616541352,19.105976095617528,13.738645418326687,8.366135458167324,5.003389830508478
1116,2017-04-21,0.08458498023715415,11.087313432835822,20.37370517928286,13.591235059760962,6.807569721115539,4.150423728813561
1117,2017-04-22,0.0324,10.35333333333333,21.513253012048192,14.401606425702797,7.291967871485941,3.009745762711865
1118,2017-04-23,0.08055555555555556,10.985925925925928,23.33373493975905,15.883132530120477,8.423293172690768,2.445378151260503
1119,2017-04-24,0.5360323886639676,9.569629629629633,23.495967741935477,16.366532258064517,9.233064516129032,2.4351694915254205
1120,2017-04-25,3.69839357429719,6.00962962962963,20.515384615384598,15.474898785425099,10.434412955465593,3.068534482758623
1121,2017-04-26,2.8302788844621514,5.327067669172931,16.96079999999999,12.545199999999987,8.1352,3.4427350427350434
1122,2017-04-27,4.76938775510204,6.957777777777775,15.173983739837409,10.604878048780485,6.0333333333333306,3.4255411255411246
1123,2017-04-28,4.572244897959183,7.187218045112783,15.517004048582992,10.382186234817814,5.259109311740891,3.5879310344827595
1124,2017-04-29,2.7212244897959206,4.903053435114505,17.38204081632653,12.29102040816327,7.179674796747967,3.1326180257510745
1125,2017-04-30,2.786234817813765,5.255303030303033,16.625403225806448,12.16558704453441,7.6923076923076925,4.839914163090122
