date,rainfall_mm,sunshine_MJ_daym2,tmax_C,tmed_C,tmin_C,windspeed_m_s,pvpc_eur_MWh,prod_cost_eur_MWh
2014-04-01,4.70530612244898,4.004255319148935,18.084274193548392,13.680645161290329,9.268951612903225,4.28818565400844,64.58517174500001,33.25571
2014-04-02,6.861316872427984,1.8695652173913035,15.859274193548396,12.467741935483875,9.07620967741936,3.368644067796611,79.11227466166666,46.07404333333333
2014-04-03,4.871255060728745,4.05251798561151,14.543650793650787,11.240476190476189,7.938888888888885,3.8906779661016953,76.01785091166668,43.50154333333334
2014-04-04,1.3354838709677423,6.686666666666667,16.576984126984133,12.110714285714295,7.638492063492063,3.982700421940927,53.80946632833334,23.629459999999995
2014-04-05,0.29592760180995475,6.750364963503648,20.21264822134387,15.401976284584984,10.5905138339921,2.90337552742616,64.498917995,33.124876666666665
2014-04-06,0.032661290322580645,10.237226277372267,22.76336206896552,16.24655172413794,9.723706896551727,2.426495726495727,69.080872995,37.221126666666656
2014-04-07,0.2884462151394422,9.530434782608696,22.986800000000013,16.470400000000005,9.954000000000002,2.566666666666665,80.02109091166669,46.896543333333334
2014-04-08,0.035039370078740154,9.74676258992806,22.26692913385827,16.09803149606298,9.928740157480314,2.418750000000001,81.53742466166666,48.31196
2014-04-09,0.17103174603174606,9.426811594202892,23.18119999999998,16.4504,9.720000000000004,2.5148936170212743,77.78464341166666,44.88904333333334
2014-04-10,1.022529644268774,8.533576642335769,24.10360000000001,17.496,10.8856,2.6740425531914904,77.84576757833334,45.02112666666668
2014-04-11,0.6119047619047616,7.133571428571429,22.371653543307087,16.990157480314952,11.609055118110238,2.8683982683982685,72.62788549499999,40.41821
2014-04-12,0.7749999999999996,7.759854014598541,20.248031496063,15.234645669291327,10.216929133858264,2.8722222222222222,56.33677466166666,25.913210000000007
2014-04-13,0.0956521739130435,10.531884057971014,22.787937743190664,16.249416342412463,9.708560311284053,2.540425531914896,57.71560466166667,27.09696
2014-04-14,0.08735177865612649,8.611194029850749,22.64743083003953,16.488142292490114,10.324901185770747,2.5553648068669514,71.26434507833333,39.12321000000001
2014-04-15,0.3707509881422923,8.325547445255477,23.24484126984127,17.248809523809527,11.252380952380948,1.9978448275862075,83.80996924499998,50.32487666666666
2014-04-16,0.07159999999999997,10.603623188405797,23.99274193548388,17.191935483870974,10.38870967741936,1.9716738197424877,83.59131966166666,50.15404333333333
2014-04-17,0.004819277108433735,10.56397058823529,23.87370517928288,17.22430278884461,10.578486055776892,2.304680851063829,69.360800495,37.56362666666667
2014-04-18,0.03709677419354839,10.501481481481482,23.670682730923694,16.790361445783127,9.913253012048196,2.61111111111111,70.12194841166668,38.190293333333344
2014-04-19,3.322764227642278,5.938970588235294,21.18130081300812,15.919512195121953,10.654065040650414,3.2410480349344986,70.46404216166667,38.46029333333333
2014-04-20,5.0315573770491815,4.767883211678831,17.412903225806456,13.709274193548387,10.011290322580637,3.0883116883116877,63.583439245,32.31487666666667
2014-04-21,4.386384976525823,4.8508196721311485,17.51586538461539,13.457211538461536,9.399038461538463,2.7578947368421045,78.55749341166667,45.66237666666667
2014-04-22,0.9110204081632652,7.704379562043798,19.07387755102041,14.069795918367342,9.067755102040824,3.139737991266375,74.3404725783333,41.93779333333333
2014-04-23,0.7097959183673467,8.642753623188403,20.09632653061223,14.694693877551027,9.287346938775508,2.9283261802575105,83.28590382833336,49.83279333333334
2014-04-24,3.507883817427388,6.660144927536233,18.60495867768596,13.807024793388429,9.003305785123963,3.758260869565218,76.26953966166667,43.77737666666666
2014-04-25,1.8291666666666664,9.047826086956524,17.58842975206612,12.648347107438012,7.7074380165289185,4.262114537444932,54.43304216166667,24.22154333333333
2014-04-26,1.1203252032520326,6.935338345864662,19.69959183673468,14.542857142857148,9.382448979591832,3.9682608695652166,52.65654632833333,22.657376666666664
2014-04-27,0.5869918699186991,9.867164179104476,19.971370967741922,14.492741935483876,9.022177419354838,3.995726495726496,57.42872424500001,26.88696
2014-04-28,0.5412244897959182,8.899248120300754,21.506072874493928,15.787044534412962,10.072469635627533,3.300865800865801,80.18227216166667,47.09446000000001
2014-04-29,0.6207317073170731,9.172992700729926,22.197983870967754,16.297967479674803,10.395528455284552,2.7919148936170206,80.23970632833333,47.18529333333333
2014-04-30,0.3522448979591837,8.922627737226279,22.471544715447155,16.843089430894313,11.212195121951225,2.7944444444444443,82.22877007833333,48.95404333333334
2014-05-01,0.29798387096774204,9.910869565217386,22.559599999999996,16.79200000000001,11.024000000000012,2.9851063829787248,74.400827995,42.032793333333345
2014-05-02,0.2182926829268293,10.314492753623188,21.38902439024389,16.01626016260163,10.646341463414627,3.9004329004329032,69.558471745,37.687793333333346
2014-05-03,0.01747967479674797,11.67058823529412,21.677777777777788,15.43306772908366,9.182071713147408,3.6470085470085483,71.88757924500003,39.71446000000001
2014-05-04,0.004453441295546559,12.027007299270071,23.188446215139443,15.830677290836649,8.480079681274903,2.7279661016949155,83.800897995,50.25696
2014-05-05,0.012244897959183671,10.972463768115942,24.933333333333355,17.30722891566265,9.681124497991963,2.889743589743589,90.75646257833334,56.52862666666666
2014-05-06,0.03833333333333334,7.8927536231884075,24.38097165991902,18.116194331983817,11.857085020242915,2.8549356223175955,91.28228757833334,56.97487666666667
2014-05-07,0.019262295081967213,8.131884057971012,24.358367346938763,18.28897959183672,12.220000000000002,2.3915611814345974,94.71738716166664,60.01612666666667
2014-05-08,0.07530364372469635,9.64028776978417,24.73024193548387,18.74153225806451,12.756854838709685,2.777310924369745,92.86842382833332,58.39070999999999
2014-05-09,0.014516129032258069,9.946762589928058,25.37290836653388,19.240239043824694,13.11713147410358,2.6131914893617023,96.079885495,61.21154333333333
2014-05-10,0.4204819277108436,9.77794117647059,26.24822134387352,19.75177865612648,13.26403162055336,2.7822784810126566,92.27291591166666,57.88612666666669
2014-05-11,0.016867469879518072,10.001470588235302,24.432399999999987,18.789600000000007,13.140000000000004,3.0544680851063837,86.95620674500002,53.16404333333333
2014-05-12,0.5056910569105691,9.68321167883212,23.629718875502004,17.599196787148603,11.561847389558235,3.0012875536480657,91.30372716166666,57.03529333333334
2014-05-13,0.12113821138211385,10.209558823529406,21.651792828685263,16.182071713147415,10.712350597609557,3.595744680851067,82.39203549499999,49.06654333333333
2014-05-14,0.0,11.272262773722625,22.928458498023705,16.321343873517794,9.711462450592883,3.6936708860759504,84.63171174499998,50.97737666666666
2014-05-15,0.00040160642570281126,12.131386861313867,24.04484126984127,17.36428571428571,10.68214285714286,3.7704641350210966,86.62352591166666,52.80404333333334
2014-05-16,0.0004,12.477941176470589,23.45116279069768,17.006201550387587,10.56317829457364,3.8475,82.390600495,49.04779333333333
2014-05-17,0.05645161290322581,11.67080291970803,23.183657587548648,16.3953125,9.604296874999994,3.3878151260504197,76.85044132833332,44.13571000000001
2014-05-18,0.2368852459016393,9.735036496350368,23.47410358565737,16.8508,10.227199999999996,2.866949152542372,91.49215632833334,57.18154333333332
2014-05-19,2.2556910569105693,7.745255474452553,21.874698795180716,16.364919354838708,10.856854838709676,4.024255319148936,88.24659632833334,54.32029333333333
2014-05-20,4.9461224489795885,5.657971014492753,19.907450980392152,15.53882352941176,11.170588235294108,3.3897872340425548,89.245902995,55.18696
2014-05-21,4.097177419354844,6.3021582733812975,19.44921875,15.192941176470592,10.951764705882347,4.725423728813559,81.97757674500002,48.76612666666666
2014-05-22,2.5502008032128534,6.4250000000000025,19.144140625000006,14.585546875000013,10.022656249999994,4.199578059071729,80.3791746616667,47.20321000000001
2014-05-23,0.8583999999999997,8.45255474452555,19.496484374999987,14.262352941176474,9.041960784313721,3.8180672268907534,86.74339966166666,52.86487666666667
2014-05-24,2.234677419354839,7.0742647058823565,19.781960784313718,14.269411764705886,8.755686274509802,2.932911392405064,91.850786745,57.54737666666667
2014-05-25,2.569918699186993,8.171111111111113,19.650000000000006,14.641269841269837,9.632936507936508,3.103418803418804,89.91252882833334,55.82362666666666
2014-05-26,0.8020920502092047,9.099248120300752,20.5572,14.718799999999998,8.880000000000003,3.151931330472102,91.15072882833334,56.85362666666666
2014-05-27,1.7183673469387757,7.490510948905108,21.068924302788826,15.671200000000002,10.28,2.9953389830508463,93.59048507833332,59.02570999999998
2014-05-28,3.518699186991871,4.503703703703702,19.88690476190477,15.759362549800796,11.662948207171318,3.5661016949152544,93.55835132833336,59.04696000000001
2014-05-29,1.5329268292682927,7.310218978102193,21.519762845849815,16.101581027667994,10.685375494071145,3.1560669456066983,92.985769245,58.50946
2014-05-30,0.9967611336032388,8.183823529411764,21.71102362204724,16.75393700787402,11.792519685039375,3.433333333333333,93.830164245,59.27154333333332
2014-05-31,1.454838709677419,7.981294964028772,21.18070866141733,16.0736220472441,10.962598425196855,3.5359504132231403,88.35061674500002,54.40362666666666
2014-06-01,0.3478260869565218,8.901438848920865,22.224206349206344,16.522619047619052,10.822222222222216,3.4012605042016832,83.37777133166666,50.82321
2014-06-02,0.027125506072874492,11.072262773722631,24.05220883534137,17.585140562248995,11.117269076305218,2.9652542372881343,94.49984686249998,59.51779333333334
2014-06-03,0.22650602409638554,11.170289855072467,25.464143426294818,18.721912350597613,11.98007968127489,3.0472573839662456,95.68951547416668,60.41946
2014-06-04,0.2483870967741936,9.729927007299272,23.86666666666665,18.299999999999994,12.730952380952385,3.4576271186440657,95.05581319583332,59.99946
2014-06-05,0.8644,9.87925925925926,25.372799999999987,18.70280000000001,12.0284,3.1177215189873397,96.98710584916664,61.64821
2014-06-06,1.2557768924302783,7.445652173913044,26.868253968253974,20.848412698412726,14.825793650793655,4.014767932489452,88.53545549666669,53.91904333333334
2014-06-07,0.3289156626506024,10.447101449275364,25.989999999999984,20.20481927710844,14.39196787148595,3.3669491525423734,83.8379682891667,51.10779333333335
2014-06-08,0.2215139442231076,10.88248175182482,26.858333333333324,20.371428571428567,13.885317460317461,2.9755274261603386,88.84307174833334,55.924459999999996
2014-06-09,0.4210317460317459,9.726086956521737,26.44325396825396,20.42619047619047,14.404365079365077,3.2453781512605056,93.30812852916668,58.45237666666666
2014-06-10,0.4505928853754941,8.794890510948902,26.023107569721127,19.954980079681267,13.888047808764947,2.6029288702928857,98.04210297416668,62.57320999999999
2014-06-11,0.8158102766798417,10.035251798561148,28.37068273092369,21.822580645161295,15.300806451612909,2.7706382978723387,100.01674402916666,64.46070999999999
2014-06-12,0.4110671936758893,10.989855072463763,29.989370078740148,23.138582677165353,16.29409448818898,2.644769874476987,103.5076791825,67.49821
2014-06-13,0.209765625,10.686956521739127,30.41383399209485,23.528174603174605,16.63888888888889,2.6325,102.38774216333331,66.12446
2014-06-14,0.4568627450980392,11.680575539568341,29.370078740157485,22.926771653543305,16.47795275590551,3.3954166666666654,84.1080791225,51.31195999999999
2014-06-15,0.054509803921568616,11.574820143884894,26.76023622047244,21.078740157480308,15.396850393700793,3.9602510460251046,64.25003383166667,33.63529333333334
2014-06-16,0.6681451612903226,10.147058823529411,25.17004048582995,19.517813765182172,13.869354838709686,3.4218487394957986,86.42461019583334,52.54279333333333
2014-06-17,1.0502008032128514,10.766666666666666,25.97090163934427,19.769262295081973,13.571721311475404,3.010729613733905,95.09316589083336,60.01695999999998
2014-06-18,0.40275590551181095,10.859854014598536,26.57871485943776,20.183935742971872,13.792369477911654,2.807142857142856,104.78277152916664,68.68654333333333
2014-06-19,0.11106719367588937,9.719565217391304,27.007569721115537,20.932669322709152,14.854581673306766,2.8682203389830527,104.26466834916666,68.16154333333334
2014-06-20,1.752988047808765,9.747826086956524,27.808606557377054,21.7405737704918,15.667622950819686,2.9424892703862664,107.94897049666666,70.98695999999997
2014-06-21,0.716465863453815,10.282089552238807,27.09999999999999,21.321951219512176,15.54065040650407,2.9914163090128745,98.3639841225,64.21821
2014-06-22,1.041935483870968,8.843478260869565,26.740163934426214,20.997131147540976,15.254098360655734,2.681304347826086,95.12950424833336,61.58821
2014-06-23,3.68813559322034,8.648739495798317,26.656066945606693,21.03765690376568,15.414644351464435,2.8449781659388638,109.36270977916666,72.69862666666667
2014-06-24,5.352320675105487,4.414179104477612,22.918595041322323,18.95041322314051,14.980578512396695,2.985964912280704,110.3229771408333,73.29904333333334
2014-06-25,0.964634146341463,7.340441176470589,24.633061224489808,19.565306122448977,14.490204081632653,3.246153846153849,100.87755402916666,65.22987666666667
2014-06-26,0.4273469387755102,9.308148148148147,25.872800000000005,20.453199999999992,15.028000000000002,2.8225531914893613,105.37487501583333,69.15737666666668
2014-06-27,0.8254032258064514,10.704411764705878,27.400404858299588,21.083805668016183,14.765182186234814,2.825316455696203,108.78980466333331,71.68987666666669
2014-06-28,0.9163346613545816,9.694964028776974,27.517460317460326,21.447222222222226,15.373809523809536,3.888655462184872,86.9853441225,54.04487666666666
2014-06-29,0.31720000000000004,10.74710144927536,25.397222222222208,19.88174603174605,14.373412698412702,3.7907949790794992,80.00238424833334,47.84821
2014-06-30,0.5844,11.078260869565218,27.026104417670656,20.217670682730926,13.407228915662653,3.114767932489453,98.25244477916664,62.85112666666666
2014-07-01,2.149180327868852,8.052173913043484,25.768145161290327,20.486693548387095,15.208467741935479,3.8286324786324797,94.59356667,58.93112666666668
2014-07-02,2.568776371308017,7.221323529411764,24.011203319502076,19.543568464730296,15.070124481327795,3.6565217391304334,97.09723347833334,60.92279333333334
2014-07-03,5.734854771784232,6.984671532846716,24.41942148760332,19.658264462809925,14.89173553719008,3.2995594713656407,97.1767308825,61.03987666666666
2014-07-04,0.24,10.301459854014599,26.88524590163935,20.840983606557387,14.79754098360656,3.0659482758620693,101.48946273333333,64.74945999999998
2014-07-05,1.5512295081967211,10.168613138686132,28.618852459016377,22.27418032786886,15.937704918032784,3.1549783549783563,88.42625257083334,54.70029333333333
2014-07-06,3.0880658436214,6.828467153284668,25.388524590163932,20.6438524590164,15.899590163934429,3.793939393939392,81.66470026833333,49.26404333333334
2014-07-07,0.9975308641975308,8.895555555555555,24.784710743801647,19.91776859504132,15.05371900826446,3.6248908296943214,90.154240705,55.56446
2014-07-08,0.2873469387755101,10.62028985507246,26.60991735537188,20.501239669421484,14.404545454545438,3.3722943722943723,93.02069458666666,57.52862666666665
2014-07-09,0.12601626016260165,10.707913669064746,25.776446280991745,20.54710743801654,15.316115702479348,3.8927038626609423,84.761193895,50.08737666666665
2014-07-10,0.28375,11.503649635036494,26.133196721311485,20.237295081967204,14.342622950819669,3.5548245614035063,83.1091508825,48.72904333333333
2014-07-11,0.1205761316872428,10.979411764705882,26.907818930041167,20.657201646090535,14.367213114754092,3.3107758620689647,87.44135564999998,52.45529333333334
2014-07-12,0.0786008230452675,11.274074074074075,27.29142857142858,21.168571428571433,15.042040816326535,3.048484848484849,88.08936757083335,54.22487666666665
2014-07-13,0.2673553719008264,11.169565217391305,28.717842323651446,22.144813278008307,15.569294605809134,2.9540772532188835,88.04042985166667,55.06862666666667
2014-07-14,0.017427385892116183,11.039705882352937,29.386974789915982,23.26008403361345,17.112133891213375,2.6708154506437767,99.836374455,64.12612666666668
2014-07-15,0.02712550607287449,11.565467625899286,30.76788617886178,24.17439024390244,17.57764227642276,2.823275862068966,101.02657667,64.54695999999998
2014-07-16,0.13739837398373986,11.245652173913053,32.27692307692306,25.34655870445345,18.417408906882578,2.7145922746781115,99.46214222833332,62.94529333333333
2014-07-17,0.009090909090909092,11.31379310344828,32.581512605042,25.737815126050414,18.8794979079498,3.2564655172413777,92.72896171583334,57.27154333333332
2014-07-18,1.3812500000000003,8.130656934306568,30.122131147540976,24.281147540983607,18.438524590163922,3.672222222222224,96.4156719,60.38570999999999
2014-07-19,2.0483870967741944,5.99270072992701,26.63012048192769,21.901204819277105,17.177108433734947,3.5080168776371297,86.71482548750002,53.17196000000001
2014-07-20,0.7157258064516128,9.4934306569343,26.263709677419342,21.196774193548396,16.131451612903234,3.9324894514767927,79.50515485166666,47.36612666666666
2014-07-21,0.1306451612903226,12.12761194029851,28.206477732793502,21.59919028340081,14.993522267206464,2.896170212765957,98.637469455,63.09404333333334
2014-07-22,0.027125506072874492,12.486956521739133,30.210204081632646,23.086885245901613,15.951229508196736,2.850862068965517,98.45881875333336,62.23487666666665
2014-07-23,0.038524590163934426,11.95328467153285,30.82336065573773,23.854508196721326,16.890983606557374,2.8465517241379312,102.328005145,65.43529333333332
2014-07-24,0.7,10.196323529411764,29.981171548117164,23.851464435146422,17.728033472803347,2.968260869565218,99.5808908825,63.16071
2014-07-25,0.4560165975103734,9.832846715328463,29.52916666666665,23.74416666666667,17.959583333333338,2.660964912280701,94.36870273333332,58.49112666666666
2014-07-26,0.0005128205128205128,11.499999999999995,30.15263157894738,23.887368421052642,17.632631578947368,2.7266666666666666,89.15827757083332,55.24862666666667
2014-07-27,0.0225,11.72262773722628,30.779661016949163,24.412711864406766,18.048305084745763,2.7336244541484715,86.970704435,54.10446000000001
2014-07-28,1.7083333333333328,9.267883211678836,28.870168067226878,23.405508474576283,17.958474576271175,3.2968888888888865,90.10307403833332,55.507793333333346
2014-07-29,0.21587982832618027,10.7984,27.04675324675324,21.749999999999996,16.468260869565224,3.7419913419913415,89.55515542,54.40737666666667
2014-07-30,0.023394495412844038,11.696610169491516,29.02986425339365,22.28954545454545,15.54318181818182,3.0197044334975383,94.26163889500002,58.33112666666667
2014-07-31,0.10082304526748972,11.162962962962956,29.995510204081636,23.477959183673462,16.9604081632653,3.0532751091703063,99.39412296583332,63.035709999999995
2014-08-01,1.6311475409836076,8.165925925925928,27.537037037037038,22.567901234567906,17.596707818930042,3.6229437229437225,96.76290802416668,60.35445999999999
2014-08-02,2.367768595041323,8.186466165413531,26.708713692946066,21.660580912863086,16.614937759336094,3.4978070175438583,90.64450301333336,55.19029333333335
2014-08-03,0.6365145228215767,9.997037037037037,27.78151260504201,21.906302521008413,16.028151260504213,2.628260869565216,92.48941006,56.64237666666667
2014-08-04,0.39707112970711295,10.63925925925926,28.748535564853547,22.65606694560669,16.572803347280335,2.6747826086956503,99.5384410975,62.41195999999999
2014-08-05,0.0020408163265306124,11.321052631578937,29.495454545454546,23.119421487603297,16.743388429752052,2.576170212765956,99.28117502500004,61.925709999999995
2014-08-06,0.1416326530612245,11.036764705882351,30.151836734693884,23.84244897959185,17.53632653061225,2.8147679324894512,97.59235614583334,60.55404333333334
2014-08-07,0.3367768595041322,10.632116788321168,30.51297071129707,24.414644351464442,18.31799163179917,2.6953191489361683,99.27930792833335,62.35612666666668
2014-08-08,1.8410569105691057,9.594927536231882,30.41821862348179,24.554655870445327,18.691902834008093,3.26906779661017,96.54516302416668,60.12737666666666
2014-08-09,0.2759036144578313,9.190298507462682,29.77177419354839,24.12177419354839,18.47096774193549,3.0247863247863225,93.60796009666667,57.92237666666666
2014-08-10,0.6409836065573772,10.33722627737226,30.48471074380168,24.14834710743801,17.820661157024787,3.119148936170212,88.86559256,53.46362666666667
2014-08-11,0.19585062240663892,10.341911764705888,29.287755102040816,23.4804081632653,17.66938775510204,2.820171673819741,97.62412526416666,60.68904333333333
2014-08-12,1.697107438016528,8.778102189781022,28.929831932773105,23.27058823529409,17.62142857142857,3.1913419913419916,95.12219002499997,58.36654333333335
2014-08-13,0.5356557377049179,10.295620437956206,27.066393442622946,21.935655737704906,16.807377049180324,4.067094017094015,91.39903281249998,55.22112666666667
2014-08-14,0.14897959183673473,9.821323529411764,27.06138211382114,21.125203252032517,15.182520325203257,3.036016949152542,96.339417095,59.807793333333336
2014-08-15,0.4577235772357723,10.30942028985507,27.85668016194332,21.742914979757074,15.633603238866394,2.896610169491527,92.67004813166665,56.56612666666666
2014-08-16,0.3053061224489796,9.958823529411765,26.908835341365467,21.32329317269077,15.736144578313265,3.261506276150627,90.15533593,54.82446000000001
2014-08-17,0.004918032786885246,11.379850746268652,29.260569105691047,22.32398373983741,15.38821138211382,3.148953974895395,91.68747256,55.85612666666666
2014-08-18,1.2123456790123452,8.379999999999997,29.03739837398373,23.044308943089433,17.04674796747968,3.28403361344538,100.07962984750002,62.83737666666668
2014-08-19,0.2613168724279836,9.957037037037038,28.05284552845529,22.276829268292683,16.499186991869916,3.2047008547008566,99.02552794166664,61.70779333333334
2014-08-20,0.687190082644628,9.218656716417913,27.330327868852464,21.78811475409836,16.251229508196722,2.8961206896551714,101.31089447916666,63.78029333333333
2014-08-21,0.1912500000000001,9.994890510948911,27.697131147540983,21.72090163934427,15.744262295081965,2.8060085836909874,101.9887425116667,64.72321000000001
2014-08-22,3.1872427983539096,7.740145985401461,26.2414937759336,21.143568464730297,16.05145228215767,2.9364806866952766,97.44814094083333,60.924459999999996
2014-08-23,0.006198347107438018,10.428571428571432,27.606224066390048,21.27219917012449,14.943568464730284,2.7760869565217385,94.24873884666668,58.33154333333332
2014-08-24,0.009090909090909092,11.14740740740741,29.336213991769537,22.527572016460915,15.724279835390947,2.668558951965064,94.57913339333334,58.37612666666667
2014-08-25,0.22314049586776866,11.074264705882356,31.09834024896265,23.80331950207469,16.507468879668046,2.9895196506550223,102.1459373475,64.67029333333333
2014-08-26,0.5554166666666667,9.573529411764712,31.10041666666667,24.597916666666652,18.094166666666673,3.2721739130434795,95.34712002500002,58.52779333333334
2014-08-27,0.16239669421487601,10.469852941176468,31.81327800829877,25.3448132780083,18.87510373443984,2.6939655172413763,102.39944614583334,64.69279333333334
2014-08-28,0.4894514767932489,9.430597014925377,30.85864978902956,24.531223628692004,18.19746835443037,2.6855895196506547,104.938769595,67.29820999999998
2014-08-29,0.1847736625514403,9.004444444444445,29.33958333333333,23.721666666666657,18.102083333333336,2.5311403508771915,105.7350076075,68.12154333333332
2014-08-30,0.3210743801652892,8.364661654135336,28.917573221757326,23.35815899581589,17.79623430962343,2.7646288209606977,96.10265551333332,59.94570999999999
2014-08-31,0.049583333333333326,10.190909090909088,30.1665271966527,24.001255230125523,17.835564853556484,2.5864035087719266,95.41683172666666,59.09279333333333
2014-09-01,0.01016949152542373,10.961940298507466,31.399163179916325,24.5916317991632,17.780753138075312,2.423348017621143,101.6264364375,65.86154333333334
2014-09-02,0.30346320346320343,10.48358208955224,31.949789029535843,24.87426160337552,17.79535864978903,2.6911504424778765,106.86971569666666,69.56446000000001
2014-09-03,0.12350427350427348,9.794776119402988,30.179487179487165,24.109401709401716,18.036324786324784,2.654910714285715,108.79378613166664,71.19404333333334
2014-09-04,0.3284518828451882,8.92992700729927,28.824050632911398,23.19662447257386,17.57215189873417,2.5555555555555567,115.3252295558333,77.08571000000002
2014-09-05,0.2799999999999999,10.03656716417911,29.434873949579824,23.236974789915987,17.044957983193274,2.3234513274336264,111.34255035833333,73.53529333333336
2014-09-06,0.6140425531914894,8.445454545454544,28.97130801687763,23.22796610169492,17.483474576271192,2.5909909909909907,103.37188724333332,68.75321
2014-09-07,3.6233766233766236,6.899248120300753,27.73589743589745,22.686752136752144,17.644017094017098,2.7631818181818177,97.97868287083332,63.72820999999999
2014-09-08,0.9354978354978352,8.74887218045113,28.090517241379317,22.550000000000033,17.001724137931028,2.225806451612903,108.9994951875,72.32612666666667
2014-09-09,0.3051724137931034,9.555303030303028,28.930472103004302,22.90472103004292,16.86223175965666,2.246396396396395,113.08771527999998,74.98362666666667
2014-09-10,0.3151515151515152,9.549624060150377,29.06286919831224,23.003797468354424,16.941350210970462,2.3660714285714293,109.83141488166666,72.08279333333334
2014-09-11,0.1995726495726496,9.282962962962962,28.505508474576263,22.948305084745744,17.388559322033903,2.687443946188338,104.28517455583334,67.46946000000001
2014-09-12,0.16085106382978726,9.371111111111107,28.487394957983195,22.72563025210083,16.95882352941177,2.4766816143497747,107.236530775,70.02154333333334
2014-09-13,0.5129870129870129,8.839849624060152,28.52700421940929,22.58902953586498,16.656118143459913,2.328699551569505,102.52917599333334,67.89987666666666
2014-09-14,2.7127192982456143,7.736363636363639,27.54957264957266,21.86923076923077,16.179487179487168,2.797247706422018,98.90849995416666,64.58071000000001
2014-09-15,0.791341991341991,8.115037593984963,26.67594936708861,21.16624472573839,15.655696202531646,2.2461538461538444,108.27788227083336,71.71987666666669
2014-09-16,5.014285714285714,5.244852941176472,26.902553191489343,21.58,16.259999999999998,3.4963800904977376,99.60610236333332,63.209043333333334
2014-09-17,4.316299559471365,5.746616541353379,26.135983263598327,21.474476987447698,16.825941422594152,3.2621145374449365,99.39418279833332,62.96071
2014-09-18,3.1934210526315794,6.28740740740741,25.503418803418807,20.88841201716738,16.29699570815451,3.141363636363637,102.8125562225,66.19612666666669
2014-09-19,2.032608695652174,5.3955223880597005,25.107627118644057,20.66186440677967,16.21779661016949,2.8288288288288284,106.23293160833336,69.14446
2014-09-20,0.3676855895196508,6.770769230769227,26.65384615384616,21.19230769230769,15.72051282051282,1.90462962962963,102.94961391,68.28696000000001
2014-09-21,3.880349344978168,5.9,26.68793103448275,21.30689655172414,15.92672413793104,2.0249999999999977,102.4905407875,67.77445999999999
2014-09-22,5.1361233480176205,3.725,22.93086956521739,19.2895652173913,15.65869565217391,2.257209302325581,106.9830772708333,70.63404333333334
2014-09-23,2.154112554112554,5.0856060606060565,22.951082251082248,18.63593073593073,14.320779220779224,2.2341013824884794,111.26881611333334,73.47196
2014-09-24,1.7217391304347822,6.493233082706768,22.67564102564102,18.150427350427343,13.624786324786324,2.3696832579185507,107.96200821499998,70.49320999999998
2014-09-25,0.6387931034482758,8.265413533834586,23.314163090128748,17.743347639484966,12.184978540772518,2.4058823529411737,106.71422913916668,69.64112666666666
2014-09-26,1.6523809523809525,8.006818181818186,24.357142857142854,18.345454545454537,12.340692640692634,2.1744292237442924,109.10643744166664,71.59196000000001
2014-09-27,3.614347826086956,5.766153846153848,24.00470085470085,18.857264957264963,13.701282051282055,2.643636363636364,99.98815932666666,65.62862666666668
2014-09-28,5.682142857142856,3.392307692307692,22.31818181818181,18.87272727272727,15.427705627705631,2.0520547945205485,100.49898245416666,65.91529333333334
2014-09-29,2.9406113537117906,5.596969696969694,23.800431034482774,19.26034482758621,14.721551724137926,1.8124423963133651,114.68293977083331,77.36779333333331
2014-09-30,0.7172413793103446,6.875187969924812,24.468354430379748,19.354852320675107,14.244725738396626,2.218018018018019,117.0114661133333,78.41570999999998
2014-10-01,0.2757709251101322,6.586567164179107,24.943829787234048,20.07489361702128,15.212340425531918,2.697695852534561,109.55180182083332,71.67529333333334
2014-10-02,0.3885593220338983,7.539552238805967,25.50127659574467,20.36340425531914,15.22808510638298,2.2901785714285703,110.93693209999998,72.62070999999997
2014-10-03,0.08931623931623936,8.766417910447764,25.7775,20.043750000000006,14.323749999999995,1.8533632286995516,120.1797976975,80.63695999999999
2014-10-04,1.863865546218488,7.013432835820893,24.96419753086421,19.421399176954733,13.878189300411508,2.3308035714285698,109.4352049075,73.24737666666667
2014-10-05,0.3141666666666668,7.533082706766916,23.24156378600825,18.270370370370372,13.29465020576132,2.385903083700439,94.98557894416666,60.019459999999995
2014-10-06,0.640928270042194,7.3404580152671794,23.538934426229496,18.18811475409836,12.836475409836064,2.8571428571428568,100.71604453916667,64.77154333333334
2014-10-07,1.025941422594142,6.734814814814813,23.866390041493773,19.015352697095448,14.157261410788381,2.625112107623319,97.2334576275,60.81862666666666
2014-10-08,5.905042016806723,6.115151515151516,24.34628099173555,19.221074380165305,14.092148760330575,2.9938053097345114,96.75700890416664,60.47696
2014-10-09,6.944915254237293,5.309022556390978,22.87489539748955,18.76945606694561,14.661924686192467,2.516517857142857,103.41093793333334,65.97821
2014-10-10,2.903797468354431,5.095419847328246,22.107142857142858,17.929831932773126,13.75924369747899,2.154222222222222,121.54919811416666,81.85029333333334
2014-10-11,6.994805194805188,4.807575757575759,22.380334728033482,17.764853556485356,13.151882845188293,2.419004524886879,109.7776911575,73.52487666666667
2014-10-12,4.187288135593221,4.290977443609023,20.56075949367089,17.033755274261598,13.499578059071725,3.314220183486236,87.65747681416666,56.25696
2014-10-13,6.7600858369098695,3.677037037037037,19.050627615062755,15.454811715481176,11.869456066945613,2.7990909090909093,96.85171078916665,61.31237666666667
2014-10-14,1.942796610169491,4.731851851851851,18.985714285714298,15.04894514767932,11.148945147679319,2.4522321428571416,106.13941304416666,68.57904333333332
2014-10-15,3.5316455696202533,3.537121212121213,20.721428571428586,16.342857142857138,11.961344537815124,2.9431111111111132,90.8669497375,55.32362666666666
2014-10-16,3.979583333333336,5.982575757575757,23.313991769547314,19.114814814814807,14.917695473251033,2.9982532751091693,91.81048085,55.91654333333333
2014-10-17,0.1661224489795918,8.386029411764708,24.830364372469624,19.46680161943321,14.108906882591095,2.6517543859649093,92.46791353083334,56.50946
2014-10-18,0.6751037344398341,8.147794117647056,26.433877551020398,20.266122448979583,14.101632653061236,2.400884955752212,88.64522407416666,54.56654333333334
2014-10-19,1.4623966942148758,7.4451851851851885,26.58893442622951,20.50245901639344,14.41762295081968,2.298684210526317,94.89165394416666,60.06071000000001
2014-10-20,0.2388429752066116,8.358088235294117,27.01708333333333,20.514166666666654,14.012916666666667,1.9331858407079652,109.06233578916664,71.87821000000002
2014-10-21,0.13827160493827162,7.854014598540148,27.35265306122449,20.399183673469388,13.446938775510207,2.365065502183407,115.88546721083334,77.12071
2014-10-22,0.014285714285714284,8.60802919708029,24.643852459016408,18.66475409836065,12.68811475409837,2.684415584415585,100.39421557083334,63.70820999999998
2014-10-23,0.0008163265306122449,8.663703703703703,24.817622950819658,17.715163934426233,10.613524590163939,2.0239130434782617,110.56967209999999,72.32029333333334
2014-10-24,0.02231404958677686,7.7161764705882385,25.824793388429747,18.89294605809129,11.963900414937758,1.7502183406113525,110.53531478083332,72.35195999999999
2014-10-25,0.00967741935483871,8.588970588235298,25.848971193415647,19.023868312757198,12.203292181069953,1.7047826086956517,104.41593449083332,68.74029333333333
2014-10-26,0.005394190871369295,8.582222222222223,25.386026200873367,18.724454148471626,12.059388646288214,1.768995633187774,97.358280976,63.45626000000002
2014-10-27,0.11198347107438016,7.8518248175182475,23.965289256198353,17.93057851239669,11.897520661157019,1.783406113537119,114.22254446749996,76.58821
2014-10-28,0.22603305785123964,6.680575539568348,23.035918367346934,17.673061224489793,12.317551020408175,2.1356521739130434,110.02099866166668,72.02362666666667
2014-10-29,0.012244897959183671,7.1618705035971235,23.808097165991914,18.204858299595145,12.596356275303636,1.904741379310347,113.71901331666665,75.19737666666667
2014-10-30,0.009166666666666668,7.973722627737224,24.3690082644628,18.097933884297515,11.826033057851234,1.9382608695652177,114.01998424,75.21237666666667
2014-10-31,0.5700819672131147,7.5304347826086975,23.51910569105691,17.809756097560985,12.10487804878048,2.618614718614717,100.8968519525,63.88821
2014-11-01,0.2053719008264463,6.342857142857144,22.093902439024404,16.76816326530612,11.442448979591846,1.9237885462555069,105.11198080666664,69.61154333333336
2014-11-02,2.736401673640167,5.057037037037037,20.58367346938776,15.75142857142858,10.920816326530609,2.4871681415929188,96.23223133333332,60.90946
2014-11-03,16.597854077253206,4.073880597014923,18.579752066115702,14.472314049586778,10.365702479338838,4.052232142857143,94.22153202333334,57.87362666666667
2014-11-04,8.32018348623853,2.795522388059703,14.585398230088488,11.257079646017699,7.926548672566371,4.023474178403759,94.38048875166668,57.504459999999995
2014-11-05,3.031739130434783,5.516911764705882,14.227896995708143,10.312875536480687,6.396137339055791,3.26788990825688,105.48335223166669,66.99070999999999
2014-11-06,1.4852941176470589,5.2425373134328375,15.980327868852468,11.213114754098367,6.444262295081964,2.786098654708519,107.13603258,68.19529333333332
2014-11-07,1.61228813559322,4.396323529411766,17.723109243697472,13.340756302521006,8.957983193277313,3.0603603603603604,99.26275813583337,61.26029333333333
2014-11-08,4.6170940170940185,2.462686567164179,15.883613445378149,12.377731092436974,8.868907563025218,2.840271493212671,95.76436395083331,59.94779333333335
2014-11-09,0.9748936170212764,3.93955223880597,14.350416666666653,10.637499999999998,6.925416666666663,2.7809090909090908,98.08495091666668,62.41404333333333
2014-11-10,5.577391304347825,5.666666666666666,14.73319502074689,9.88257261410789,5.0406639004149385,2.538812785388128,107.69599994,69.43154333333335
2014-11-11,6.724892703862665,2.235937499999999,14.278059071729956,11.237130801687762,8.197468354430377,3.3568075117370864,91.421864585,54.99279333333334
2014-11-12,2.062820512820513,4.102962962962965,16.980769230769223,13.141880341880345,9.304273504273507,2.802777777777779,94.50081473166664,57.60070999999999
2014-11-13,7.1371794871794885,3.5119402985074624,18.418565400843878,14.151898734177214,9.886919831223633,3.4146118721461187,93.07104591333332,56.21946
2014-11-14,4.5128205128205146,2.6094890510948923,17.093248945147675,13.446835443037982,9.804641350210968,3.1320930232558126,94.0733123025,56.72695999999999
2014-11-15,2.1696202531645574,4.711194029850748,15.051046025104606,11.860251046025105,8.6765690376569,3.802764976958525,69.84225686750001,37.40446
2014-11-16,3.75103734439834,4.329411764705884,14.90578512396694,11.543801652892563,8.183057851239669,3.5103139013452886,61.40008758333333,30.056959999999997
2014-11-17,0.5273858921161825,5.014598540145983,15.021810699588473,10.858847736625517,6.688888888888885,2.723111111111112,97.35218827333334,60.66320999999999
2014-11-18,1.3049792531120332,5.746666666666667,15.628571428571426,10.48081632653061,5.333877551020401,2.050000000000002,104.76412875166666,66.39071
2014-11-19,1.8824489795918369,4.994890510948907,17.272950819672133,12.450819672131152,7.625000000000001,2.218502202643172,102.33162098166666,64.20321
2014-11-20,1.0812244897959182,4.937956204379564,19.057661290322603,14.291935483870974,9.530241935483867,2.823788546255506,92.59444841333335,55.78737666666666
2014-11-21,1.1774590163934424,3.8173913043478263,18.807407407407407,14.582304526748965,10.351440329218107,2.4352422907489006,95.85833646916664,58.22446
2014-11-22,3.4914285714285715,2.155072463768116,19.154320987654312,15.313991769547332,11.469547325102885,2.6344978165938877,91.88889770083334,56.38904333333333
2014-11-23,4.0780991735537215,1.6795620437956196,18.5122950819672,15.237295081967206,11.965163934426222,2.975,82.46463091666669,48.66654333333333
2014-11-24,1.249795918367347,3.9167883211678816,18.221721311475406,14.69631147540983,11.178278688524594,1.987391304347826,107.86762244,69.64029333333335
2014-11-25,4.176131687242801,2.66,16.688800000000004,13.6236,10.5608,1.7773913043478269,116.24968125166664,76.21445999999997
2014-11-26,4.0307692307692315,3.4299999999999984,15.380737704918035,12.027459016393449,8.67622950819672,1.9008810572687225,116.60568514833332,76.44862666666667
2014-11-27,9.361087866108788,2.245323741007194,14.668699186991875,11.244308943089433,7.823983739837396,3.580701754385964,97.57392424666664,59.96237666666666
2014-11-28,10.243277310924373,1.215441176470588,14.601666666666658,12.060833333333328,9.520416666666673,4.061674008810572,87.73732396916667,51.44237666666667
2014-11-29,8.548523206751051,2.0211678832116786,14.548780487804882,11.783739837398373,9.015853658536589,2.8248908296943243,91.35308853416664,55.84196000000002
2014-11-30,6.722457627118643,2.262222222222221,15.272881355932212,12.492796610169489,9.720338983050851,3.3535087719298233,71.52149966666666,39.044043333333335
2014-12-01,2.1404166666666677,3.8058823529411745,15.864876033057852,12.318181818181815,8.776859504132227,3.77938596491228,91.85458154833331,54.36737666666666
2014-12-02,1.3642857142857148,4.2620437956204364,14.158723404255314,10.681276595744675,7.211063829787233,3.1995594713656392,92.5077745125,56.48237666666668
2014-12-03,2.80375,2.55912408759124,12.389626556016596,9.315352697095431,6.2439834024896275,2.402173913043478,103.41613134166666,66.13987666666667
2014-12-04,1.6694560669456069,2.865441176470588,11.776250000000005,8.668333333333335,5.557916666666669,2.1908695652173904,110.177485135,71.30112666666666
2014-12-05,2.2483471074380166,5.1838235294117645,12.367768595041321,8.420661157024789,4.480991735537189,2.5887931034482765,107.85667583333333,67.21904333333333
2014-12-06,1.9655601659751032,4.984558823529408,11.301244813278014,7.439004149377594,3.5780082987551878,3.3539130434782622,88.26741791666666,55.00987666666666
2014-12-07,0.7804979253112033,5.7574626865671625,11.692653061224501,7.557551020408161,3.4281632653061216,3.0930735930735924,81.92558212166666,47.41446
2014-12-08,2.843153526970953,5.111029411764707,13.398360655737704,8.65040983606558,3.905327868852459,3.025000000000001,91.13372704666668,56.86946
2014-12-09,0.20791666666666672,4.446616541353382,11.650000000000013,7.994537815126049,4.336974789915968,3.7942982456140335,90.96977034583334,55.19279333333333
2014-12-10,0.7245833333333334,5.986131386861316,13.624380165289262,8.464462809917354,3.2962809917355385,2.5439130434782613,101.59097134166667,64.47695999999999
2014-12-11,0.06074380165289256,5.808029197080293,14.47704918032788,9.12827868852458,3.777459016393444,2.0682203389830507,104.37722055166664,66.36737666666666
2014-12-12,2.026016260162602,5.323188405797102,14.003252032520328,8.677235772357731,3.34959349593496,2.6334728033472805,101.7762745833333,62.18570999999999
2014-12-13,9.042213114754098,1.683941605839416,13.604453441295545,9.938056680161946,6.274493927125505,3.203361344537813,93.19696009166668,56.52029333333334
2014-12-14,7.12510288065844,0.9153284671532848,11.560580912863074,9.30248962655601,7.0460580912863096,2.4317596566523605,96.64058545500002,60.23987666666665
2014-12-15,3.349387755102042,3.055797101449275,12.014574898785426,8.897570850202435,5.773279352226722,2.537130801687764,106.83761904833332,66.95987666666666
2014-12-16,1.459756097560975,2.7064748201438857,13.215261044176714,9.742971887550206,6.2722891566265035,3.3899581589958148,96.70629242916664,60.065709999999996
2014-12-17,0.5276422764227642,3.7789855072463765,13.904878048780489,10.121138211382108,6.330487804878044,2.9870292887029315,95.07358259166666,58.91570999999999
2014-12-18,0.033603238866396754,4.7700729927007295,14.911600000000002,10.4888,6.0623999999999985,2.0075000000000025,102.49971513500002,64.79696
2014-12-19,0.05870445344129551,4.9129496402877715,14.124193548387101,9.704838709677418,5.2838709677419375,1.8120833333333348,109.95540125,69.01654333333333
2014-12-20,0.3548387096774193,4.3014388489208635,13.716800000000005,9.369599999999991,5.024399999999999,1.9449579831932784,98.52399134166666,61.16571
2014-12-21,0.012244897959183676,5.920437956204383,14.401204819277105,9.458232931726917,4.512048192771088,2.002953586497892,94.898282955,58.70154333333334
2014-12-22,0.06311475409836066,6.24779411764706,13.616666666666672,8.778455284552846,3.9378048780487815,2.1435897435897453,105.431903215,65.80154333333333
2014-12-23,0.05081967213114754,5.579411764705882,13.08048780487804,8.136991869918695,3.1902439024390232,1.842735042735044,104.76227617916668,67.03362666666668
2014-12-24,0.08565573770491804,4.854814814814816,12.609716599190286,7.891093117408906,3.1740890688259102,1.6712446351931332,95.98855634166664,59.56987666666666
2014-12-25,0.4707818930041153,4.6970370370370365,12.868421052631588,8.161133603238866,3.460323886639676,2.009565217391305,96.27801181,55.86821000000001
2014-12-26,0.4139917695473252,5.661481481481481,13.400813008130086,8.643495934959347,3.882926829268291,2.0769565217391315,97.055345,58.26487666666667
2014-12-27,4.433884297520664,3.4948148148148155,12.591935483870964,8.406048387096773,4.220967741935485,3.3991416309012874,84.54338050833333,49.26445999999999
2014-12-28,1.51694214876033,3.566911764705882,12.020731707317069,7.869105691056906,3.7073170731707314,4.5060606060606085,66.875717955,34.24071
2014-12-29,0.1111111111111111,7.259558823529412,9.502049180327868,5.114344262295087,0.7307377049180326,3.700431034482758,84.509540715,48.17946
2014-12-30,0.028270042194092824,7.236496350364963,10.588888888888887,4.871604938271604,-0.8456790123456784,2.5796536796536804,89.25406659583332,53.79821000000001
2014-12-31,0.011063829787234044,7.4970802919708035,13.197907949790793,6.438075313807532,-0.31631799163179936,2.357333333333333,94.33694259166668,58.20237666666667
2015-01-01,0.000819672131147541,7.339130434782604,13.725925925925925,7.211934156378603,0.7028806584362145,2.0026086956521745,102.00360600541666,61.43982666666668
2015-01-02,0.007346938775510205,6.596350364963503,14.406557377049179,7.8081967213114725,1.2110655737704918,1.7392241379310347,107.43298122208333,67.65357666666667
2015-01-03,0.015226337448559672,7.488970588235291,16.04734693877551,9.152653061224488,2.25469387755102,2.0612068965517256,103.93557331583332,66.59691
2015-01-04,0.028395061728395062,7.037037037037037,16.197530864197535,9.796694214876034,3.4148760330578516,2.034632034632035,94.04589912541664,59.38774333333333
2015-01-05,0.008298755186721993,6.901481481481481,14.693032786885249,8.607818930041152,2.524279835390945,1.612663755458516,112.57994155166664,72.70649333333334
2015-01-06,0.040909090909090916,5.003676470588234,12.180578512396698,7.209504132231404,2.2318181818181806,1.6900432900432902,106.02449887125,66.84816000000001
2015-01-07,0.13057851239669424,5.4395522388059705,12.195397489539753,7.053974895397488,1.9096234309623432,1.7004424778761078,118.61215367333334,77.30357666666667
2015-01-08,0.034583333333333334,5.452592592592595,12.769166666666667,7.372500000000002,1.9675000000000011,2.116228070175441,119.02241289916664,77.50732666666666
2015-01-09,0.17219917012448138,6.83925925925926,15.442857142857143,9.031932773109244,2.6306722689075617,2.1655021834061143,116.54653955541666,75.25607666666664
2015-01-10,0.4385892116182573,6.544852941176473,16.37355371900826,9.688842975206613,3.0078512396694217,1.9562770562770568,106.63613914916668,68.80274333333334
2015-01-11,0.21999999999999992,5.64148148148148,15.396666666666675,9.313333333333334,3.235000000000001,2.4207792207792207,95.29516412541666,60.53941000000001
2015-01-12,0.10619834710743803,6.2111940298507475,14.839834024896259,8.886721991701242,2.932780082987551,2.3643776824034344,109.72643321833333,70.19149333333333
2015-01-13,0.8358333333333332,5.244117647058824,15.063114754098361,9.752459016393438,4.431967213114755,2.6610389610389613,108.31292970458334,68.72191
2015-01-14,0.27066115702479343,5.450000000000001,14.376954732510292,9.437448559670779,4.491358024691356,2.3813852813852807,113.79457617333333,73.17441000000002
2015-01-15,6.841666666666665,3.908759124087591,14.07708333333334,9.418750000000008,4.764583333333333,3.8645021645021673,97.6500549825,59.43565999999999
2015-01-16,2.3225,3.4304347826086943,11.030737704918034,7.408606557377052,3.7807377049180335,3.939565217391305,103.35173038875,64.15232666666667
2015-01-17,2.21344537815126,6.29185185185185,10.27459016393443,5.766803278688522,1.2569672131147536,2.742857142857144,96.04929373249998,59.56274333333334
2015-01-18,8.453974895397481,1.6362318840579706,8.720247933884295,5.3309917355371885,1.9404958677685955,3.034913793103448,91.04452495875,56.63566
2015-01-19,2.6016666666666675,3.4395683453237416,8.756431535269707,5.789211618257258,2.8232365145228218,3.8864864864864863,103.707699885,65.09357666666665
2015-01-20,4.344628099173556,2.7145985401459862,8.499588477366249,5.132098765432098,1.7629629629629626,2.510917030567687,113.3283259545833,72.94024333333334
2015-01-21,4.161157024793388,3.4035971223021577,9.21024590163934,5.612704918032787,2.012295081967213,3.8030567685589536,104.06172742333335,64.97982666666667
2015-01-22,1.7146938775510203,4.0778571428571455,9.723387096774188,6.43024193548387,3.1370967741935494,3.935064935064933,101.44316539916667,62.70149333333334
2015-01-23,0.13170731707317074,6.5192592592592575,11.035222672064783,6.706072874493924,2.3732793522267204,3.0458874458874443,104.99359080541666,65.55399333333334
2015-01-24,0.3065306122448979,6.537410071942445,12.281451612903226,6.9153225806451655,1.5479838709677425,3.1296137339055785,95.2318912325,59.05274333333333
2015-01-25,0.031967213114754096,7.2700729927007295,13.016460905349787,7.929629629629629,2.8444444444444423,3.5437229437229414,88.09953079208334,54.07815999999999
2015-01-26,0.3576131687242797,6.238970588235293,12.898775510204079,7.516734693877552,2.1395918367346947,2.4633620689655187,108.980753635,69.54774333333334
2015-01-27,0.2516260162601627,5.987681159420288,13.557551020408162,8.5469387755102,3.5400000000000014,2.9717948717948737,105.84303387125,66.58316000000002
2015-01-28,0.23750000000000004,5.8942028985507235,13.489959839357429,8.539357429718873,3.5891566265060253,2.6756302521008406,108.37371492333334,68.65274333333333
2015-01-29,4.835887096774194,3.6266187050359733,14.15,9.464400000000003,4.778800000000003,4.639148936170214,93.12037039916667,55.59524333333332
2015-01-30,15.357377049180329,2.1830882352941168,14.427419354838705,11.787903225806453,9.149596774193556,6.235344827586213,81.36356997208334,45.700660000000006
2015-01-31,4.6020920502092055,4.2600000000000025,11.973140495867769,8.158264462809921,4.34545454545454,6.080616740088103,63.89913498250001,31.84816
2015-02-01,3.2364754098360664,5.4772058823529415,9.388381742738591,6.139419087136928,2.8896265560165952,4.734497816593888,65.02911728333333,32.06066
2015-02-02,5.066804979253114,2.2022058823529416,9.807851239669425,6.54090909090909,3.2727272727272703,3.5678111587982824,98.08758460125,60.595659999999995
2015-02-03,5.100000000000001,3.124087591240876,10.085245901639347,7.008196721311475,3.927049180327871,4.541921397379912,92.02891288458336,55.17232666666666
2015-02-04,2.9204918032786886,4.37007299270073,7.180487804878057,4.300406504065042,1.4166666666666676,4.735526315789474,88.17526260208334,52.26107666666667
2015-02-05,1.809543568464731,5.703597122302159,7.730705394190874,4.212863070539421,0.6954356846473037,4.647999999999998,91.27440773291669,54.99357666666666
2015-02-06,1.058775510204082,4.50791366906475,7.125101214574897,3.382186234817815,-0.34534412955465593,3.12,95.64669429083334,59.12316000000001
2015-02-07,0.520816326530612,2.7561151079136685,7.259919028340082,3.6044534412955462,-0.053441295546558805,2.134913793103449,104.12285694958337,65.71691000000001
2015-02-08,0.3674897119341564,6.623913043478263,9.614227642276417,4.728048780487804,-0.14959349593495927,3.18051948051948,90.86359686666668,54.05066000000002
2015-02-09,0.3184426229508197,7.7420289855072495,11.521810699588473,5.89917355371901,0.2938016528925619,3.3804347826086945,102.08676668458332,63.89441
2015-02-10,0.20822510822510829,5.897101449275361,12.002164502164495,6.631601731601733,1.266233766233766,2.58284518828452,111.54827205125,71.87732666666669
2015-02-11,0.9089795918367348,3.6474820143884905,12.385829959514165,7.580081300813006,2.7983739837398374,1.943220338983053,115.13795093541664,75.38482666666668
2015-02-12,1.0914634146341464,3.105839416058393,12.098790322580635,8.12226720647773,4.1388663967611325,1.827848101265824,116.90828231624998,77.08607666666666
2015-02-13,0.7979591836734691,5.117391304347829,13.561788617886181,8.70894308943089,3.8487804878048792,3.2114893617021254,100.43950554083334,63.27316
2015-02-14,4.316666666666666,2.273722627737227,12.81920000000001,9.538400000000003,6.2576,4.044491525423728,88.31769736625002,52.27607666666666
2015-02-15,1.8785425101214577,3.4169117647058833,13.925301204819288,10.621285140562254,7.317269076305222,3.921276595744681,79.25371478333331,44.06857666666667
2015-02-16,3.9012145748987854,3.775555555555555,13.288800000000002,9.554800000000006,5.824800000000002,3.4551282051282017,103.06139501791664,64.85316
2015-02-17,2.052226720647774,3.9303030303030297,11.535341365461848,8.432128514056226,5.32008032128514,5.214893617021278,88.09365163458334,51.86941
2015-02-18,0.13024193548387095,5.6467153284671525,12.31653225806452,8.071255060728745,3.835627530364372,3.8235294117647047,95.38634218541668,58.40607666666667
2015-02-19,0.2008,7.339416058394166,13.806000000000006,8.375502008032125,2.936546184738954,2.880932203389829,107.86130564958336,69.27899333333335
2015-02-20,3.8368421052631567,4.596350364963504,13.110400000000006,8.237200000000001,3.359600000000003,2.8819327731092432,102.05984345749998,64.67566
2015-02-21,2.8766393442622964,4.343795620437956,12.391967871485946,8.549397590361448,4.706425702811244,4.490170940170941,83.34702736625002,48.17899333333333
2015-02-22,0.9524793388429752,6.285507246376812,13.392712550607278,8.763562753036442,4.131983805668018,4.11048034934498,65.48146353333333,32.451910000000005
2015-02-23,3.625925925925925,4.021739130434782,14.897975708502035,10.21052631578947,5.520647773279354,4.674358974358973,78.38104251791667,43.67649333333333
2015-02-24,3.4991935483870966,5.662500000000001,11.975298804780872,8.366000000000001,4.800399999999998,5.255084745762711,74.43932246791665,40.15107666666667
2015-02-25,3.166129032258066,4.845985401459855,13.800398406374502,9.463346613545824,5.131075697211154,5.13220338983051,82.39800218541666,47.290659999999995
2015-02-26,2.5825910931174083,4.791240875912409,15.705241935483867,11.76250000000001,7.816532258064513,3.913793103448279,89.57711231625002,53.55691000000001
2015-02-27,0.8245967741935482,7.421323529411764,14.2504,10.107200000000006,5.959600000000004,4.372649572649571,88.13410512416667,52.61357666666667
2015-02-28,0.8947368421052633,5.4613138686131375,15.471370967741931,10.243951612903226,5.009274193548388,3.1970085470085468,83.88021361625002,48.39399333333333
2015-03-01,1.3873469387755102,5.375735294117646,17.934285714285718,13.18489795918368,8.428163265306118,3.1740425531914904,77.16649003083334,40.756493333333346
2015-03-02,1.6353658536585376,5.2992647058823525,18.722540983606557,13.994672131147547,9.270081967213113,2.6716738197424887,91.85980676583334,56.00524333333333
2015-03-03,2.1360655737704923,5.6481751824817525,18.082448979591838,13.258775510204073,8.428163265306125,2.2059829059829057,104.38717591208336,66.86066
2015-03-04,1.0848360655737703,7.307142857142856,15.416599190283408,10.631174089068828,5.852631578947364,3.8333333333333366,82.34541376624998,48.03399333333334
2015-03-05,0.0068273092369477905,9.797810218978103,14.801599999999995,9.1244,3.4432000000000027,4.2147679324894485,73.78192608541666,40.579826666666655
2015-03-06,0.0,10.380740740740737,18.076209677419353,10.418548387096783,2.7576612903225826,2.711914893617023,97.48430118875,61.10024333333332
2015-03-07,0.0,9.925735294117649,20.792063492063484,12.306349206349196,3.8166666666666647,2.108403361344537,97.83371322458332,58.45566
2015-03-08,0.0,8.979562043795617,19.71349206349206,12.245634920634926,4.776984126984122,2.482845188284516,91.33835211416668,52.46607666666667
2015-03-09,0.0012,9.571014492753623,19.693625498007954,12.413545816733064,5.1274900398406364,2.1595833333333316,94.82092509916669,58.64982666666668
2015-03-10,0.0012,9.78705035971223,20.389558232931726,12.789558232931721,5.191164658634534,2.034583333333332,102.16647216208334,64.86399333333334
2015-03-11,0.004780876494023905,8.827536231884059,20.7376,13.342799999999995,5.940399999999998,2.0041841004184087,96.44765918291664,60.32982666666666
2015-03-12,0.4935742971887551,8.706569343065691,20.25284552845529,13.239837398373988,6.230894308943085,2.4703389830508478,95.50988316875,59.69649333333332
2015-03-13,0.9768924302788844,7.7977777777777755,16.13198380566801,11.030769230769234,5.924696356275308,3.569620253164556,89.12030368874998,53.80440999999999
2015-03-14,2.1403225806451607,6.585074626865675,13.2144,8.676800000000009,4.1324,3.4495762711864417,91.01106364125,52.92191
2015-03-15,0.6991967871485943,5.606666666666667,12.277689243027892,7.6745019920318684,3.0780876494023905,2.6898734177215187,94.55404878083334,54.88982666666666
2015-03-16,0.1910931174089069,8.944029850746276,14.302834008097177,8.401214574898786,2.501619433198381,2.3276595744680826,105.69660384916666,68.12649333333334
2015-03-17,2.9971887550200806,5.637500000000002,14.886585365853655,9.408536585365852,3.9247967479674792,3.2881355932203413,94.82750591208332,58.55274333333333
2015-03-18,3.2670682730923706,2.093430656934307,12.629718875502007,9.517269076305222,6.404417670682733,3.29495798319328,94.36079168291668,58.54691
2015-03-19,2.5215447154471557,2.291935483870968,14.367346938775515,11.033469387755103,7.699591836734693,3.882978723404256,86.70875358541667,52.00940999999998
2015-03-20,6.636363636363638,2.2969696969696973,13.707883817427392,10.726556016597508,7.73983402489627,4.449356223175964,86.47948910541668,51.50440999999999
2015-03-21,5.975,2.384426229508197,13.292916666666674,10.277500000000002,7.273749999999999,2.894420600858369,94.11833447458334,55.44482666666667
2015-03-22,6.108906882591093,2.7007692307692306,13.07663934426229,9.929218106995881,6.792592592592592,3.291489361702127,94.18874086416668,54.55524333333334
2015-03-23,9.774380165289255,2.293893129770992,12.230290456431534,9.065560165975098,5.904979253112033,2.9645299145299138,103.20656759916666,65.98066
2015-03-24,5.487190082644631,2.4669172932330827,12.297107438016514,9.061570247933886,5.824793388429753,3.8964601769911535,94.33615382874996,58.13857666666666
2015-03-25,1.2781376518218621,6.56691729323308,11.79224489795918,7.971836734693882,4.152653061224491,4.928070175438591,89.81480543291666,54.49524333333332
2015-03-26,1.902283105022831,4.627407407407408,14.570305676855906,9.342794759825324,4.113973799126637,3.9590517241379284,92.38940108541664,56.94441000000001
2015-03-27,0.5906666666666667,7.657462686567165,18.974660633484163,13.708597285067869,8.44072398190045,3.511330049261084,94.23112577208336,58.26107666666665
2015-03-28,0.0814516129032258,9.390977443609023,21.55182186234817,15.215384615384615,8.872874493927123,3.049130434782609,95.58775239125002,56.75107666666667
2015-03-29,0.01336032388663968,8.5609022556391,21.27822580645161,14.995161290322578,8.705645161290319,3.0995689655172423,84.72336769565217,46.1807143478261
2015-03-30,0.0468,8.692592592592591,22.921686746987948,16.469477911646592,10.018072289156633,3.4379310344827587,90.92863458041666,55.07066
2015-03-31,0.101593625498008,10.114705882352938,23.203629032258057,16.619758064516144,10.035080645161283,2.959482758620689,91.42240881,55.49774333333333
2015-04-01,0.005220883534136547,10.202941176470588,20.25465587044534,14.323481781376527,8.38947368421053,3.3495689655172414,77.56463571708333,43.81524333333334
2015-04-02,0.0,10.515555555555556,21.196414342629467,13.994820717131471,6.796414342629481,2.6978632478632467,86.92701389958334,51.65899333333332
2015-04-03,0.09444444444444446,9.250364963503653,21.22155172413792,14.278448275862068,7.3392241379310335,2.448198198198197,89.90043934291668,53.33274333333332
2015-04-04,0.10242914979757088,8.688148148148153,19.179032258064503,13.713306451612894,8.253225806451615,3.1125000000000016,76.94643457291667,41.92691
2015-04-05,0.2477732793522268,9.569852941176476,20.035222672064787,13.780566801619425,7.537651821862348,3.184782608695652,75.00344303208334,39.54691
2015-04-06,0.2668016194331985,8.026470588235293,18.473577235772364,13.177642276422768,7.891056910569099,3.423809523809523,87.82580927458336,52.66441
2015-04-07,0.12983870967741934,9.060583941605836,18.02631578947367,12.624696356275313,7.221862348178138,4.100434782608696,94.00082175333334,57.95690999999999
2015-04-08,1.511836734693877,8.17573529411765,17.63536585365854,12.432113821138213,7.22682926829268,3.9416309012875517,89.49374905041668,54.08357666666666
2015-04-09,2.847619047619048,4.120289855072461,15.9524,11.908399999999995,7.866399999999999,2.926694915254234,100.71831639958334,63.70066
2015-04-10,1.1686507936507944,5.9455882352941165,17.729921259842502,13.091732283464566,8.449606299212602,2.625210084033613,107.26199309291668,68.06441
2015-04-11,1.3876494023904375,6.094160583941607,18.294047619047607,13.24444444444444,8.19404761904762,2.3983263598326343,101.01913873958333,62.12899333333333
2015-04-12,0.07936507936507936,9.047407407407407,20.412648221343893,14.400395256917006,8.391699604743089,3.198319327731092,86.05214553208332,48.84566000000001
2015-04-13,0.0742063492063492,10.053333333333333,22.19685039370077,15.829527559055126,9.467716535433071,3.5548117154811747,95.87484677458332,59.786076666666666
2015-04-14,0.3224,7.413868613138685,23.33480000000001,16.771599999999996,10.206,3.6617021276595754,90.81561467,55.124826666666664
2015-04-15,4.093548387096775,2.946376811594202,19.127822580645173,14.815322580645162,10.50604838709677,2.9119148936170207,97.11400488375,60.77899333333333
2015-04-16,1.9012,4.4014598540145995,18.18174603174604,14.247222222222213,10.316666666666674,2.7112499999999997,99.76449598291664,62.880660000000006
2015-04-17,1.4888888888888892,7.164444444444441,19.670119521912337,14.678486055776894,9.683266932270923,2.397058823529412,107.53239975958336,68.28441000000002
2015-04-18,2.307142857142858,8.002222222222223,19.092063492063502,13.947222222222226,8.805158730158734,3.0222689075630256,98.65510665624998,60.27024333333333
2015-04-19,0.32811244979919685,8.64379562043795,18.537051792828677,13.2207171314741,7.90119521912351,2.9789029535864997,94.81404136541666,55.89941
2015-04-20,0.011507936507936507,10.887499999999998,20.626693227091643,13.931474103585648,7.235458167330678,2.5618644067796605,104.93973135791664,67.68482666666667
2015-04-21,0.26947791164658635,9.154074074074073,21.565737051792837,15.462948207171323,9.358167330677293,3.6123404255319147,96.47985092,60.07982666666666
2015-04-22,1.4195121951219511,6.645925925925923,20.436991869918693,15.435365853658535,10.436178861788623,2.9543103448275865,99.06870280041667,62.51732666666667
2015-04-23,0.16829268292682925,10.558088235294116,21.98448979591836,15.299591836734693,8.61469387755102,2.2201716738197423,111.54921764958333,73.07024333333334
2015-04-24,0.8381526104417669,4.974264705882356,20.857831325301206,15.38273092369478,9.905622489959843,2.4612068965517233,109.48072059291668,70.05482666666666
2015-04-25,4.353225806451611,4.079562043795622,20.058064516129047,15.825403225806445,11.601209677419355,2.8606837606837607,100.23782748958335,61.39982666666668
2015-04-26,9.03333333333334,4.238970588235294,18.694715447154465,14.74634146341463,10.794308943089435,3.3369098712446337,89.27889178208332,51.37899333333334
2015-04-27,1.4702811244979923,5.932352941176469,17.82793522267206,13.861133603238866,9.894331983805673,4.269827586206898,92.80797385791664,57.04107666666669
2015-04-28,0.2928000000000001,9.330215827338131,19.262948207171302,13.856573705179287,8.449800796812745,2.7855319148936166,105.75862758666666,68.04399333333333
2015-04-29,0.13679999999999995,8.816541353383462,19.8184,14.443599999999991,9.073600000000004,2.8211864406779665,109.26358446708336,71.38190999999999
2015-04-30,1.7300395256916994,8.79851851851852,22.007661290322584,15.802822580645161,9.59475806451613,2.9348936170212783,103.46976348291668,66.10857666666668
2015-05-01,0.7410358565737051,5.4540740740740725,22.77773279352226,17.637651821862345,12.495141700404856,3.0898305084745754,95.50926985791666,56.71191000000001
2015-05-02,1.4196,7.321052631578945,25.43319672131149,19.556967213114746,13.678688524590173,3.1396551724137898,94.10054889541668,57.52607666666666
2015-05-03,1.9044,4.715151515151514,24.424481327800827,19.359336099585065,14.29170124481329,2.540948275862068,94.00594422041672,56.47524333333332
2015-05-04,2.4318548387096786,4.073529411764706,24.504958677685966,19.403305785123987,14.303719008264455,3.884347826086957,94.13547438708332,59.51024333333334
2015-05-05,0.2582329317269077,7.015671641791048,21.3704918032787,16.630578512396678,11.880165289256187,3.195217391304348,92.45059600625,57.75149333333334
2015-05-06,0.04919354838709676,11.29333333333333,22.191322314049568,15.722314049586778,9.254132231404961,2.360775862068965,109.16632587000002,72.39357666666666
2015-05-07,0.7314741035856575,11.015789473684213,25.33902439024391,17.766666666666676,10.195528455284553,3.124137931034482,97.477998285,62.19691
2015-05-08,0.0496,9.99172932330827,23.777732793522247,18.076923076923077,12.371774193548381,3.6495689655172425,86.21945488916668,51.96065999999999
2015-05-09,0.0035856573705179283,11.157462686567174,25.715853658536588,18.713414634146346,11.709756097560982,2.3969827586206907,103.15712889541668,65.36982666666667
2015-05-10,0.0015810276679841895,11.479850746268662,27.63495934959352,20.35569105691057,13.079674796747973,2.8649350649350653,93.80897838708334,56.46024333333335
2015-05-11,0.00039525691699604737,11.212592592592593,28.069387755102053,20.632786885245906,13.201639344262285,2.5930735930735933,100.14932605375002,64.70940999999999
2015-05-12,0.0003984063745019921,11.131386861313873,29.40728744939273,21.35344129554655,13.302834008097165,2.606722689075628,100.27265225625,64.70149333333332
2015-05-13,0.07007874015748032,8.93795620437956,30.502822580645155,22.8625,15.225806451612902,3.082700421940929,96.37045920333334,61.12691000000001
2015-05-14,0.5214285714285714,8.71333333333333,28.169512195121943,20.922764227642283,13.672357723577242,4.197854077253221,90.616928285,56.25316
2015-05-15,0.7543650793650795,10.230882352941173,22.186585365853663,16.66910569105691,11.151219512195123,4.6248945147679335,89.7423132225,55.22107666666667
2015-05-16,0.10952380952380952,11.06766917293232,24.121774193548365,17.526209677419363,10.930241935483878,4.013675213675215,82.83710472874998,47.79399333333333
2015-05-17,0.022222222222222227,11.705147058823528,25.611740890688253,18.534817813765187,11.461133603238867,3.337179487179488,80.61687922041669,45.10316
2015-05-18,0.6424000000000002,10.609489051094894,25.960800000000006,18.828399999999988,11.694,3.105957446808511,99.41627438708332,64.11107666666665
2015-05-19,2.7458167330677306,6.44705882352941,20.645967741935486,15.860483870967734,11.098393574297194,4.228632478632481,88.81062267291668,54.55357666666666
2015-05-20,1.1000000000000003,8.166423357664232,19.446122448979587,14.462448979591832,9.463008130081304,4.0450216450216425,93.07182253666664,58.22232666666667
2015-05-21,0.09036144578313253,10.727536231884056,20.12653061224489,14.670901639344256,9.22704918032787,4.0224576271186425,89.57255870166667,55.21816000000001
2015-05-22,0.01850393700787402,11.326470588235296,20.8828,14.876800000000012,8.869599999999995,3.980753138075316,90.8037582225,56.16982666666666
2015-05-23,0.2642857142857143,10.917037037037039,22.030158730158742,15.739285714285714,9.443873517786557,3.728870292887029,84.28701389541666,49.079409999999996
2015-05-24,0.19251968503937011,7.19044117647059,21.72080000000001,16.410000000000007,11.1012,3.347478991596637,82.48525088708334,46.76107666666666
2015-05-25,0.17154150197628465,8.686956521739132,23.11044176706827,17.39477911646586,11.671887550200806,3.2605042016806696,95.52096480375,60.61732666666666
2015-05-26,0.0108,10.949635036496348,24.020731707317072,17.770731707317072,11.517073170731711,3.6649350649350647,94.65465142291669,59.708993333333346
2015-05-27,0.0028225806451612906,12.056934306569344,25.26530612244898,18.45428571428572,11.637398373983741,3.1605150214592284,95.75523045333334,60.536910000000006
2015-05-28,0.02608695652173913,11.766666666666667,26.41733870967741,19.289919354838702,12.165322580645153,3.0403433476394843,99.51458911833332,64.00441000000001
2015-05-29,0.5595238095238095,9.37173913043478,25.023293172690767,19.06506024096385,13.098393574297186,3.1618644067796584,102.19492530583334,66.29899333333334
2015-05-30,0.7698795180722893,10.874626865671642,25.300813008130074,18.81788617886178,12.333333333333336,2.8458874458874464,100.16849431208335,62.77024333333333
2015-05-31,0.4064516129032259,9.841911764705884,25.979268292682928,19.32804878048781,12.673577235772363,2.607659574468084,98.64589297041668,60.55566000000001
2015-06-01,0.4875502008032128,9.255147058823527,25.970247933884288,19.953719008264454,13.931404958677687,2.732900432900431,103.35428900041666,67.13440999999999
2015-06-02,0.02329317269076305,11.320437956204374,27.67682926829268,20.747154471544704,13.821544715447152,2.76153846153846,102.74717521625,67.07857666666665
2015-06-03,0.1325301204819277,9.79699248120301,28.416460905349822,21.815637860082298,15.216872427983525,3.0098712446351947,102.63234108125,66.85107666666666
2015-06-04,0.4012000000000001,10.953676470588238,29.17265306122448,22.387704918032775,15.586475409836053,3.0529914529914564,103.65581372000004,67.44732666666665
2015-06-05,0.5376984126984128,9.817518248175178,28.283467741935482,21.63225806451612,14.98467741935483,3.0436440677966137,102.88337549416669,66.97565999999999
2015-06-06,0.13253968253968254,9.094852941176468,28.087148594377503,21.616064257028107,15.14859437751004,3.0784810126582274,97.09348590125,59.96482666666665
2015-06-07,0.1952,10.152554744525547,29.14696356275304,22.338056680161944,15.527530364372465,2.946835443037976,96.97637427208332,59.15191000000001
2015-06-08,0.23399999999999999,10.015037593984966,29.03654618473896,22.458634538152612,15.882329317269075,2.8489361702127685,103.75618108374998,67.48899333333334
2015-06-09,3.494331983805668,7.631386861313867,27.28145161290325,21.3508064516129,15.412499999999996,2.985593220338985,103.67200521625,67.89024333333333
2015-06-10,6.083196721311476,6.046666666666669,24.189068825910958,19.698785425101217,15.210931174089069,2.9605150214592264,103.65725233125004,67.74441
2015-06-11,3.654508196721312,4.417910447761195,23.069547325102874,18.858024691358022,14.648971193415642,3.0686956521739117,107.90494413666666,71.19899333333333
2015-06-12,1.3832653061224485,7.035820895522388,23.014516129032256,18.317741935483888,13.616935483870964,3.0514893617021257,105.1356113275,68.91107666666666
2015-06-13,3.6955102040816334,6.131617647058825,22.152439024390244,17.663414634146346,13.168292682926824,3.1404255319148935,105.60829256791664,67.30941
2015-06-14,3.102868852459017,6.8627737226277405,22.061885245901642,17.26229508196722,12.46188524590164,2.996137339055795,101.54020468875,63.02649333333334
2015-06-15,3.1389344262295085,6.638518518518515,21.73833333333333,17.2125,12.686666666666667,3.0905172413793105,103.11041650041668,66.94149333333334
2015-06-16,1.1291497975708504,9.452173913043476,23.50456431535269,17.840416666666673,12.184999999999995,2.9974358974358983,100.24326938291668,64.85399333333335
2015-06-17,0.0064516129032258064,12.032592592592595,25.40867768595041,19.10578512396696,12.807024793388441,3.352136752136755,94.74389483124996,59.90399333333334
2015-06-18,0.0248,12.657777777777774,27.168292682926825,20.43591836734693,13.705714285714285,3.1409282700421963,92.34169372,57.47149333333334
2015-06-19,0.10404858299595142,11.75925925925926,27.832653061224498,21.184081632653037,14.537959183673465,2.9728813559322034,95.00658382750002,60.02982666666666
2015-06-20,0.0,13.077037037037039,29.165163934426246,21.93155737704917,14.704508196721315,2.761181434599158,92.04896043875004,57.92691
2015-06-21,0.024390243902439032,12.394029850746264,29.93632653061225,22.742040816326533,15.548571428571432,2.640677966101693,93.34131379458334,59.81399333333334
2015-06-22,1.0368852459016389,9.53759398496241,29.36489795918368,23.00816326530612,16.648979591836728,2.9723404255319146,109.20181792833334,71.6514933333333
2015-06-23,1.374074074074074,8.400740740740742,27.116182572614125,21.443749999999987,15.772083333333338,3.2629787234042555,107.07555724791668,69.29441000000001
2015-06-24,0.17438016528925618,11.479411764705885,27.39416666666665,21.022500000000004,14.647500000000004,2.6467532467532475,107.51052202666664,70.18816000000001
2015-06-25,0.001619433198380567,12.191044776119403,29.405394190871373,22.36929460580913,15.342738589211624,2.4205128205128204,109.40652177833334,71.69732666666665
2015-06-26,0.008906882591093119,11.663703703703707,30.94081632653061,23.783673469387754,16.624489795918368,2.7114893617021285,110.79297704791668,72.71316
2015-06-27,0.0008032128514056224,12.60962962962962,32.0600806451613,24.697580645161306,17.33225806451612,2.613080168776372,102.40070210541666,67.08232666666667
2015-06-28,0.002008032128514056,11.561764705882348,32.89591836734696,25.439591836734692,17.983673469387753,2.503404255319148,95.39842296125,61.70107666666666
2015-06-29,0.000823045267489712,12.109701492537312,33.634033613445375,26.129831932773083,18.637815126050427,2.9113537117903916,107.29165042833334,69.97899333333335
2015-06-30,0.015384615384615387,12.002962962962966,32.85622489959839,25.986746987951804,19.10963855421688,3.3878151260504215,107.81110183125,69.95482666666668
2015-07-01,0.4130434782608697,9.902919708029195,30.946184738955804,24.781124497991986,18.614056224899596,3.2915966386554616,107.34152080708333,70.27649333333333
2015-07-02,0.038589211618257256,9.366176470588238,29.57075098814229,23.94229249011856,18.317391304347836,3.0558333333333336,112.22791795541666,74.20024333333333
2015-07-03,0.10131004366812227,11.73037037037038,32.21346938775509,25.21346938775509,18.215510204081625,3.7497890295358656,108.30732822208331,70.77274333333334
2015-07-04,0.07621145374449341,10.949253731343276,32.51300448430493,25.474439461883396,18.446636771300444,2.9699999999999984,102.492283275,67.06399333333334
2015-07-05,0.023904382470119518,10.473333333333336,32.39319999999999,25.76159999999999,19.1292,3.007627118644068,95.71790282208332,61.906909999999996
2015-07-06,0.00756972111553785,12.151851851851847,34.24960000000001,26.6156,18.97880000000001,3.045762711864408,106.82441311291666,69.85441
2015-07-07,0.2176706827309237,11.231851851851845,34.37459677419355,26.906048387096767,19.43185483870968,2.9716101694915267,108.35516864,71.34191000000001
2015-07-08,0.02510460251046025,11.111111111111109,31.826829268292684,25.28048780487805,18.73861788617886,3.1822033898305087,106.58001580708336,69.55774333333335
2015-07-09,0.0024,12.181617647058818,32.107438016528924,24.917768595041316,17.734710743801653,3.2793248945147693,107.62643378875002,70.09524333333333
2015-07-10,0.00992063492063492,12.339416058394166,32.300000000000004,24.962151394422303,17.62788844621514,3.4275000000000007,111.09991613875,73.17815999999999
2015-07-11,0.015810276679841896,11.14817518248175,30.71587301587301,24.23888888888888,17.76547619047618,3.0157676348547713,102.39367910833332,66.95315999999998
2015-07-12,0.0007936507936507938,11.497058823529407,31.688047808764946,24.805179282868547,17.919123505976106,2.8748953974895386,98.56465157208332,64.43607666666666
2015-07-13,0.0003968253968253968,12.457352941176472,32.655421686747,25.331325301204814,18.010040160642582,2.803813559322032,111.06608394625,73.59357666666666
2015-07-14,0.002766798418972332,12.17611940298508,33.28875502008035,26.00562248995985,18.717269076305204,2.841350210970464,107.9720265566667,70.93524333333333
2015-07-15,0.028458498023715414,10.78074074074074,33.719199999999994,26.517600000000016,19.319599999999994,2.7113445378151253,109.38850330708333,72.02566
2015-07-16,0.19446640316205527,10.205839416058394,33.22760000000001,26.43039999999999,19.633199999999995,2.7663865546218505,112.01715587208334,74.04107666666665
2015-07-17,0.8595238095238092,8.758518518518517,32.512903225806454,26.033467741935482,19.55927419354837,2.614345991561179,111.64471613875,73.64607666666666
2015-07-18,0.6984126984126986,9.344852941176471,31.27091633466135,25.25019920318725,19.232669322709157,3.2037656903765703,108.29743785833334,72.34190999999998
2015-07-19,0.08007968127490041,10.442857142857145,31.495634920634924,25.082936507936513,18.672619047619047,2.8924686192468605,101.80705948875,67.42441000000001
2015-07-20,0.03346456692913386,11.198518518518524,32.72539682539681,26.12817460317461,19.53214285714285,2.5820833333333324,112.06410977958336,74.49399333333331
2015-07-21,2.7442231075697205,9.366417910447764,32.317600000000034,26.32239999999999,20.327600000000018,2.880672268907563,113.09697530666664,75.48316000000001
2015-07-22,1.0313008130081298,10.026277372262774,31.282730923694764,25.38273092369477,19.48313253012048,3.040851063829788,111.74875330708332,74.12649333333333
2015-07-23,0.18795180722891566,11.839999999999998,32.10766129032257,25.463709677419352,18.81814516129032,2.962025316455698,113.02388962208336,74.88190999999998
2015-07-24,0.482520325203252,10.037777777777778,31.05341365461846,24.849799196787142,18.651807228915672,3.7510729613733886,108.11062113875,70.56940999999999
2015-07-25,0.03886639676113361,11.22089552238806,29.298785425101233,23.382591093117394,17.462348178137642,3.2780172413793123,98.50976410833331,63.39191
2015-07-26,0.11387755102040815,11.091044776119404,31.825102880658456,24.563374485596718,17.29794238683127,3.1085470085470117,95.01173282208336,61.29649333333333
2015-07-27,0.07520325203252033,10.964885496183207,31.395491803278688,25.201229508196725,19.00737704918034,3.3131355932203412,109.45106686291666,72.10774333333333
2015-07-28,0.4210526315789473,11.044852941176472,32.01788617886181,25.317886178861798,18.619918699186996,3.041276595744681,110.83874322333334,73.47191
2015-07-29,1.3315573770491804,8.889705882352944,30.85121951219514,25.01422764227642,19.16910569105692,3.1884615384615387,109.44240247375,72.10232666666666
2015-07-30,3.778600823045269,7.302272727272728,28.09139344262295,23.365983606557368,18.63401639344264,3.5384615384615365,105.71319420541666,68.47357666666666
2015-07-31,3.7182572614107885,6.418796992481207,27.13565573770492,22.31721311475411,17.501639344262294,3.5253218884120154,104.15998655541664,67.11440999999998
2015-08-01,0.034136546184738964,10.943511450381685,28.156557377049182,21.97818930041152,15.801646090534975,2.794420600858368,99.56359726666666,63.00357666666668
2015-08-02,0.0008097165991902835,11.844696969696967,31.54412955465587,24.43577235772356,17.329268292682922,3.042735042735045,92.3991660775,56.35232666666665
2015-08-03,1.1048582995951417,9.449999999999998,31.575409836065568,25.186065573770488,18.795491803278683,3.0353448275862065,108.97601215999997,70.56690999999998
2015-08-04,0.08634538152610442,10.487407407407408,30.439506172839497,24.49670781893004,18.55720164609053,2.6025974025974024,108.84500200500004,70.10274333333332
2015-08-05,0.03211382113821138,11.172180451127815,32.09132231404959,25.226859504132232,18.362396694214866,2.959071729957806,108.40612525083334,69.79774333333332
2015-08-06,0.20894308943089449,9.641791044776117,32.390204081632646,25.505327868852447,18.641393442622952,2.635470085470084,110.09286117833332,71.26607666666669
2015-08-07,1.055691056910569,8.00518518518519,31.13699186991871,25.20284552845528,19.26829268292683,2.921428571428572,109.97794835583336,71.24982666666666
2015-08-08,1.933606557377049,5.80151515151515,28.006147540983594,23.058606557377036,18.111475409836064,3.132051282051283,101.03948726666668,64.29232666666668
2015-08-09,0.14732510288065845,8.899236641221375,29.29057377049181,23.29959016393444,17.308606557377036,3.0262931034482765,93.65856899416669,57.36357666666666
2015-08-10,0.2939271255060729,9.905147058823527,31.98536585365854,24.907346938775515,17.83428571428571,2.647881355932203,107.78562424333334,69.44524333333334
2015-08-11,0.22154471544715448,8.781617647058821,31.141224489795928,25.24448979591835,19.343265306122447,2.844491525423728,109.504689505,70.70982666666667
2015-08-12,1.942914979757084,8.216788321167884,31.30121951219514,25.11138211382113,18.92195121951219,2.9350210970464152,107.16858150083334,68.73024333333333
2015-08-13,1.818367346938776,7.923913043478267,27.757489878542515,22.841700404858305,17.925910931174084,4.168776371308018,98.95749576166668,61.67899333333335
2015-08-14,1.606882591093117,7.54191176470588,25.696774193548396,20.816129032258054,15.931451612903215,3.582845188284517,102.55622335583335,64.79232666666668
2015-08-15,1.2178861788617878,6.8189781021897815,25.367999999999984,20.5548,15.7436,2.9234309623430934,94.9446663575,58.97566
2015-08-16,0.24032258064516135,7.464963503649635,26.938306451612895,21.136290322580642,15.331048387096779,2.7751054852320687,99.38546024416664,62.354409999999994
2015-08-17,1.2217741935483872,8.743382352941174,27.584677419354826,22.438306451612895,17.29959677419356,2.815899581589956,107.38086757666666,69.15441
2015-08-18,0.6927419354838709,9.536296296296298,27.36113360323887,21.88744939271255,16.411336032388654,2.683122362869197,102.803532005,64.89065999999998
2015-08-19,0.21710526315789472,10.757352941176471,28.81939655172414,22.38362068965518,15.949568965517225,2.4689655172413785,104.22157483416665,66.09899333333333
2015-08-20,0.010843373493975902,11.119117647058824,31.075210084033603,24.134453781512622,17.188655462184865,2.541422594142261,104.669636595,66.55941
2015-08-21,1.741803278688525,9.009774436090225,31.128571428571405,24.80244897959185,18.473877551020415,2.785714285714286,108.88614627249996,70.32357666666665
2015-08-22,3.148979591836734,7.839097744360905,28.37926829268292,23.18739837398375,17.985772357723576,3.267088607594938,99.24656101666665,62.93816000000001
2015-08-23,0.8959349593495931,8.703759398496235,26.06056910569105,21.347967479674786,16.63048780487804,4.421610169491525,78.6539460775,44.61149333333335
2015-08-24,0.07836734693877549,9.56470588235294,25.286530612244896,20.264489795918355,15.244081632653065,3.7343220338983034,99.94032591,62.59732666666668
2015-08-25,0.07004048582995953,11.203649635036497,28.445344129554638,21.345344129554647,14.250202429149793,2.6029411764705888,107.41614783833336,68.92316000000001
2015-08-26,1.0724696356275305,9.552592592592589,29.455870445344143,23.03724696356275,16.628744939271257,3.297899159663865,101.70184400083336,63.958993333333346
2015-08-27,1.303225806451613,9.650364963503648,30.172764227642258,23.89268292682927,17.613414634146334,3.417226890756304,97.71517701166664,60.63107666666667
2015-08-28,0.13172690763052208,10.52043795620438,31.30364372469636,24.47489878542509,17.646963562753033,2.6037656903765702,107.22305293916668,68.87191
2015-08-29,0.08620689655172413,9.816296296296292,31.81129032258063,25.414919354838702,19.025000000000006,2.9274261603375518,97.61039559999999,61.44357666666666
2015-08-30,1.8204918032786888,8.658518518518518,31.693360995850625,25.6473029045643,19.597095435684654,2.9674999999999985,93.19672524416666,57.01274333333333
2015-08-31,4.145000000000001,5.660869565217394,28.5438524590164,23.649999999999967,18.756147540983587,2.6567796610169503,110.85842924333332,72.15191
2015-09-01,1.5112033195020758,7.76204379562044,26.982987551867236,21.965975103734433,16.946887966804972,2.8086206896551715,103.53977461125,66.27816000000001
2015-09-02,3.4704918032786893,7.602898550724636,26.101646090534988,21.161728395061726,16.216049382716054,2.843829787234045,103.8933918025,66.57982666666668
2015-09-03,1.6093495934959348,6.976470588235293,24.202074688796678,19.84564315352696,15.492116182572609,3.1731914893616997,100.25945691375,63.21732666666668
2015-09-04,2.7163265306122453,6.088970588235292,23.373983739837406,18.898373983739845,14.42764227642277,3.0289361702127646,100.718767545,63.60607666666667
2015-09-05,2.6543209876543217,7.426666666666668,24.121224489795928,18.76285714285714,13.404489795918364,2.67457627118644,95.81215472833334,61.345659999999995
2015-09-06,1.7259259259259252,8.017647058823528,24.90286885245901,19.291803278688523,13.687704918032772,2.39071729957806,94.70812637875,60.75024333333334
2015-09-07,3.6851851851851856,7.574264705882349,24.89710743801656,19.590082644628094,14.2809917355372,2.3735042735042726,104.36889228958331,67.75399333333334
2015-09-08,0.6909465020576132,9.340000000000003,25.920247933884287,19.693360995850615,13.464730290456428,2.079574468085105,107.36500711125002,69.55024333333334
2015-09-09,0.12975206611570242,7.668181818181817,26.43791666666668,20.164853556485358,13.902928870292886,2.4004291845493566,106.8301593025,69.09357666666666
2015-09-10,1.1575510204081634,7.66402877697842,25.866115702479345,20.786776859504137,15.709504132231402,2.457264957264956,105.41852191374998,67.65191
2015-09-11,0.5439024390243902,8.897810218978107,27.216460905349784,21.031275720164608,14.848559670781887,2.575949367088608,101.34292712833332,64.04732666666666
2015-09-12,1.0110655737704912,5.230656934306572,25.730612244897962,21.15102040816327,16.571428571428573,2.6427966101694893,94.91873222833333,60.51440999999999
2015-09-13,1.3073170731707309,6.321739130434781,24.55384615384615,19.972874493927122,15.387449392712545,3.4987394957983216,79.14673846208333,46.99816000000001
2015-09-14,1.1939024390243902,7.594964028776982,23.73238866396761,19.03643724696356,14.3425101214575,3.048117154811715,94.71050978958334,59.36524333333333
2015-09-15,6.407377049180329,4.480434782608693,22.87479674796748,18.282113821138207,13.689837398373987,3.828270042194093,91.32696461125,55.60191000000001
2015-09-16,3.393902439024392,5.979999999999998,24.08502024291497,19.554251012145762,15.027125506072881,5.361965811965813,78.81944180250002,44.85607666666667
2015-09-17,0.7632653061224486,8.14565217391304,22.195121951219512,17.47804878048781,12.75650406504065,3.0453389830508466,93.73449733041667,57.593576666666664
2015-09-18,0.20813008130081312,9.31739130434783,23.568825910931164,17.305263157894746,11.041700404858313,2.3382352941176454,99.19239171166667,62.22607666666666
2015-09-19,0.07336065573770494,9.708029197080293,25.1927125506073,18.72631578947368,12.265587044534405,2.4614107883817433,89.96303431166668,56.10732666666667
2015-09-20,0.006584362139917697,10.359124087591242,26.59878048780489,19.626422764227637,12.652439024390251,2.2550420168067222,89.05840179541669,55.65441000000001
2015-09-21,0.12418032786885247,9.127338129496405,27.093902439024376,20.163008130081288,13.23089430894308,2.4138655462184864,99.25453312291664,63.205659999999995
2015-09-22,1.0917355371900823,8.449640287769784,25.829098360655752,19.81352459016393,13.794262295081966,3.10625,93.48827961125,57.51857666666666
2015-09-23,0.4227272727272727,8.027536231884056,24.172131147541,18.77418032786885,13.377049180327875,2.746666666666667,94.6358468025,58.52857666666667
2015-09-24,0.058130081300813014,8.972992700729922,25.46544715447155,19.12154471544716,12.777642276422766,1.9921161825726128,97.60635608041667,60.88857666666666
2015-09-25,0.21788617886178865,8.763043478260865,26.692338709677426,19.9116935483871,13.130241935483866,2.0604938271604936,97.68244796166664,60.93149333333334
2015-09-26,0.3463709677419355,7.640145985401459,26.097560975609756,19.806504065040645,13.510569105691054,2.0392561983471085,93.846943895,59.64940999999999
2015-09-27,1.2654471544715442,8.277372262773719,25.500403225806433,19.366532258064517,13.23145161290324,2.372614107883817,89.44331387875002,56.05107666666667
2015-09-28,0.6733870967741936,8.477272727272721,24.45473251028807,18.506172839506167,12.553497942386825,2.643096234309624,95.7823072895833,60.20149333333333
2015-09-29,4.5838709677419365,5.464748201438848,23.129718875502025,17.68955823293173,12.240963855421686,2.20702479338843,98.94469752791667,62.26524333333334
2015-09-30,1.7922764227642276,7.380434782608701,22.93240000000001,17.5916,12.255199999999995,2.1612500000000003,101.38756721916666,64.37649333333333
2015-10-01,2.014,8.800000000000002,24.058064516129033,17.821052631578947,11.599595141700409,2.47689075630252,102.343276015,65.78441000000001
2015-10-02,1.2155378486055777,8.020437956204379,23.23749999999998,17.36733870967742,11.497580645161298,2.3581589958158964,102.75170471666668,65.88482666666665
2015-10-03,1.2387999999999997,4.691240875912407,22.87148594377509,17.744979919678713,12.618875502008025,2.192887029288704,93.6834672275,59.58524333333333
2015-10-04,4.925506072874494,3.13913043478261,24.130081300812996,19.0430894308943,13.95040650406504,3.1995780590717287,81.5148504375,49.21649333333333
2015-10-05,5.568722466960352,2.9942028985507254,24.811475409836074,21.124180327868853,17.430737704918027,4.126050420168067,85.5738475575,51.43357666666667
2015-10-06,1.2045081967213112,6.134057971014494,23.335064935064942,18.956709956709968,14.578354978354973,3.921338912133891,89.65260118291668,54.60774333333333
2015-10-07,0.37943548387096776,7.4942446043165445,21.643426294820717,16.923904382470113,12.212749003984065,2.209128630705397,103.98308547625004,67.39607666666667
2015-10-08,0.5759183673469388,7.735971223021584,21.706584362139925,16.426748971193426,11.142386831275722,2.229460580912863,101.930408515,65.44774333333332
2015-10-09,0.27530364372469635,8.686131386861321,22.45000000000001,16.44919354838709,10.443145161290321,2.049790794979081,101.49668638333335,64.81524333333333
2015-10-10,1.7283400809716598,6.6072992700729944,22.93790322580645,17.07943548387097,11.225806451612899,2.4476987447698737,92.6820872275,58.80524333333333
2015-10-11,2.7813008130081305,3.765693430656935,21.823265306122448,17.866938775510196,13.913877551020413,2.1761506276150615,92.38611460416668,58.94274333333334
2015-10-12,4.062040816326531,4.024817518248175,21.828278688524584,18.009426229508193,14.1938524590164,2.4308016877637124,92.43891514708334,59.63357666666668
2015-10-13,2.7975409836065586,4.232116788321167,19.720987654321,15.997933884297511,12.29669421487604,2.6680672268907557,96.09256576625,60.34316000000001
2015-10-14,0.20082644628099175,7.695683453237409,19.41440329218105,14.500000000000005,9.587654320987657,2.5310924369747902,95.40102422625,59.84107666666666
2015-10-15,0.6873983739837399,9.05642857142857,20.463967611336038,14.033198380566812,7.60404858299595,2.0294117647058827,100.30758684833334,63.95149333333334
2015-10-16,0.35020242914979755,6.799999999999998,21.0280487804878,14.92845528455285,8.827235772357726,2.125738396624472,104.03353763333332,66.98524333333332
2015-10-17,3.899173553719011,4.627737226277373,22.072540983606558,16.819672131147534,11.568032786885238,3.1183760683760697,89.45172722749999,55.89065999999999
2015-10-18,9.5655601659751,3.1237037037037045,20.834297520661146,17.375619834710747,13.913636363636375,2.29956896551724,94.94528127083332,61.22566
2015-10-19,6.430416666666668,2.6448529411764703,19.73991596638654,16.95042016806722,14.158403361344542,2.644396551724137,101.25040964083335,65.26691
2015-10-20,2.5367346938775515,3.314705882352942,19.186419753086433,15.692181069958847,12.190534979423877,3.3292372881355927,93.21270951625,57.83441000000001
2015-10-21,0.5074688796680498,6.939705882352941,18.70247933884297,14.177685950413224,9.653719008264463,2.5310638297872337,94.59726922625002,59.14149333333335
2015-10-22,1.5534412955465584,8.517266187050362,20.360000000000014,14.47224489795918,8.584897959183674,2.2421940928270065,97.852443515,61.77566
2015-10-23,0.6206477732793522,6.172058823529412,21.669795918367356,15.753061224489805,9.836326530612249,1.8355648535564848,102.81315096666668,65.94191
2015-10-24,1.1894308943089429,1.609489051094891,19.8,16.11951219512196,12.430081300813004,1.4771186440677968,95.62272764416667,61.32357666666667
2015-10-25,1.6702040816326529,4.2492753623188415,20.631428571428565,16.73020408163266,12.831020408163269,2.057805907172995,88.21481385480001,56.29501000000001
2015-10-26,5.765983606557378,2.3285714285714283,19.508979591836734,16.371836734693886,13.238775510204079,2.5424369747899163,95.61386589916668,60.19941
2015-10-27,3.677927927927928,4.156428571428569,18.554065040650414,14.994715447154462,11.429674796747975,2.872573839662449,92.7402328975,57.38149333333333
2015-10-28,1.6829059829059825,4.815000000000001,17.796380090497745,14.126696832579178,10.458371040723987,3.241880341880341,88.15959414166667,53.43857666666668
2015-10-29,0.3436363636363636,5.482978723404255,20.33225806451612,15.771428571428563,11.212903225806459,2.238095238095238,96.08236143041668,60.22649333333333
2015-10-30,0.2723577235772358,6.736428571428572,21.706967213114766,16.590163934426233,11.473360655737705,2.5527426160337527,92.543604975,56.95524333333333
2015-10-31,1.3259109311740898,4.4797101449275365,20.296356275303648,16.22793522267206,12.161538461538465,2.875210084033612,90.03443662666666,56.15274333333334
2015-11-01,9.667078189300414,5.391304347826089,19.666803278688526,15.555737704918025,11.44016393442623,4.1745762711864405,78.79256256875001,46.823159999999994
2015-11-02,14.940163934426224,1.6869565217391298,16.968571428571433,13.968163265306115,10.975510204081619,3.5725321888412003,92.48071019583332,56.75024333333334
2015-11-03,1.349382716049382,3.3892857142857147,17.825514403292193,14.399588477366256,10.97078189300411,2.8600840336134445,96.15003478208332,58.93732666666665
2015-11-04,1.1995884773662548,4.312408759124088,19.44672131147541,15.38024691358026,11.322222222222226,2.3512820512820505,98.13251165375,60.68732666666668
2015-11-05,1.2392712550607283,4.506474820143884,20.03950617283952,16.18230452674896,12.323868312757199,2.096652719665272,97.66876792458334,60.156076666666664
2015-11-06,0.03024193548387097,7.090714285714286,22.189300411522613,17.168181818181814,12.127685950413225,1.9420168067226888,101.24476454249998,63.12482666666668
2015-11-07,0.04337349397590359,8.18848920863309,22.66065573770491,17.238114754098365,11.823770491803286,1.9400843881856549,97.73267907166664,60.70441
2015-11-08,0.05691056910569101,7.938129496402879,22.483196721311494,17.039754098360667,11.594262295081966,2.5760504201680656,89.37854071708334,54.52107666666666
2015-11-09,0.017073170731707322,7.550354609929077,21.776131687242803,16.20164609053499,10.625102880658442,1.6644067796610165,105.79402394583336,68.25065999999998
2015-11-10,0.03048780487804878,7.400714285714287,21.522633744855952,15.610288065843614,9.697530864197537,1.5835443037974692,107.50346603208332,68.65982666666667
2015-11-11,0.014634146341463419,7.083333333333336,20.792338709677416,14.95645161290323,9.128629032258068,1.3966527196652732,107.57939457041664,68.70357666666668
2015-11-12,0.018218623481781385,6.8389705882352905,19.847177419354832,14.235483870967734,8.633870967741936,1.635744680851065,107.97154584125,68.91107666666664
2015-11-13,0.1296,5.533576642335771,19.1424,13.980400000000005,8.816800000000004,1.8568376068376082,102.63916287583334,64.20191000000001
2015-11-14,0.013600000000000004,6.9905109489051105,19.49719999999998,14.217999999999993,8.934000000000003,1.878991596638654,97.26629407166668,60.236910000000016
2015-11-15,0.019200000000000002,7.233823529411766,19.3524,13.611999999999995,7.8768000000000065,1.6262499999999998,95.46999780041664,59.852743333333336
2015-11-16,0.030923694779116467,6.9376811594202925,18.394779116465863,12.81124497991968,7.2313253012048175,1.6886554621848746,103.88769019583334,66.61232666666666
2015-11-17,0.0250996015936255,6.321582733812951,18.336399999999987,12.894799999999995,7.447199999999996,1.9128630705394207,103.45765686541664,65.21899333333334
2015-11-18,0.04435483870967742,6.400724637681165,19.2016,13.466799999999996,7.732400000000001,1.6553719008264471,105.52788748708332,66.97232666666666
2015-11-19,0.013654618473895586,6.800000000000002,20.026506024096378,14.112851405622491,8.200803212851412,1.8088235294117656,105.37202167458334,66.72482666666667
2015-11-20,3.685365853658537,6.058778625954199,20.18811475409836,14.471311475409825,8.750000000000002,2.6434042553191466,96.12582370916668,58.56024333333333
2015-11-21,3.8861224489795934,4.08905109489051,16.944979919678723,11.717670682730914,6.491566265060241,5.59442060085837,72.98113573833334,39.39441
2015-11-22,2.281854838709678,3.917985611510793,11.671825396825392,8.003571428571428,4.334126984126983,3.3640167364016738,84.16545946708331,49.77607666666666
2015-11-23,0.9483739837398372,6.2949640287769775,11.56388888888889,7.139285714285713,2.7178571428571425,2.9949790794979068,105.84890602916668,68.29357666666667
2015-11-24,2.31497975708502,4.783211678832116,12.795564516129035,7.9649193548387105,3.1310483870967754,2.7191666666666663,107.14220353208331,68.26649333333334
2015-11-25,2.3776,4.397841726618704,15.719920318725094,11.153386454183266,6.577689243027892,4.454583333333333,96.66014498708334,59.33691000000001
2015-11-26,1.2187999999999994,5.627338129496403,16.31807228915663,12.109236947791159,7.903614457831326,4.154852320675107,95.6420966745833,58.42690999999999
2015-11-27,1.1305555555555555,5.76402877697842,16.178714859437758,11.743373493975904,7.302811244979915,2.663223140495868,101.1867082925,62.99774333333335
2015-11-28,0.16746031746031748,6.398540145985402,15.855020080321289,10.485542168674696,5.114859437751004,2.432921810699589,92.31008532166665,56.11649333333333
2015-11-29,0.00398406374501992,7.2666666666666675,15.989068825910929,9.923076923076923,3.8591093117408932,1.9439330543933064,95.78094988375,60.09149333333334
2015-11-30,0.004435483870967742,7.359124087591245,16.73052208835341,10.063453815261044,3.3979919678714854,1.7307053941908712,106.9567343625,69.30857666666667
2015-12-01,0.06626506024096387,6.902877697841727,16.412,9.910799999999998,3.4187999999999974,1.7036885245901634,113.70725441458332,73.39607666666667
2015-12-02,0.020883534136546183,5.754609929078013,16.586234817813768,10.654251012145744,4.725506072874493,1.6286307053941933,113.40946840458332,73.88316
2015-12-03,0.29752066115702475,6.293617021276599,17.67736625514403,11.4962962962963,5.318106995884776,2.011297071129708,108.19741329958332,69.38524333333334
2015-12-04,0.11456692913385827,5.55,17.677510040160637,11.938152610441762,6.202409638554218,1.6495867768595054,110.58621622291672,71.50024333333333
2015-12-05,0.03873517786561264,6.17608695652174,17.602777777777774,11.992857142857135,6.378571428571424,1.711983471074381,108.60348988625002,68.88816
2015-12-06,0.008300395256916998,5.80359712230216,16.651984126984132,11.592857142857149,6.539285714285718,2.104545454545455,94.42089039666668,59.92357666666667
2015-12-07,0.7862660944206006,2.5000000000000004,15.356680161943311,11.432388663967604,7.512550607287447,2.4788381742738568,93.7504091,56.63524333333334
2015-12-08,0.4959999999999999,3.2934306569343077,16.1410480349345,11.920960698689962,7.705676855895196,1.7622406639004158,99.60366027958332,63.38982666666667
2015-12-09,0.031199999999999988,5.072661870503596,15.915537848605574,11.313944223107578,6.705976095617531,2.316528925619836,106.93403840458332,68.31524333333333
2015-12-10,0.17579365079365086,4.6,15.029133858267722,10.812598425196848,6.591732283464568,1.9573770491803288,110.08903913291668,70.98607666666669
2015-12-11,0.005533596837944663,4.7460431654676265,14.288976377952759,10.125984251968504,5.967322834645668,1.9885245901639357,108.54596705625,69.74524333333333
2015-12-12,0.4359683794466404,3.9150000000000014,13.726562500000002,9.535156250000002,5.34375,1.7762295081967214,107.88000530291669,68.17190999999998
2015-12-13,1.0726190476190476,4.1142857142857165,14.425296442687745,9.999603174603177,5.595238095238094,2.1082987551867234,93.76316912958332,56.67149333333334
2015-12-14,1.0028,2.5432624113475173,15.620731707317072,11.594715447154472,7.576422764227643,2.6791666666666667,98.55404743333334,60.63357666666667
2015-12-15,0.3685950413223141,4.934285714285715,18.049397590361444,13.105220883534136,8.16666666666667,2.749794238683128,96.20177816458332,58.52732666666667
2015-12-16,0.0070866141732283455,5.059574468085108,18.88429752066116,13.403719008264446,7.926859504132234,2.2036885245901643,101.52696507125,63.66607666666666
2015-12-17,0.6193675889328063,4.184892086330938,18.2244,12.974399999999992,7.729999999999998,2.083539094650207,101.57375663291668,63.70816
2015-12-18,0.07440944881889766,4.6085714285714285,18.29120000000001,13.062000000000005,7.833599999999998,1.8037037037037065,101.40561205625,63.61607666666666
2015-12-19,1.0754940711462448,6.150359712230216,19.018577075098808,13.164031620553356,7.314624505928855,2.5069672131147533,93.98857905291668,56.48024333333334
2015-12-20,1.0103174603174598,3.542446043165468,16.484462151394418,11.659760956175301,6.841832669322711,2.2356846473029037,94.49523537958336,56.916076666666676
2015-12-21,0.07142857142857141,5.717730496453901,15.356910569105684,10.426016260162598,5.489837398373985,2.0469135802469136,103.62664493333335,64.96732666666666
2015-12-22,0.5448818897637794,5.588732394366192,15.729365079365087,10.644047619047617,5.558333333333334,2.4876033057851235,101.66531024791668,63.18232666666666
2015-12-23,0.2043650793650794,3.967142857142858,14.8195219123506,10.319920318725103,5.823107569721116,1.7487704918032805,102.89699757125,64.79816000000001
2015-12-24,0.09365079365079368,4.389928057553956,15.0617529880478,10.62828685258964,6.198804780876492,2.217695473251029,94.20960121625,57.416076666666676
2015-12-25,0.012648221343873523,5.428776978417266,15.515476190476196,10.50873015873016,5.500000000000001,2.191322314049588,98.29251080833332,57.26399333333333
2015-12-26,0.07075098814229247,5.037410071942445,15.26653386454183,10.46919999999999,5.678000000000003,2.730578512396696,90.68703696958336,53.57941
2015-12-27,0.1410358565737052,4.867625899280579,15.793975903614461,10.792369477911636,5.7879518072289144,3.1387500000000004,75.70777496291667,41.244826666666654
2015-12-28,4.571255060728748,3.3151079136690647,15.734016393442626,11.61844262295081,7.493442622950821,3.855833333333333,82.0300207666667,46.65857666666667
2015-12-29,0.1285714285714286,4.2159420289855065,15.003719008264468,10.808264462809909,6.6128099173553725,2.1789915966386566,93.2178439979167,55.98941
2015-12-30,2.4372469635627536,4.676258992805754,15.247967479674791,10.421951219512195,5.5934959349593445,3.1518828451882834,86.13335965458334,50.53024333333335
2015-12-31,0.4333333333333331,2.856617647058823,14.5080971659919,10.70121457489878,6.898785425101211,2.011715481171548,94.2406403829167,57.45149333333334
2016-01-01,4.48755020080321,2.9644927536231886,15.552674897119347,11.4,7.244444444444437,3.2655172413793085,76.50664438333334,40.65549333333333
2016-01-02,0.7580645161290319,4.7597122302158255,13.870731707317065,10.122357723577233,6.374796747967478,3.2613733905579414,77.54106954750002,42.05382666666666
2016-01-03,7.653909465020579,1.2676258992805756,14.502469135802464,10.622222222222222,6.737037037037041,4.121120689655174,65.18591495583335,31.658409999999996
2016-01-04,9.63102040816327,1.0547445255474448,14.628278688524608,11.9188524590164,9.211475409836071,4.4233766233766225,74.50615814666666,40.55257666666667
2016-01-05,1.988799999999999,3.728985507246378,11.881526104417677,8.555020080321283,5.234538152610443,4.3215189873417765,75.32105513958331,41.07216
2016-01-06,2.5813765182186224,2.7569343065693435,12.27217741935484,8.427419354838714,4.579838709677416,4.4421276595744645,58.55811338291665,26.88924333333333
2016-01-07,5.765060240963856,2.143571428571428,16.146370967741934,12.858299595141695,9.585829959514168,4.658050847457627,71.04505798416666,37.840493333333335
2016-01-08,6.332520325203253,3.1218978102189774,16.44615384615384,13.018623481781376,9.588663967611335,3.747257383966245,75.85344904666665,42.267576666666656
2016-01-09,4.901619433198384,3.3905797101449275,15.123481781376514,11.95465587044534,8.793117408906884,3.968067226890757,71.4972920475,37.318826666666666
2016-01-10,9.020883534136546,2.1340579710144936,14.868145161290315,11.967338709677419,9.066935483870967,4.935593220338983,53.70703203916666,22.00049333333333
2016-01-11,1.9516,4.236029411764705,14.403643724696348,10.927125506072876,7.455060728744937,5.019658119658119,67.14276356333332,34.23757666666666
2016-01-12,0.8347999999999999,5.701428571428572,12.565200000000008,8.622799999999998,4.684000000000001,3.0767634854771804,79.01773930625,44.03216000000001
2016-01-13,3.4829365079365084,5.149640287769785,13.4704,8.297200000000004,3.1283999999999983,2.2389121338912137,83.26949088291667,48.28841
2016-01-14,2.9976284584980237,2.017142857142857,13.784462151394427,9.607968127490047,5.421513944223106,2.691666666666665,79.55265840083331,45.143826666666676
2016-01-15,2.369291338582677,3.6395683453237417,11.5448,7.983600000000001,4.418399999999996,3.5610878661087884,81.13060738,46.947993333333336
2016-01-16,0.09083333333333332,7.599275362318842,10.87016129032258,6.366532258064519,1.861693548387096,3.023728813559324,78.2693720475,42.79091
2016-01-17,1.2039840637450197,4.4036231884057955,11.097890295358653,6.092405063291142,1.0894514767932486,2.064556962025318,82.46596995583334,46.06091
2016-01-18,1.4151999999999991,4.409352517985612,12.704048582995947,8.587854251012152,4.475708502024292,3.394117647058824,85.66116314666667,50.05590999999999
2016-01-19,0.7269841269841272,4.274820143884893,12.02137096774194,7.899193548387097,3.7826612903225834,1.9558333333333344,96.39844930625,59.07549333333333
2016-01-20,0.4135458167330678,4.331690140845072,12.916,8.422399999999998,3.93227091633466,1.8818930041152253,96.63796004958333,59.69965999999999
2016-01-21,0.7039682539682538,3.959154929577465,14.047011952191232,9.70677290836653,5.368253968253965,1.917768595041324,94.64317715083335,58.17632666666668
2016-01-22,0.664453125,2.4885714285714267,15.214285714285724,11.515873015873018,7.817857142857144,1.7362139917695496,89.63835738,54.26966000000001
2016-01-23,0.051181102362204696,5.005755395683453,17.524000000000008,12.885199999999996,8.2472,1.744398340248965,86.16001246416668,49.50466000000001
2016-01-24,0.1003937007874016,6.714285714285718,18.286507936507945,12.855158730158722,7.417460317460318,2.3974999999999995,79.27327870583333,43.494659999999996
2016-01-25,0.7542968749999998,4.24964539007092,16.74395161290322,12.106451612903236,7.468951612903223,2.1219409282700417,90.30954273000002,53.96424333333334
2016-01-26,0.2685039370078741,4.539007092198583,15.053149606299222,10.937154150197623,6.856126482213442,1.8918032786885242,92.91690722291666,56.07757666666668
2016-01-27,1.1179687500000004,4.1605633802816895,14.748425196850405,10.588582677165347,6.429527559055119,2.2292887029288706,86.45436921625002,50.93424333333334
2016-01-28,2.761328125,2.7878571428571433,13.407905138339927,9.779446640316202,6.15810276679842,2.172427983539094,90.57025423416664,54.60174333333333
2016-01-29,1.4808593749999996,2.8178571428571426,12.894094488188975,9.427952755905515,5.960629921259841,2.070491803278689,88.32166738,53.11091
2016-01-30,0.28431372549019607,4.885611510791369,14.420000000000005,9.643921568627453,4.865490196078432,2.639669421487602,81.88120996416669,45.99757666666667
2016-01-31,0.192578125,4.760144927536231,16.003921568627458,11.367843137254901,6.731372549019606,3.077178423236514,77.0496599558333,41.49799333333333
2016-02-01,0.008949416342412454,6.050714285714284,17.525396825396832,12.14523809523809,6.76269841269841,1.6619246861924697,87.3340109375,51.48007666666666
2016-02-02,0.4313953488372093,4.40935251798561,15.703937007874027,10.98700787401575,6.2744094488189015,1.6611570247933898,85.67664030833333,49.93716000000001
2016-02-03,0.546875,5.7612676056338,14.525296442687745,10.02687747035574,5.535177865612647,3.235123966942147,76.06635709291669,41.77216000000001
2016-02-04,0.01867704280155642,7.582978723404253,14.075390624999995,8.805859375000004,3.5343750000000003,2.683817427385891,76.74444219833333,42.410076666666654
2016-02-05,0.002723735408560311,7.300714285714286,15.255118110236227,9.412204724409458,3.5637795275590567,2.3285123966942147,81.16508887916667,45.75924333333333
2016-02-06,5.938823529411762,3.6092857142857118,14.93019607843138,9.733333333333327,4.535686274509805,3.9157676348547725,70.83449773458334,36.64549333333334
2016-02-07,0.7968503937007873,5.451428571428571,13.112549019607835,9.496078431372553,5.876470588235296,4.665000000000001,59.64019983958334,26.515493333333332
2016-02-08,0.9831372549019606,4.499290780141847,15.25810276679842,11.078174603174606,6.908730158730157,3.599581589958161,72.66086260416667,38.99841
2016-02-09,5.5178571428571415,2.06,15.278740157480307,11.859055118110227,8.44448818897638,5.961157024793389,65.36786614166668,32.58132666666666
2016-02-10,6.141338582677162,1.7248226950354608,15.023904382470109,12.274900398406375,9.529880478087648,4.965690376569038,68.76925334291668,35.53840999999999
2016-02-11,4.973122529644269,3.056428571428572,15.599600000000011,12.636400000000005,9.670399999999994,3.9374999999999982,73.76538553166667,39.98841000000001
2016-02-12,10.420553359683797,1.0811594202898551,15.734126984126986,12.808333333333342,9.885714285714279,5.272083333333331,65.6029697125,32.613409999999995
2016-02-13,6.7715415019762855,2.326618705035972,17.117599999999992,14.18999999999999,11.237848605577696,5.399579831932771,50.68547523458332,19.63924333333333
2016-02-14,7.6452000000000035,3.505839416058397,13.29879518072289,9.27951807228915,5.259839357429716,5.851072961373387,49.36883150624999,18.152576666666665
2016-02-15,1.7928000000000004,5.3630434782608685,10.813008130081306,7.265040650406506,3.718292682926828,5.45087719298246,60.63596927083335,28.693826666666666
2016-02-16,0.06613545816733069,7.7707142857142815,10.079199999999997,5.604000000000003,1.1284000000000003,3.8150214592274687,76.550619475,42.06591
2016-02-17,3.2031496062992133,6.943661971830987,10.733333333333348,5.063888888888886,-0.6015873015873014,2.88410041841004,81.75825417624998,46.69132666666666
2016-02-18,3.1932539682539685,3.2578571428571417,10.492430278884463,6.779681274900402,3.0705179282868524,2.59201680672269,79.68295053166669,45.01924333333334
2016-02-19,1.0592885375494074,6.754676258992803,12.152988047808758,7.124701195219124,2.0920318725099607,2.7829875518672216,81.65869262916667,46.17716000000001
2016-02-20,0.8228346456692912,8.385,15.216929133858272,9.003149606299214,2.7862204724409456,2.840336134453781,77.43259981791665,42.025909999999996
2016-02-21,0.3788235294117648,6.763120567375886,16.48412698412698,10.475793650793657,4.4670634920634935,2.6163865546218483,69.38811817291666,34.442576666666675
2016-02-22,0.2835294117647059,6.533333333333335,16.5075396825397,11.033333333333333,5.563095238095238,2.349583333333331,83.13790593749998,48.02841000000001
2016-02-23,0.15511811023622046,7.449285714285716,16.156799999999997,11.03319999999999,5.912000000000003,2.860084033613444,75.49454155833334,41.18966000000001
2016-02-24,2.7696850393700805,5.14785714285714,14.706400000000004,9.907600000000002,5.107199999999999,3.0974895397489544,72.07530792625,38.38341000000001
2016-02-25,1.5944223107569722,5.2239130434782615,14.064257028112449,10.362248995983933,6.657429718875497,3.5586497890295328,69.28480678166666,36.08424333333333
2016-02-26,11.686746987951805,2.048201438848921,12.165306122448973,8.392244897959191,4.620816326530612,3.7813559322033914,67.27948429583334,34.04257666666667
2016-02-27,8.357317073170734,3.278985507246377,9.227983539094646,6.3666666666666645,3.5078189300411515,5.753070175438597,45.15002523458333,15.01674333333333
2016-02-28,1.9570281124497988,3.486330935251797,11.36842105263158,7.748178137651816,4.1319838056680185,4.4818181818181815,45.65519983958334,15.115493333333333
2016-02-29,0.10244897959183673,7.013138686131388,12.89390243902439,8.678861788617885,4.461382113821137,4.532608695652173,61.84032427083333,29.67049333333334
2016-03-01,0.16382113821138214,9.045255474452553,15.964489795918366,9.561632653061226,3.1555102040816307,2.883620689655173,71.58593541166665,38.909243333333336
2016-03-02,1.1651821862348177,6.97101449275362,17.52622950819674,11.513524590163925,5.4963114754098354,3.903056768558953,65.64315320291666,33.26674333333334
2016-03-03,0.8330645161290319,7.479285714285719,15.179757085020244,10.535627530364373,5.886639676113362,3.5905172413793087,68.67191899541668,35.82632666666667
2016-03-04,4.093172690763053,6.0347826086956475,15.900809716599195,10.13198380566802,4.361538461538464,4.274568965517242,60.58950183541666,29.002160000000003
2016-03-05,4.010000000000002,6.190579710144931,12.292338709677427,8.436693548387105,4.581854838709677,4.521645021645021,51.36866677916667,20.43216
2016-03-06,2.8931726907630515,6.025547445255477,11.891566265060243,7.718072289156625,3.5405622489959825,3.7133047210300423,55.4905939725,23.49424333333333
2016-03-07,3.240562248995985,3.4759124087591227,11.250806451612899,7.683467741935487,4.114919354838712,3.996536796536797,67.89284405916668,35.486326666666656
2016-03-08,0.9383999999999998,6.668840579710145,12.374999999999993,7.927822580645159,3.4778225806451637,3.4546610169491534,72.74035082833333,39.81549333333333
2016-03-09,4.586746987951808,3.6244604316546742,13.034008097165987,8.254655870445344,3.480971659919029,4.617596566523599,62.83069986958333,30.819659999999995
2016-03-10,1.8144,6.186131386861316,12.569635627530362,8.375708502024287,4.174089068825912,4.544915254237286,62.85709899541666,30.73507666666667
2016-03-11,0.08919999999999999,8.13134328358209,13.643548387096775,8.69798387096774,3.7528225806451614,3.265400843881855,73.12027558541669,39.71174333333333
2016-03-12,0.016334661354581673,8.649264705882354,14.380241935483859,8.466129032258062,2.548790322580645,2.5135021097046404,70.83258427916667,37.00341000000001
2016-03-13,0.34166666666666656,9.508823529411766,15.515261044176706,9.055421686746989,2.5903614457831323,2.6382352941176475,67.65217522249999,33.67382666666666
2016-03-14,2.0412,7.301481481481482,13.694262295081966,8.53319672131147,3.3672131147540982,2.277499999999999,79.59083155916666,45.48882666666666
2016-03-15,0.8682730923694779,6.364444444444442,14.949797570850198,9.469230769230773,3.996761133603239,2.2655462184873936,83.8106866616667,49.53674333333333
2016-03-16,1.0729083665338646,7.195620437956205,15.124096385542169,9.786345381526106,4.448192771084335,3.0741666666666663,77.05403903625002,43.02341000000001
2016-03-17,0.12540322580645166,7.205147058823535,14.963114754098365,9.672131147540982,4.376639344262294,2.3555084745762707,83.97542149541665,49.00049333333333
2016-03-18,3.4742971887550214,4.030656934306569,14.445344129554654,9.801214574898786,5.15668016194332,2.4573221757322163,86.07777141875,50.91174333333333
2016-03-19,5.2275303643724715,3.2854014598540138,13.908870967741931,10.76733870967742,7.619758064516128,2.7323529411764684,80.54038719583333,45.21424333333334
2016-03-20,2.9797570850202457,4.340875912408759,14.70243902439024,10.502439024390245,6.303658536585362,2.2465811965811944,79.12143688916666,43.22841
2016-03-21,3.8414634146341466,4.173722627737227,14.593415637860089,10.36584362139918,6.135390946502056,2.8326086956521737,78.29360614249998,44.38674333333333
2016-03-22,0.7167346938775511,4.322794117647058,14.254958677685945,10.202066115702491,6.15495867768595,3.2017167381974225,75.92829874499998,42.64715999999999
2016-03-23,0.13130081300813007,7.091970802919708,14.635627530364385,10.031578947368418,5.422672064777327,3.9251063829787225,71.92611611958334,38.66591
2016-03-24,0.07317073170731705,10.232835820895524,17.433603238866393,10.821862348178136,4.207287449392716,2.8358974358974347,70.95445357875,37.793409999999994
2016-03-25,0.9418032786885244,5.339999999999998,17.71061224489795,11.818775510204086,5.9326530612244905,2.834051724137931,71.82595641874998,38.556743333333344
2016-03-26,2.7621951219512213,7.365925925925925,19.05691056910568,13.176829268292687,7.29837398373984,3.7141025641025607,65.48921594583334,32.58799333333333
2016-03-27,1.4720647773279356,8.270895522388058,16.845161290322572,12.079435483870954,7.3104838709677455,3.94085106382979,57.36238502608695,24.230149130434786
2016-03-28,2.4971887550200806,4.699999999999998,17.047791164658634,12.546586345381524,8.043775100401607,3.591525423728813,56.40861646041667,25.21674333333334
2016-03-29,1.61733870967742,6.880147058823532,19.081854838709685,13.744758064516141,8.40564516129032,2.820762711864408,72.95849819541667,39.836743333333345
2016-03-30,4.856800000000002,8.600000000000003,20.617338709677416,13.748790322580644,6.8798387096774185,3.343829787234043,72.78665257,39.32882666666667
2016-03-31,2.551417004048582,6.027407407407406,14.876800000000005,10.490399999999996,6.099599999999999,5.0185344827586205,64.43681942875001,32.072160000000004
2016-04-01,1.4261044176706827,9.12014925373135,14.74960000000001,9.445199999999991,4.135600000000001,3.3248945147679336,75.36402400708333,40.99966
2016-04-02,1.0264822134387348,7.984558823529412,17.142460317460312,10.51666666666666,3.895238095238093,3.0176470588235285,69.96475664708335,36.413826666666665
2016-04-03,3.487351778656127,5.2382352941176435,16.392913385826766,11.877559055118107,7.368110236220474,3.947280334728031,56.01635527208334,24.07841
2016-04-04,13.189068825910931,1.7992700729927005,13.872800000000007,10.914399999999995,7.958799999999997,3.5571428571428565,69.14144406833333,36.52674333333333
2016-04-05,2.320967741935484,5.328467153284673,14.649397590361454,11.044979919678724,7.429718875502008,4.235443037974686,61.57036014958334,30.103826666666667
2016-04-06,0.4162055335968379,9.194814814814814,18.132400000000004,12.393199999999995,6.662000000000003,3.3929460580912836,69.34569755583333,36.73007666666667
2016-04-07,1.484523809523809,8.730147058823528,17.88232931726908,12.34096385542169,6.80522088353414,3.656118143459915,64.56085591333333,32.38424333333334
2016-04-08,1.1563492063492065,8.140441176470588,14.663888888888874,10.196031746031752,5.7234126984127025,4.195798319327731,62.42714692375,29.997993333333334
2016-04-09,0.6066666666666667,8.640601503759397,17.16095617529881,11.284462151394422,5.404780876494026,3.3330578512396696,58.89795373041667,26.895076666666668
2016-04-10,3.547058823529411,6.064925373134327,16.215019762845845,11.443083003952568,6.664822134387354,4.461344537815122,49.82039443874999,18.826326666666667
2016-04-11,2.8658634538152614,6.592647058823527,16.25020080321285,11.697188755020075,7.139357429718872,3.660169491525422,58.70400531833332,27.41341
2016-04-12,3.8378486055776886,5.840601503759395,17.013600000000007,12.58360000000001,8.147600000000004,3.5286919831223638,62.67923848291666,31.08091
2016-04-13,1.3044,8.020437956204383,17.944444444444443,13.140476190476193,8.341666666666665,3.5367088607594948,63.54178047250002,31.602159999999998
2016-04-14,1.744664031620553,8.080000000000002,19.71146245059288,14.103162055335964,8.487351778656121,3.3514522821576778,66.18259758,33.76382666666667
2016-04-15,3.893675889328063,7.000740740740741,19.42619047619048,14.349206349206348,9.266269841269846,3.2169421487603267,66.58619067375,33.64091
2016-04-16,6.7633858267716525,5.238970588235296,19.01225296442688,14.547430830039527,10.084189723320147,3.689256198347107,58.93171248041667,26.981326666666664
2016-04-17,0.7351778656126482,7.344444444444447,18.28253968253968,13.755555555555546,9.228968253968258,2.6933609958506226,61.81232485541667,28.80674333333333
2016-04-18,0.5490118577075098,8.651470588235293,19.953200000000006,13.935600000000004,7.9128,3.2476793248945124,67.29151031833334,34.978410000000004
2016-04-19,8.31383399209486,3.8022222222222233,18.090118577075092,14.19090909090909,10.289328063241106,3.6049792531120337,60.12224098291667,28.87674333333333
2016-04-20,5.326482213438738,3.2576642335766426,17.099606299212592,13.436220472440946,9.777952755905511,3.0736625514403286,70.57252755583332,37.840076666666654
2016-04-21,1.5303149606299211,7.185401459854018,18.407509881422925,13.690909090909095,8.977470355731226,2.5673553719008235,72.87877341333333,39.45507666666668
2016-04-22,1.3452380952380951,4.152205882352943,17.990551181102365,13.815748031496069,9.638582677165347,1.895833333333332,78.08746234041669,43.41007666666667
2016-04-23,1.7015873015873018,6.073333333333332,18.67976190476193,13.855158730158728,9.028174603174596,2.626050420168067,63.80215581375001,31.155076666666673
2016-04-24,0.12788844621513948,9.38358208955224,18.631496062992138,13.46299212598426,8.285826771653545,3.391176470588236,52.69620818875,21.23841
2016-04-25,0.002,11.05481481481482,19.34501992031873,13.176892430278881,7.007171314741035,2.8945147679324874,67.22052448499998,34.843826666666665
2016-04-26,0.011111111111111113,10.466917293233083,20.476587301587298,14.01992031872511,7.545418326693227,2.9263598326359817,70.48433264958334,37.995493333333336
2016-04-27,1.3779527559055116,6.051515151515151,18.869047619047624,13.954761904761904,9.036904761904756,2.9595041322314044,73.99614838916666,40.74840999999999
2016-04-28,0.7735177865612646,6.154887218045112,17.58095238095238,13.398809523809526,9.211507936507935,2.929752066115704,73.04650174666666,39.775493333333344
2016-04-29,1.498823529411765,6.785074626865673,18.64761904761904,13.414285714285722,8.180158730158727,2.8508333333333336,74.32827067375001,40.16799333333333
2016-04-30,0.4031746031746032,9.01439393939394,17.924603174603178,13.22142857142858,8.528968253968259,3.846025104602509,66.73746998041668,33.642993333333344
2016-05-01,0.05944881889763778,11.502307692307696,17.865476190476198,12.124206349206348,6.378968253968256,4.044999999999998,55.02137126166665,23.95632666666666
2016-05-02,0.003952569169960474,12.46538461538462,21.175600000000014,13.607200000000008,6.0416000000000025,3.4200000000000026,65.16921880916668,33.99090999999999
2016-05-03,0.0007968127490039841,12.170992366412225,23.18959999999999,15.4104,7.629599999999997,3.134583333333334,66.664656835,35.02799333333333
2016-05-04,0.15476190476190482,10.256153846153843,24.45542168674698,16.920481927710856,9.38072289156627,2.7261410788381752,72.17244669541667,39.82132666666667
2016-05-05,2.2288,3.9411764705882337,21.065322580645155,16.15403225806451,11.241532258064511,2.7593220338983064,77.0454920625,44.10757666666667
2016-05-06,4.752208835341367,2.7955223880597027,18.26639676113361,14.921457489878552,11.578947368421046,3.3470338983050847,76.12838749041667,43.39049333333333
2016-05-07,6.216000000000001,3.1610687022900765,17.908064516129038,14.69112903225806,11.473387096774195,3.448936170212767,61.25791855416667,29.76049333333333
2016-05-08,8.630364372469629,2.550381679389314,17.390612244897962,14.321632653061211,11.250612244897962,4.26822033898305,46.40002917041666,16.668826666666664
2016-05-09,7.458064516129035,3.2807692307692298,17.978137651821864,14.270850202429152,10.561538461538456,3.3830508474576253,64.14321464249998,33.15341
2016-05-10,6.459401709401707,3.212307692307692,17.474596774193547,13.494354838709679,9.512096774193543,3.1817021276595736,71.52921266833333,39.401743333333336
2016-05-11,4.329004329004329,6.591044776119404,17.903813559322035,13.506779661016962,9.102118644067797,2.9311111111111097,68.88016002875001,36.901326666666655
2016-05-12,4.9017167381974245,4.852631578947366,17.331465517241373,13.371428571428568,9.425974025974023,3.264285714285716,64.93525956250001,33.38382666666667
2016-05-13,2.2165217391304357,5.534848484848484,17.707758620689653,13.640692640692643,9.587012987012985,3.6660550458715626,59.84834790708333,28.96716
2016-05-14,0.6418803418803419,6.254887218045112,19.147881355932203,14.854661016949134,10.555932203389826,3.5641255605381157,51.73996188749999,21.37341
2016-05-15,0.056223175965665236,9.296969696969693,20.967659574468087,15.875319148936176,10.789787234042564,2.898181818181819,52.71454292041666,22.148410000000002
2016-05-16,0.02573839662447258,10.729323308270676,21.94572649572649,15.91324786324785,9.889743589743585,2.697297297297298,65.0234546425,33.80216000000001
2016-05-17,0.05949367088607595,9.505263157894737,22.592765957446808,16.687659574468082,10.779148936170204,2.746188340807172,73.89337475166667,41.480076666666655
2016-05-18,0.7485477178423237,9.467424242424244,23.01338912133888,17.137238493723864,11.260251046025104,3.264192139737991,72.99694711208333,40.61091
2016-05-19,0.09230769230769233,10.192424242424249,22.979352226720657,17.403643724696366,11.827530364372473,3.110212765957446,72.80071872916666,40.39590999999999
2016-05-20,0.07338709677419354,11.43412698412698,25.3104,18.6296,11.952000000000005,2.5716101694915245,72.39127624041666,40.07674333333333
2016-05-21,2.573790322580645,8.919548872180448,25.02320000000001,18.93599999999999,12.844800000000005,3.4749999999999965,61.75492605416667,30.13882666666667
2016-05-22,1.22914979757085,9.885496183206104,21.659437751004013,16.206024096385537,10.751004016064256,4.450632911392407,52.22410292041666,21.68049333333333
2016-05-23,0.036437246963562764,10.074242424242428,21.96867469879519,15.685140562248998,9.393172690763043,2.8320512820512813,72.88567297583332,40.914243333333346
2016-05-24,0.7685483870967743,8.33435114503817,23.354216867469894,17.46787148594377,11.583935742971887,3.3689361702127627,72.92832391833333,40.65924333333333
2016-05-25,0.4528225806451612,7.487022900763358,22.407258064516135,17.61975806451612,12.831854838709686,2.744491525423729,76.47835961208334,43.64299333333333
2016-05-26,0.12459677419354838,9.045112781954886,23.413765182186236,17.993117408906876,12.570445344129544,2.618987341772149,78.00355497916667,44.93841000000001
2016-05-27,1.2672,9.884732824427482,24.235918367346944,18.356326530612247,12.482448979591837,2.764255319148937,77.64132749041666,44.702993333333346
2016-05-28,4.037599999999999,6.688549618320607,22.461943319838067,17.551012145748988,12.638866396761141,3.76344537815126,65.2142093875,33.18091
2016-05-29,1.4216867469879513,8.203846153846152,21.16153846153846,16.55910931174089,11.95465587044534,3.860759493670888,54.49456500375,23.61299333333333
2016-05-30,1.0967741935483868,8.872932330827068,21.698380566801628,16.476518218623482,11.251417004048571,3.198319327731092,75.87189172583334,43.53799333333333
2016-05-31,0.06706827309236947,11.153030303030308,22.86842105263159,16.96842105263157,11.070850202429147,3.2502109704641358,78.028781835,45.14216
2016-06-01,0.12661290322580646,12.801515151515154,24.524897959183694,17.56775510204081,10.613061224489792,3.010126582278481,78.02939079208333,44.78841
2016-06-02,0.0004032258064516129,11.32045454545455,25.78163265306122,18.686122448979603,11.591020408163262,2.5295358649789033,80.96361924541667,47.41507666666666
2016-06-03,0.7350806451612901,10.408270676691735,25.72580645161293,19.665725806451622,13.601209677419345,3.0274261603375514,80.68170093375,47.577160000000006
2016-06-04,0.7607287449392711,8.549253731343285,24.430487804878048,19.03048780487804,13.623577235772347,2.6937238493723847,81.18468650708333,47.04299333333333
2016-06-05,0.15182186234817813,10.366165413533835,26.006910569105678,19.557317073170726,13.110569105691061,2.5041841004184104,83.48362550208333,48.23174333333333
2016-06-06,0.4198380566801619,9.834090909090904,26.52408163265306,20.453877551020415,14.383265306122455,2.490677966101695,85.57866471208334,51.22632666666666
2016-06-07,0.009677419354838712,12.414925373134327,28.595564516129045,21.518623481781386,14.455465587044532,2.5361344537815116,86.89705010458331,52.275909999999996
2016-06-08,0.006048387096774193,12.405223880597012,30.304819277108425,22.975100401606426,15.647791164658635,2.4858333333333302,82.97416495875,49.12757666666667
2016-06-09,0.3020242914979757,10.417777777777776,30.05487804878046,23.27073170731708,16.482926829268287,2.69451476793249,82.09379174541667,48.42882666666667
2016-06-10,0.2577235772357724,8.837313432835824,26.35201612903225,21.32591093117409,16.321457489878544,3.6617021276595736,80.40182926708333,47.33591000000001
2016-06-11,0.023387096774193556,10.482706766917293,26.066666666666652,20.379518072289176,14.688353413654628,3.152282157676349,80.18096525708334,46.22216
2016-06-12,0.2672064777327935,9.108955223880598,27.413200000000003,21.05199999999999,14.695600000000002,2.909583333333332,80.06865883541666,45.30757666666668
2016-06-13,0.1927125506072874,10.626315789473685,28.36787148594377,22.493172690763057,16.621686746987958,4.315062761506277,77.60097221208333,44.32132666666667
2016-06-14,1.6595141700404854,9.796992481203011,26.268273092369483,20.84899598393573,15.432931726907626,4.111764705882355,78.02216218791669,44.57049333333333
2016-06-15,2.9316872427983536,7.529007633587785,22.69259259259261,18.146913580246906,13.609053497942385,4.442372881355932,72.59952870874999,40.05591
2016-06-16,2.028048780487805,6.569172932330828,20.96,16.491836734693866,12.022857142857134,4.314830508474577,77.06600799541668,43.95382666666666
2016-06-17,2.304065040650406,7.928358208955221,22.314516129032263,16.91290322580645,11.512903225806456,3.2288702928870308,84.47670218375,50.96007666666666
2016-06-18,1.096734693877551,9.794814814814814,23.002834008097164,17.40364372469636,11.810526315789465,3.4071129707112964,77.25354567375,43.64132666666666
2016-06-19,0.007346938775510205,12.17328244274809,25.022177419354826,18.41693548387095,11.812499999999993,3.151680672268906,73.17729050208331,39.32049333333333
2016-06-20,0.002032520325203252,13.048120300751874,28.076612903225808,20.625000000000004,13.171774193548385,2.7372384937238503,81.65915846208334,47.83507666666667
2016-06-21,0.0004098360655737705,13.023308270676687,29.873877551020428,22.60367346938775,15.334285714285715,3.0315126050420163,82.90612885458334,48.81007666666667
2016-06-22,0.16885245901639342,12.42481203007519,30.51234567901237,23.581481481481465,16.65679012345681,3.52563025210084,78.81857454208333,45.50091
2016-06-23,0.3434426229508197,11.034848484848485,29.77489711934157,23.21316872427983,16.64897119341564,3.0538461538461523,79.31446049541667,45.97841
2016-06-24,0.6910569105691056,9.815151515151516,29.07892561983471,22.64380165289257,16.215289256198346,3.171308016877637,77.62171551708333,44.92299333333333
2016-06-25,0.0430327868852459,10.099236641221372,27.370901639344268,21.587295081967195,15.796311475409839,3.288034188034187,76.84791442375,43.30424333333334
2016-06-26,0.01673469387755102,10.579069767441856,26.34959016393441,20.844262295081954,15.32786885245901,3.6484978540772497,67.62785716875,34.557993333333336
2016-06-27,0.01306122448979592,11.540769230769227,28.75286885245902,21.88565573770492,15.01393442622952,3.05940170940171,78.34533054541666,44.940909999999995
2016-06-28,0.15860655737704926,8.719402985074623,29.72408163265306,23.16816326530612,16.60734693877551,2.8489361702127685,83.92533343791666,49.70049333333333
2016-06-29,0.9197530864197528,9.062878787878788,28.97142857142857,23.154693877551033,17.339591836734687,2.9336206896551733,85.95023704208334,51.77716000000001
2016-06-30,0.4860655737704918,10.863565891472867,28.951476793248958,22.728691983122346,16.513080168776373,2.7768558951965057,86.02805257875,51.90257666666667
2016-07-01,0.4127049180327869,10.35187969924812,29.09125,22.88870292887028,16.707531380753142,2.8502145922746767,83.74582632833334,49.84674333333334
2016-07-02,0.0807377049180328,10.659398496240604,29.280165289256193,22.861410788381747,16.4701244813278,2.7738197424892714,81.06663360166667,46.66424333333333
2016-07-03,0.11193415637860082,12.018181818181816,30.61882845188285,23.79665271966529,16.980334728033473,3.358189655172412,76.89607098083333,42.78924333333333
2016-07-04,1.7921810699588474,9.592537313432837,29.746887966804987,23.760165975103725,17.77883817427385,3.118025751072962,82.11906627666666,47.91924333333333
2016-07-05,0.8389344262295084,9.421052631578943,29.543220338983048,23.692796610169488,17.84745762711864,2.774891774891776,83.25543179375,48.527159999999995
2016-07-06,1.3637860082304518,9.696124031007756,30.452301255230132,24.363025210084032,18.24411764705882,2.9926086956521734,83.03687199208333,48.68174333333334
2016-07-07,1.1237704918032791,6.0732824427480905,29.24166666666665,23.870000000000008,18.500416666666666,2.8549783549783543,84.12917793583333,49.89091
2016-07-08,0.33032786885245896,10.030534351145032,30.92738589211617,24.52406639004149,18.128099173553707,2.454112554112553,82.59043507833333,48.79216000000002
2016-07-09,0.0008264462809917356,12.337121212121215,32.557851239669425,25.554132231404964,18.541322314049594,2.6978448275862053,82.57680610166666,48.03007666666666
2016-07-10,0.18842975206611573,11.189312977099238,32.64514767932487,25.88270042194089,19.12573839662448,2.7352173913043463,81.01672598083333,46.42382666666666
2016-07-11,0.4049180327868853,9.762015503875963,30.405150214592272,24.593991416309013,18.79871794871795,3.0807174887892392,83.48213419333334,49.20882666666667
2016-07-12,0.21275720164609052,11.23206106870229,28.747478991596648,22.900840336134447,17.05210084033614,3.595217391304346,82.53751012708331,47.97174333333334
2016-07-13,0.15330578512396695,10.539393939393936,26.810548523206755,21.277637130801686,15.753164556962025,3.83612334801762,79.41010907541668,45.56174333333333
2016-07-14,0.008979591836734692,11.584251968503938,27.40082987551869,21.133609958506227,14.868464730290455,3.5384279475982554,78.02490501916667,44.55924333333334
2016-07-15,0.0037190082644628104,12.458333333333336,28.788333333333327,21.792916666666674,14.802916666666665,3.407456140350877,79.15943966166667,45.77382666666667
2016-07-16,0.0004098360655737705,12.96717557251908,30.667083333333345,23.26625000000001,15.865833333333338,2.9657894736842114,80.68887110166666,46.34841
2016-07-17,0.0004098360655737705,12.85153846153846,32.127542372881365,24.33432203389832,16.536440677966112,2.787391304347828,82.3192613975,47.49424333333334
2016-07-18,0.0615702479338843,12.50833333333334,33.327426160337545,25.643459915611796,17.95485232067511,3.269565217391305,83.1220737766667,48.83382666666667
2016-07-19,0.04173553719008264,10.848837209302324,33.258050847457625,25.90805084745761,18.550423728813538,3.151351351351351,82.64547137708334,48.05632666666668
2016-07-20,0.4327868852459015,6.4328358208955265,31.076068376068392,25.333189655172426,19.559482758620696,3.148230088495575,82.63169449208333,48.34007666666666
2016-07-21,0.26653061224489794,10.077777777777776,30.867768595041326,24.50871369294607,18.143153526970956,2.721739130434784,84.86454668583333,50.595909999999996
2016-07-22,1.4780487804878053,10.055555555555552,28.759917355371904,23.071074380165282,17.37355371900826,3.610480349344975,80.89851757833334,47.32924333333333
2016-07-23,0.19959183673469388,11.062406015037595,28.61037344398343,22.792531120331965,16.965560165975088,3.4095238095238107,80.329880685,45.99132666666667
2016-07-24,0.012955465587044536,11.956390977443604,30.28719008264465,23.59297520661157,16.89504132231405,3.0116883116883093,79.18034723083333,44.71924333333333
2016-07-25,0.0929460580912863,11.581203007518802,31.862240663900426,24.693775933609942,17.527800829875513,2.647186147186147,81.36977669333334,47.30382666666667
2016-07-26,0.04458333333333333,11.04776119402985,32.44895397489541,25.538493723849374,18.630125523012566,2.8570796460177004,82.23558387708333,47.68132666666666
2016-07-27,0.1322314049586777,11.3781954887218,31.305020920502077,25.002100840336123,18.717647058823527,3.2082969432314394,82.59593782541666,48.30424333333332
2016-07-28,0.001646090534979424,11.565413533834587,31.814285714285717,24.944957983193284,18.076890756302525,2.9595652173913036,83.14297751916666,49.05382666666667
2016-07-29,0.18408163265306124,10.371428571428565,32.49623430962345,25.720083682008372,18.944769874476968,3.0786026200873358,84.52446757833333,50.50841000000001
2016-07-30,0.8451219512195122,9.950375939849627,31.37666666666666,25.36041666666665,19.347916666666674,3.4450643776824026,82.368311935,47.86424333333334
2016-07-31,0.3479508196721312,8.639097744360905,30.087394957983197,24.219747899159643,18.352100840336146,3.1600000000000037,77.54273598083334,43.43424333333334
2016-08-01,0.019183673469387756,11.467669172932329,30.434177215189877,23.841772151898716,17.251898734177214,3.0043478260869545,84.32135769125,49.87716000000001
2016-08-02,0.00040816326530612246,12.31703703703704,31.739419087136927,24.5186721991701,17.297925311203315,2.8713675213675214,83.19148294833333,49.02841
2016-08-03,0.09514170040485828,11.45333333333333,32.13125000000001,25.21291666666667,18.28791666666667,2.921367521367522,85.94636111,51.31091000000001
2016-08-04,0.713821138211382,9.861764705882347,31.3719008264463,24.85247933884298,18.33966942148761,3.2675213675213675,84.21720920958334,49.67174333333333
2016-08-05,0.025306122448979597,11.585074626865675,30.13458333333333,24.07375,18.01208333333333,3.5008620689655174,82.23533579708334,47.53632666666667
2016-08-06,0.0,12.165151515151514,31.12250000000001,24.26166666666667,17.398750000000007,3.238461538461538,81.10623213416666,45.74799333333333
2016-08-07,0.0,12.399242424242425,31.8603375527426,24.74703389830507,17.640928270042203,3.4296943231441053,75.7701263120833,41.26466
2016-08-08,0.17581967213114766,12.100000000000005,31.772033898305093,24.776271186440677,17.780932203389845,3.058515283842796,82.99608394125,48.74716000000001
2016-08-09,0.9348547717842324,9.208955223880595,29.83218884120173,23.48540772532189,17.139484978540786,3.4230434782608703,80.55742003166667,46.70257666666666
2016-08-10,0.7874999999999999,9.254477611940294,27.2991452991453,21.842918454935628,16.421030042918453,4.003083700440528,77.19217444333334,43.595076666666664
2016-08-11,0.004545454545454546,11.582835820895527,28.078481012658234,21.70379746835444,15.337130801687763,3.3254310344827567,80.63423629291667,46.47591
2016-08-12,0.0008264462809917356,12.068888888888884,30.049579831932782,22.922268907563037,15.798739495798323,3.0324675324675323,83.7385903804167,48.83174333333334
2016-08-13,0.002074688796680498,12.051879699248117,30.975423728813556,23.758898305084735,16.538559322033898,2.7349344978165937,83.78599505083334,48.14216000000001
2016-08-14,0.19875518672199172,11.30075187969924,31.138297872340413,24.26196581196581,17.40769230769232,2.8334782608695623,82.33746422875,46.87966
2016-08-15,0.6132231404958679,9.400740740740742,31.18262711864407,24.565254237288126,17.947457627118645,2.9327510917030573,82.95230993958333,48.71174333333333
2016-08-16,0.6599173553719005,8.157462686567165,29.928936170212765,24.176595744680878,18.425106382978726,2.777292576419216,86.89542253166663,52.23049333333334
2016-08-17,0.33991769547325107,9.182962962962971,30.1872340425532,23.89914893617021,17.581779661016956,2.786637931034482,85.15423986,50.58674333333333
2016-08-18,0.44320987654320987,11.109022556390977,30.226160337552738,23.791983122362872,17.365400843881858,2.669264069264069,85.44127670958333,50.67466
2016-08-19,0.6157024793388427,9.882575757575763,30.533472803347287,24.025104602510453,17.516736401673644,2.954741379310346,84.67861579708331,49.64174333333335
2016-08-20,0.1662551440329218,10.18421052631579,29.058749999999996,23.3225,17.584583333333335,3.2709956709956693,83.0278442175,47.41632666666666
2016-08-21,0.01440329218106996,10.600757575757573,29.294560669456057,22.730543933054385,16.164016736401678,3.0250000000000017,80.82284881208334,45.53049333333333
2016-08-22,0.000819672131147541,11.859090909090913,32.407983193277296,24.750000000000004,17.098319327731097,2.6034334763948506,82.88924852458331,48.63840999999999
2016-08-23,0.000819672131147541,11.73880597014925,32.746473029045625,25.56058091286307,18.362655601659746,2.9025974025974017,83.091938365,48.94674333333333
2016-08-24,0.5293388429752067,10.711111111111107,31.78185654008439,25.18860759493667,18.603375527426152,3.11782608695652,83.35034361,49.02132666666666
2016-08-25,0.5236514522821577,10.578518518518518,31.74194915254237,24.817796610169502,17.88686440677966,3.097379912663753,83.01810045958331,48.57507666666667
2016-08-26,0.19094650205761315,9.50676691729324,30.83797468354429,24.58945147679325,18.337974683544303,2.7921739130434786,83.59193704708333,48.69049333333334
2016-08-27,0.0037190082644628104,10.136842105263158,32.03933054393307,25.294560669456054,18.546443514644338,2.8577586206896566,84.20554796750002,48.42632666666666
2016-08-28,0.31224489795918364,9.281203007518794,30.81041666666668,24.80083333333333,18.796666666666674,2.8434782608695666,83.74359214541667,48.14757666666667
2016-08-29,0.5020408163265306,9.677611940298512,29.65774058577406,23.744351464435137,17.83012552301255,2.900438596491228,83.31601144124998,49.01757666666666
2016-08-30,0.0308641975308642,10.320895522388057,29.473640167364,23.367782426778245,17.264435146443507,2.8234782608695657,84.84988294833333,50.49424333333334
2016-08-31,0.07673469387755102,9.802272727272733,29.264583333333345,23.255416666666665,17.245416666666667,2.693562231759654,85.76986027666666,51.14840999999999
2016-09-01,0.10775510204081634,10.300000000000006,30.682627118644053,24.147881355932213,17.61822033898304,2.6634782608695624,84.20570549208334,50.15132666666667
2016-09-02,0.035742971887550205,10.022388059701496,31.46708333333332,24.679583333333344,17.89875,2.243965517241378,87.32746139291667,52.68216000000002
2016-09-03,0.09236947791164657,10.281343283582087,32.85933609958507,25.586307053941923,18.315767634854762,2.3296610169491507,83.54562589333334,50.16216000000001
2016-09-04,0.0,10.19253731343284,33.5589211618257,26.178838174273864,18.79419087136929,2.3191489361702127,82.65754400541665,49.17757666666666
2016-09-05,0.0,10.642222222222227,34.055371900826444,26.460330578512405,18.868595041322312,2.4123931623931623,87.98751492500001,54.10882666666666
2016-09-06,0.0008032128514056224,10.897014925373142,34.79008264462808,26.81776859504135,18.847933884297525,2.4327659574468057,90.29420188458332,55.318826666666666
2016-09-07,0.2483870967741936,10.41111111111111,33.00788381742739,25.80124481327799,18.5908713692946,3.111111111111114,91.25428810458332,56.14132666666666
2016-09-08,0.3132530120481927,8.532089552238808,28.48760330578514,22.96446280991736,17.43471074380166,2.7089743589743605,86.60778424208334,52.252159999999996
2016-09-09,0.7587044534412951,9.385384615384613,28.233609958506225,22.475518672199165,16.720746887966822,2.645493562231758,88.25251555958332,53.50466
2016-09-10,0.17764227642276426,9.783076923076925,28.926666666666666,22.42708333333333,15.93208333333334,2.250427350427348,83.31598839333334,49.90007666666667
2016-09-11,0.0048,10.434351145038168,30.00164609053496,23.290534979423853,16.577777777777776,2.3593220338983016,81.53220442208331,48.09882666666667
2016-09-12,2.1768292682926824,9.984210526315783,30.692500000000006,23.94499999999999,17.18416666666666,3.0292372881355933,84.42026825833334,50.98966000000001
2016-09-13,7.581557377049183,5.645864661654138,25.783950617283963,20.40247933884297,15.029752066115705,3.8193133047210313,84.41643063458334,50.20882666666667
2016-09-14,1.7016393442622948,6.2,21.246443514644348,16.83949579831933,12.441176470588234,3.615652173913044,83.90434560458333,49.74257666666668
2016-09-15,4.853688524590162,5.23,21.312236286919827,16.56582278481013,11.825316455696207,3.5171052631578945,85.30689090874998,51.13049333333333
2016-09-16,0.8522633744855967,8.235384615384621,24.16974789915967,18.56176470588235,12.952100840336133,2.9812227074235786,82.87552055958334,48.82174333333335
2016-09-17,1.0506122448979591,7.112307692307692,23.77166666666668,18.38125,12.99375,2.9008583690987124,80.55766214333333,47.51882666666666
2016-09-18,0.2229508196721312,9.157251908396953,24.326666666666664,18.4475,12.57458333333333,2.626609442060088,76.53083567208331,43.77007666666668
2016-09-19,0.17755102040816326,9.179999999999998,25.12448132780084,18.597095435684658,12.069709543568466,2.4327586206896545,82.90540075833333,49.65674333333334
2016-09-20,0.4118367346938777,7.353787878787878,24.94315352697095,19.505809128630712,14.068879668049787,2.4098712446351933,85.23211396791666,50.90466
2016-09-21,0.015040650406504066,9.861538461538462,26.218032786885267,19.484016393442623,12.748360655737715,2.3093617021276582,87.24513977124998,52.66174333333333
2016-09-22,0.00934959349593496,8.420300751879699,25.952282157676354,19.726556016597517,13.507468879668048,2.3690677966101688,88.32741674208334,53.74216000000001
2016-09-23,1.9341563786008236,8.548091603053436,26.135146443514646,20.01631799163182,13.887447698744774,2.2373390557939903,88.13566722625,53.41716
2016-09-24,1.593415637860082,8.419696969696975,26.568907563025217,20.053361344537816,13.542857142857144,2.5038461538461534,81.73337464333333,48.59299333333334
2016-09-25,0.6540983606557375,7.469696969696968,25.052263374485587,19.783950617283963,14.511934156378596,2.3615384615384603,84.72840525541666,50.850076666666666
2016-09-26,0.09268292682926828,6.522900763358778,25.537759336099555,20.171369294605807,14.801244813278014,2.250431034482757,87.373042425,53.63007666666667
2016-09-27,0.8548780487804876,7.992481203007524,26.0297071129707,20.281589958158992,14.528033472803353,2.5762931034482737,85.33658230125,51.00549333333333
2016-09-28,0.2858299595141701,8.865891472868215,25.830543933054404,20.41464435146443,15.001673640167372,3.2454935622317613,84.61398977125,50.38674333333334
2016-09-29,0.3220408163265307,9.228030303030302,26.20041841004181,20.23849372384939,14.266945606694556,2.78205128205128,84.63185757541667,50.54216
2016-09-30,0.646341463414634,8.109701492537312,25.759336099585056,19.753526970954344,13.759751037344401,2.4085470085470075,86.64718639291667,52.119659999999996
2016-10-01,0.1731707317073171,7.729850746268662,24.780578512396698,19.28099173553718,13.78388429752066,2.390128755364806,87.97429518374999,53.152159999999995
2016-10-02,0.04331983805668016,8.962121212121206,24.93471074380166,18.897107438016523,12.856198347107437,2.0742489270386257,87.85122431416666,53.03049333333333
2016-10-03,0.007317073170731708,9.236090225563908,26.55514403292181,19.65720164609053,12.753909465020573,2.3499999999999983,91.95035971166664,56.77757666666667
2016-10-04,0.15040650406504066,8.73609022556391,26.4688524590164,20.06049382716049,13.652263374485605,2.3274678111587974,97.00489840583332,61.12882666666667
2016-10-05,0.4221311475409836,6.9368000000000025,25.329338842975194,19.71694214876033,14.096694214876035,2.271063829787233,93.69121306041669,58.37507666666667
2016-10-06,0.8060728744939271,7.092592592592593,24.90370370370369,19.165020576131685,13.431275720164615,2.4380341880341896,96.24977651833336,60.75257666666666
2016-10-07,0.002032520325203252,8.901492537313432,25.13004115226337,18.465432098765433,11.798353909465026,2.0038793103448267,99.23834355291667,63.010493333333336
2016-10-08,0.04754098360655737,8.26842105263158,24.83004115226337,18.440740740740736,12.044855967078188,2.17155172413793,92.60706393375,57.23632666666666
2016-10-09,0.4348360655737705,7.7609022556391,23.09079497907949,17.654393305439328,12.218410041841002,2.5491379310344837,86.17865723083332,51.56257666666666
2016-10-10,0.03127572016460905,8.776515151515152,22.53375000000001,16.621249999999996,10.705416666666666,2.341201716738197,97.41905971166665,61.55632666666666
2016-10-11,2.194583333333333,7.690909090909092,22.370612244897963,15.995510204081626,9.620408163265305,2.5627705627705617,100.10516173916666,63.85549333333332
2016-10-12,11.376271186440675,1.7481203007518797,18.265702479338845,15.27883817427386,12.295850622406634,2.739130434782606,93.60209669833334,59.17757666666666
2016-10-13,6.80851063829787,2.3161538461538456,18.16192468619247,15.258158995815899,12.355230125523011,2.536283185840708,100.25665276833332,64.28049333333334
2016-10-14,0.9874999999999996,6.114843750000001,19.26848739495798,14.893697478991589,10.525210084033613,2.722368421052632,98.67244896958334,62.54132666666669
2016-10-15,0.6403292181069958,8.190839694656495,21.175833333333333,15.212083333333338,9.250000000000004,2.3816964285714284,89.27389476708332,54.32090999999999
2016-10-16,0.8769547325102881,5.510687022900763,21.602904564315352,16.57302904564315,11.545228215767628,2.1229074889867845,89.59261806416669,54.45924333333333
2016-10-17,1.2730612244897952,3.5799999999999983,21.403749999999988,17.486666666666665,13.573333333333334,1.6128888888888897,103.84039637833335,67.14799333333335
2016-10-18,0.9473469387755096,4.116923076923076,21.725206611570268,17.67355371900826,13.619834710743802,1.9213973799126636,100.76863173916666,64.43507666666666
2016-10-19,1.4889344262295083,4.274999999999999,21.255555555555556,17.377777777777787,13.5045267489712,1.7497835497835517,102.68743681041666,66.26507666666664
2016-10-20,1.6242798353909464,4.116541353383458,20.02154471544715,16.141056910569105,12.26910569105692,2.0935344827586184,102.322939435,66.09716000000002
2016-10-21,1.9394190871369288,5.376515151515153,19.591393442622934,15.034836065573765,10.485655737704926,2.060434782608697,102.90397021958331,66.25841
2016-10-22,7.651452282157678,2.651908396946567,19.492561983471067,15.88264462809917,12.271074380165295,2.3783185840707968,95.92892310041668,60.10299333333334
2016-10-23,6.9872427983539085,4.151879699248122,20.185655737704913,16.503278688524578,12.816803278688527,3.1836283185840695,83.69398431416666,49.31090999999999
2016-10-24,2.749593495934961,3.1149253731343283,19.4239837398374,15.775609756097564,12.119105691056914,2.3306034482758604,98.45504012833337,62.46674333333334
2016-10-25,1.4377049180327868,3.476335877862596,21.934817813765193,17.700000000000017,13.463967611336036,2.060515021459227,102.76186757250002,66.14591
2016-10-26,0.280246913580247,5.630370370370371,23.797131147540988,18.78319672131147,13.771311475409828,1.8454545454545463,103.63895139375,67.10965999999999
2016-10-27,0.08106995884773666,7.76240601503759,23.679508196721304,18.410655737704925,13.13688524590164,2.3449781659388647,99.641501935,63.73466
2016-10-28,0.1146938775510204,7.726865671641793,23.485714285714273,17.9134693877551,12.335918367346935,2.222707423580787,100.48895688625,64.12257666666666
2016-10-29,0.02734693877551021,8.071969696969695,23.309016393442626,17.108606557377037,10.909836065573764,1.9087336244541493,97.11728101708336,61.11591000000001
2016-10-30,0.03455284552845528,8.21287878787879,23.146530612244906,16.2061224489796,9.268979591836745,1.6743478260869569,94.18971206119998,59.731609999999996
2016-10-31,0.02938775510204082,7.80530303030303,22.166393442622947,15.563114754098368,8.961885245901641,1.8819383259911902,97.75218814750002,61.78507666666668
2016-11-01,0.013654618473895586,6.790298507462688,21.339112903225814,15.549596774193555,9.755241935483877,1.8386956521739133,92.22220211541666,58.22674333333334
2016-11-02,0.10612244897959186,7.762222222222224,22.145934959349603,16.003658536585373,9.868292682926825,1.6495652173913051,105.61172656208336,68.2692433333333
2016-11-03,0.6885245901639344,6.836842105263159,21.642040816326517,15.648979591836738,9.652653061224484,1.6695652173913054,107.41816137166668,69.81507666666667
2016-11-04,7.453749999999997,1.1925373134328356,18.435772357723568,14.923983739837398,11.412195121951225,2.0589519650655026,105.46125340541668,67.53966000000001
2016-11-05,11.348971193415638,2.564925373134328,17.88455284552845,13.919105691056915,9.95162601626017,3.3933628318584064,95.73002232166668,58.16882666666666
2016-11-06,4.122040816326533,5.911194029850748,14.219277108433726,10.391164658634537,6.562248995983938,3.0655172413793093,90.45404154,53.24882666666666
2016-11-07,3.1912863070539434,5.857251908396948,12.657317073170727,8.563414634146344,4.467479674796748,2.822173913043476,101.33760963416664,64.54674333333334
2016-11-08,2.973251028806585,6.484090909090911,13.497142857142851,8.93934426229508,4.3967213114754085,3.516157205240173,97.31409599999999,61.07841000000001
2016-11-09,1.161224489795918,4.123308270676692,15.596747967479676,11.333196721311474,7.084426229508197,3.9008810572687205,94.71289947875,58.76091
2016-11-10,0.3373983739837399,6.785185185185185,15.847755102040825,11.250204081632656,6.653469387755103,2.737991266375547,103.53047678833332,66.45382666666666
2016-11-11,0.4536290322580646,6.316176470588236,16.39112903225807,11.211740890688262,6.045748987854253,2.309130434782608,105.08728215541667,67.20632666666667
2016-11-12,2.313765182186234,4.285714285714287,16.245783132530118,11.488755020080314,6.736144578313249,1.945689655172414,104.62054482166668,65.57466000000001
2016-11-13,0.8344129554655868,5.199999999999998,17.46290322580646,12.968145161290328,8.467338709677419,2.3549783549783547,97.91338279,59.61424333333334
2016-11-14,1.2012195121951217,6.197037037037043,16.0416,11.41400000000001,6.7896000000000045,3.2181034482758606,97.55783338416666,61.21507666666667
2016-11-15,0.08902439024390242,7.654074074074075,16.276612903225814,11.02298387096774,5.7624999999999975,2.8883116883116893,102.57062558333332,65.60757666666667
2016-11-16,0.0032653061224489797,8.175555555555553,17.522764227642266,11.415447154471543,5.309756097560975,2.139224137931035,107.61166447875,70.02924333333333
2016-11-17,0.12040816326530612,7.769852941176472,18.57479674796749,12.203658536585374,5.831300813008128,1.8056034482758625,105.496419705,68.17674333333333
2016-11-18,0.3264227642276423,4.063970588235293,16.794354838709676,11.817338709677427,6.838709677419358,2.316309012875536,102.10057965541664,64.66882666666667
2016-11-19,1.998367346938776,6.040740740740738,16.057489878542516,11.471659919028346,6.888663967611335,2.574891774891775,98.20282607166666,60.30549333333335
2016-11-20,11.092975206611571,1.5622222222222222,15.36814516129033,12.100403225806446,8.831048387096773,3.622807017543858,86.15564279,49.68216000000001
2016-11-21,6.707407407407408,2.237593984962406,15.546153846153851,12.325506072874491,9.103238866396763,3.7606986899563313,86.96215796749998,52.077993333333346
2016-11-22,9.835416666666664,1.9325757575757567,12.551417004048586,9.92591093117409,7.2995951417004035,2.095652173913042,106.47757016666668,69.01799333333334
2016-11-23,9.6225,1.9810606060606053,11.56816326530612,8.620816326530615,5.6800000000000015,3.0340611353711795,100.15343447875,63.53257666666667
2016-11-24,3.0837500000000007,3.3933333333333344,11.287449392712546,7.86234817813765,4.4311740890688265,2.516379310344829,100.17851387166668,63.53091000000001
2016-11-25,7.562240663900416,4.1481203007518825,12.049999999999995,8.05927419354838,4.070967741935482,2.792672413793103,99.27371798875002,62.20674333333333
2016-11-26,7.492436974789918,1.4631578947368422,12.509836065573774,9.577049180327867,6.647131147540983,2.8982456140350865,93.11793357166668,55.82132666666667
2016-11-27,5.252100840336132,2.246564885496183,13.577178423236518,10.52572614107884,7.478838174273861,2.470925110132159,96.67350654,58.50882666666667
2016-11-28,0.8874476987447698,4.035606060606061,13.674380165289259,9.978099173553712,6.2801652892562005,1.750218340611355,105.77385880083334,68.37674333333335
2016-11-29,1.0140495867768593,3.5922480620155044,13.952674897119346,9.983950617283949,6.019341563786004,2.0863436123348014,108.98534475,71.20382666666667
2016-11-30,0.8245901639344262,4.48091603053435,15.104489795918358,11.260408163265307,7.415102040816326,3.4376068376068347,100.26526947875004,63.59966000000001
2016-12-01,1.5223999999999998,3.2355072463768124,14.45894308943089,10.833739837398381,7.211788617886177,2.093589743589744,110.20950410500002,70.17632666666667
2016-12-02,0.904032258064516,4.608695652173915,14.974999999999996,10.570901639344253,6.1725409836065595,1.5250000000000004,112.3937169575,72.11007666666667
2016-12-03,5.142629482071715,3.793430656934307,14.411693548387095,10.373387096774193,6.332258064516128,2.8600858369098687,104.19025240666667,63.42007666666665
2016-12-04,7.884337349397588,1.7108695652173909,14.946370967741935,12.357258064516133,9.764112903225802,3.2362068965517237,95.97979751666666,55.91924333333333
2016-12-05,1.2508,3.063043478260869,16.408130081300815,12.9410569105691,9.466666666666667,2.3751072961373394,106.41023666833335,67.43841
2016-12-06,0.07928286852589644,5.884782608695649,16.732926829268287,12.1665306122449,7.602448979591831,1.9456896551724148,108.17414084083332,70.51507666666667
2016-12-07,0.0292,5.417518248175181,15.459514170040483,11.05506072874494,6.644939271255063,2.0431034482758617,108.64886960666668,69.34549333333334
2016-12-08,0.32119999999999993,4.937226277372262,14.788663967611337,10.754655870445342,6.725910931174085,2.7189655172413785,98.48181259999996,61.34924333333333
2016-12-09,0.08870967741935486,5.619117647058821,15.899588477366247,11.352674897119341,6.8213114754098365,2.4565217391304373,101.2030707075,62.62466000000001
2016-12-10,0.016867469879518076,6.078358208955223,15.990983606557373,11.206584362139926,6.439506172839506,1.811894273127754,105.53843657333334,64.37465999999999
2016-12-11,0.03991935483870965,5.65820895522388,15.404453441295537,10.468699186991874,5.5455284552845505,1.5686956521739146,109.9369450166667,67.35632666666667
2016-12-12,0.023790322580645163,6.0595588235294064,15.234146341463422,10.254065040650405,5.2715447154471535,1.630735930735932,110.48137000166668,70.86674333333333
2016-12-13,0.9979838709677418,5.040441176470586,13.77692307692307,9.15708502024291,4.536032388663966,1.7056034482758622,111.77891370083331,72.04382666666667
2016-12-14,4.033734939759034,2.900000000000001,12.886290322580647,9.282258064516123,5.672580645161292,2.3599137931034475,110.37769835666668,70.82507666666666
2016-12-15,4.050202429149796,2.5481751824817525,11.932520325203251,8.933739837398372,5.930894308943089,2.269957081545064,113.78345868833334,73.28507666666668
2016-12-16,6.28433734939759,0.9051094890510948,11.295546558704453,8.942105263157892,6.58744939271255,2.7241379310344818,110.77505404083333,70.76966
2016-12-17,5.2435483870967765,3.4301470588235308,13.207228915662643,9.748594377510038,6.2911646586345435,3.7636752136752127,103.80545240666665,62.99007666666666
2016-12-18,7.9174796747967475,4.236296296296297,11.958130081300814,8.461382113821138,4.973577235772356,3.4655172413793127,102.62379793333334,61.29299333333333
2016-12-19,3.821951219512196,3.2375939849624054,11.077049180327865,7.3405737704918,3.6016393442622943,2.891703056768558,111.12170791833331,71.46674333333333
2016-12-20,2.88565573770492,3.8601503759398494,11.610931174089064,8.024291497975714,4.440080971659919,2.5504310344827554,110.37985828416664,70.84924333333333
2016-12-21,1.6236947791164658,3.89624060150376,12.749397590361443,8.757028112449799,4.765461847389559,2.4636752136752142,110.32309419000002,70.74757666666666
2016-12-22,0.3915322580645164,4.496268656716419,14.140890688259098,9.753846153846151,5.358704453441296,1.996995708154508,112.56400660500002,72.19549333333335
2016-12-23,0.3048582995951419,5.45955882352941,14.679508196721306,10.118852459016383,5.5545081967213115,1.766233766233767,111.28139779083334,71.15549333333333
2016-12-24,0.3704453441295548,5.329104477611942,14.402024291497982,9.851012145748982,5.3,1.9835497835497842,105.16444240666664,64.11674333333333
2016-12-25,0.03089430894308944,5.4402985074626855,14.337142857142858,9.498367346938776,4.661632653061222,1.9521739130434808,100.08411199791668,59.01216
2016-12-26,0.014170040485829963,5.64179104477612,14.36448979591836,9.191836734693876,4.024897959183674,1.8813852813852832,100.85436875166666,62.63799333333333
2016-12-27,0.011740890688259113,6.6356060606060625,14.67551020408164,9.257551020408163,3.8412244897959176,1.987826086956524,108.16154203416669,68.92799333333333
2016-12-28,0.010080645161290324,5.834814814814818,14.412145748987852,9.257489878542511,4.10769230769231,2.2193133047210303,104.45969044,65.75549333333333
2016-12-29,0.006072874493927126,6.9157894736842085,14.414285714285713,8.71265306122449,3.020408163265308,1.9491379310344836,105.078512855,65.83466
2016-12-30,0.012601626016260165,5.990298507462687,13.059183673469386,7.632653061224491,2.2077551020408173,1.9995708154506453,109.1018969575,69.28382666666666
2016-12-31,0.0069105691056910576,6.140298507462685,11.734552845528462,6.699593495934957,1.6703252032520322,2.0296137339055806,108.43941782333332,66.79466000000001
2017-01-01,0.347983870967742,5.445925925925926,10.63536585365854,5.689837398373988,0.7451219512195121,1.8940170940170955,104.25902193125,63.01978500000001
2017-01-02,0.1704453441295547,3.881203007518798,11.654471544715445,7.082857142857144,2.508163265306122,2.435497835497836,108.5872674125,69.659785
2017-01-03,0.30682730923694795,4.674074074074074,13.555465587044539,8.618623481781375,3.6781376518218623,1.9880341880341887,113.93826556666666,74.56691
2017-01-04,0.024193548387096774,4.951470588235292,14.132258064516135,9.442510121457488,4.741295546558705,2.0608510638297868,116.00395947124998,75.15524333333333
2017-01-05,0.04538152610441765,6.0102941176470575,13.675903614457848,8.608835341365465,3.5393574297188763,2.4739495798319315,112.99421529500002,73.1869933333333
2017-01-06,0.023387096774193542,6.8533333333333335,12.959839357429715,7.274698795180725,1.5879518072289158,2.207659574468086,113.4981256041667,73.91157666666666
2017-01-07,0.011290322580645162,7.388970588235295,12.89516129032258,6.964919354838706,1.0342741935483872,1.9765957446808504,117.0108500225,74.59132666666667
2017-01-08,0.00728744939271255,7.40820895522388,13.529959514170027,7.11093117408907,0.6959514170040486,2.1456896551724127,111.393060815,69.84424333333332
2017-01-09,0.8869918699186992,7.299999999999998,13.28893442622952,7.455737704918034,1.6147540983606552,2.001731601731603,121.75648349583336,80.98899333333334
2017-01-10,3.6182186234817832,2.155970149253731,12.305306122448972,8.176326530612245,4.049795918367346,3.748497854077253,114.90478135833332,75.40732666666666
2017-01-11,0.4538461538461539,4.876296296296295,15.069512195121948,10.318699186991866,5.570325203252035,3.155982905982905,124.34956130458336,82.18020166666666
2017-01-12,1.2960000000000005,5.411111111111111,15.56451612903225,10.189112903225801,4.819758064516128,2.670815450643776,125.97623358666664,84.30032666666666
2017-01-13,2.231872509960159,5.422627737226278,11.678714859437756,7.661847389558238,3.6473895582329283,3.9710638297872327,117.7207924375,77.56095166666667
2017-01-14,2.0460317460317468,6.0145985401459825,9.993625498007967,5.9673306772908346,1.941434262948206,3.3004219409282696,117.58283193916664,75.09561833333333
2017-01-15,2.818326693227092,4.8214814814814835,10.853999999999996,6.607199999999998,2.3556000000000004,3.577215189873416,114.06809164833334,72.07953499999999
2017-01-16,3.1019920318725096,5.401459854014598,12.796799999999998,8.258400000000002,3.7232,3.843220338983053,118.9549040375,78.56766
2017-01-17,0.3791164658634539,6.7073529411764685,11.289473684210527,6.018623481781378,0.7485829959514173,4.102100840336133,123.02898710833334,82.3709516666667
2017-01-18,0.9439516129032258,5.5227941176470585,6.471659919028343,2.2724696356275302,-1.924291497975708,3.232765957446808,131.27154392958332,88.03299333333332
2017-01-19,6.423868312757202,3.5362962962962965,7.490763052208836,3.2493975903614487,-0.9875502008032128,3.347058823529411,138.760584545,95.14757666666668
2017-01-20,4.341563786008232,3.3862595419847326,9.120331950207467,5.301244813278009,1.4821576763485482,2.8310638297872344,141.0090781458333,97.53891
2017-01-21,2.5860655737704934,5.351162790697675,11.094605809128637,6.313278008298753,1.534439834024896,2.8935622317596548,134.69746289750003,89.30832666666667
2017-01-22,1.3329268292682932,4.691603053435114,11.158024691358024,6.6440329218107,2.1032786885245907,3.031330472103004,126.99193473166667,82.8239933333333
2017-01-23,0.7673469387755101,6.022727272727273,11.52057613168724,6.811111111111108,2.102880658436213,2.6461538461538487,135.9668085375,93.12016
2017-01-24,0.01358024691358025,7.455725190839693,12.64938775510203,6.8306122448979565,0.9861788617886186,2.5395744680851067,140.11921802500004,97.0379933333333
2017-01-25,0.4396761133603239,7.594814814814817,12.104032258064516,6.024596774193549,-0.05846774193548378,2.252320675105484,146.5775202629167,100.97507666666668
2017-01-26,4.88375,3.298484848484849,11.083673469387755,5.986122448979594,0.8881632653061224,2.7506382978723423,141.00489071166666,97.005535
2017-01-27,6.1184426229508215,1.9052631578947368,11.093061224489796,8.197551020408161,5.3020408163265325,3.477586206896552,126.76923527083336,85.39378500000002
2017-01-28,0.917004048582996,5.452272727272729,12.142105263157887,8.093117408906881,4.040485829959513,3.0542735042735054,112.35859789749998,70.70432666666667
2017-01-29,1.1483870967741934,3.2940740740740733,13.468548387096783,9.150806451612898,4.828629032258067,2.3690677966101696,114.57072423166666,72.43603499999998
2017-01-30,0.5737903225806452,3.640441176470589,15.254838709677427,11.070564516129028,6.87741935483871,2.322127659574468,120.8922287875,80.22161833333331
2017-01-31,1.1275303643724697,5.931617647058822,15.772289156626506,10.918072289156623,6.063855421686744,2.4271186440677948,124.14616802500002,83.31395166666665
2017-02-01,2.6317073170731717,4.544444444444443,15.13117408906883,10.75748987854251,6.383400809716602,2.7632478632478628,118.65217917833333,78.50670166666667
2017-02-02,5.313580246913579,1.853333333333334,13.826016260162596,10.313414634146337,6.7955284552845505,4.184482758620692,96.11068987375,59.18824333333331
2017-02-03,5.9219008264462865,3.091666666666667,14.632921810699587,10.91275720164609,7.194650205761317,4.8434210526315775,96.12391031833332,58.547410000000006
2017-02-04,8.407468879668052,2.200751879699248,15.218106995884774,12.264609053497953,9.31769547325103,4.802643171806166,93.23154637791669,54.38574333333333
2017-02-05,2.534979423868313,5.1716417910447765,13.400000000000004,9.785306122448976,6.175918367346938,6.290350877192987,77.91839283291667,41.55949333333333
2017-02-06,1.8967078189300408,5.852985074626868,15.18099173553719,10.529338842975212,5.878512396694214,4.043043478260873,97.22089122541666,60.22803500000001
2017-02-07,2.9304878048780485,4.347407407407409,15.204453441295552,10.704878048780493,6.194308943089426,3.4440170940170933,102.55915452,64.93528500000001
2017-02-08,1.0946938775510204,7.1570370370370355,11.96437246963562,7.7939024390243885,3.6215447154471545,3.755555555555555,102.65594197,64.76816
2017-02-09,0.8061728395061728,6.418656716417911,13.33413654618474,7.759036144578314,2.1919678714859434,2.579148936170214,108.97227449875,70.20091000000001
2017-02-10,2.1493927125506067,3.823703703703704,11.344799999999996,7.256800000000001,3.1728,2.599999999999998,113.73256035999998,73.46986833333334
2017-02-11,3.74008097165992,1.7156716417910451,11.428799999999995,8.166,4.900399999999999,3.54237288135593,103.52654783625,62.93161833333333
2017-02-12,11.421457489878547,1.377611940298508,13.539676113360336,10.387449392712544,7.234008097165995,4.759148936170214,91.01232045791667,52.39691
2017-02-13,4.4290983606557415,2.919083969465648,14.114516129032252,10.563709677419356,7.016532258064518,3.6923404255319143,97.67302968374996,60.63157666666667
2017-02-14,1.151626016260163,5.760606060606059,15.218218623481778,10.239271255060727,5.258704453441296,2.392340425531915,102.907306645,65.21695166666665
2017-02-15,0.5947154471544714,6.642962962962959,15.994758064516127,10.907258064516137,5.827419354838706,2.5948497854077246,103.19496988666664,65.219535
2017-02-16,0.01598360655737705,6.819402985074627,15.973684210526311,10.973684210526311,5.971255060728747,2.2378723404255307,103.46570037375,65.44670166666667
2017-02-17,0.22734693877551024,8.048507462686569,16.393522267206468,10.508097165991902,4.621457489878543,1.8012711864406803,106.77448744333331,67.53774333333332
2017-02-18,2.2821138211382093,5.624264705882355,14.786693548387095,9.521774193548382,4.262499999999998,2.1334745762711846,102.83293500291668,62.34516
2017-02-19,0.5833333333333333,6.1466666666666665,14.583665338645421,10.189641434262949,5.7952191235059765,3.1372881355932187,94.85013820791669,55.53474333333333
2017-02-20,0.02581967213114754,7.2474074074074055,15.176706827309248,9.967469879518076,4.75863453815261,3.067372881355932,98.94880755875,61.71870166666667
2017-02-21,0.20245901639344266,8.228676470588237,16.832931726907628,10.895582329317268,4.955421686746985,2.956355932203389,96.67999222833336,59.84682666666666
2017-02-22,0.1179591836734694,7.233834586466168,18.183064516129036,11.944758064516124,5.706451612903225,2.468936170212764,98.01590405333332,60.76861833333334
2017-02-23,1.5065306122448985,2.5706766917293242,16.304435483870954,11.95483870967742,7.602419354838707,2.26837606837607,101.59995566541666,63.82957666666666
2017-02-24,0.5785425101214576,4.988888888888888,15.054799999999995,10.725999999999996,6.395999999999999,2.776793248945148,96.74844752666668,59.07278499999999
2017-02-25,0.0592741935483871,8.346616541353383,16.929599999999994,10.619600000000004,4.3088,2.263135593220337,98.54785487791668,58.797868333333334
2017-02-26,0.14817813765182195,7.057142857142857,16.42031872509959,10.929083665338645,5.436254980079682,2.1704641350210965,96.24166120791666,56.683159999999994
2017-02-27,0.4600806451612903,5.927272727272728,15.953629032258062,11.39153225806452,6.8278225806451625,3.90936170212766,90.04196414208332,54.00045166666666
2017-02-28,1.65469387755102,3.393233082706768,14.338152610441757,10.653012048192775,6.9860000000000015,4.418297872340425,84.74913722833331,49.55032666666665
2017-03-01,0.7028688524590163,7.631111111111108,16.65180722891567,11.209236947791176,5.762248995983933,2.7669491525423733,94.46868284375,57.70811833333333
2017-03-02,0.6662650602409635,7.635555555555558,17.656275303643728,11.812550607287445,5.965587044534409,2.349367088607593,96.73696394416665,59.61665999999999
2017-03-03,8.232244897959182,3.0450381679389333,14.449186991869912,9.765040650406503,5.078048780487802,4.5194805194805205,87.07707314833333,50.46874333333334
2017-03-04,3.426530612244897,4.871641791044777,11.896341463414636,8.0130081300813,4.1313008130081315,3.913215859030835,83.06464284708333,46.16241
2017-03-05,1.3344262295081972,2.9704545454545452,15.108536585365872,10.596747967479672,6.084552845528454,3.287391304347825,75.20534866458333,39.43820166666667
2017-03-06,0.1708333333333335,7.062307692307688,18.57095435684648,13.833195020746892,9.1,3.9818181818181806,89.28508544666666,52.71870166666667
2017-03-07,0.4595918367346938,7.383333333333333,18.946122448979594,13.66122448979592,8.376734693877548,3.3862660944206,94.37159611791668,57.55249333333334
2017-03-08,0.005714285714285716,8.997727272727277,21.385887096774205,14.591129032258065,7.793548387096771,2.03177966101695,95.06023276041668,58.19707666666667
2017-03-09,0.004048582995951415,10.16791044776119,24.188663967611323,15.947368421052635,7.7080971659919015,2.235443037974684,95.23865377750002,58.31211833333334
2017-03-10,0.009836065573770493,10.389473684210524,25.42540983606557,17.061065573770488,8.697540983606554,2.217796610169492,95.94974106499996,57.88407666666665
2017-03-11,0.4545081967213114,7.871428571428571,22.71393442622951,15.616393442622964,8.52172131147541,2.759913793103449,94.35466747208334,55.61291
2017-03-12,5.920661157024794,6.660150375939849,17.457959183673466,12.542857142857144,7.626938775510203,4.341739130434783,68.44139141458332,33.94161833333333
2017-03-13,7.040909090909094,3.735555555555556,13.330327868852466,9.867213114754103,6.400819672131147,4.836796536796536,77.91723432166667,43.09170166666667
2017-03-14,0.9995901639344259,6.239552238805975,17.049180327868847,12.199180327868836,7.340573770491804,4.164035087719299,83.32373057624999,48.11041000000001
2017-03-15,0.005241935483870968,9.414074074074074,18.848790322580644,12.92137096774194,6.9875000000000025,3.4652360515021474,89.41627113541666,53.382909999999995
2017-03-16,0.3723577235772356,9.395588235294117,19.21169354838709,12.837096774193544,6.4633064516129055,3.1982905982905967,90.33913973583331,54.11974333333333
2017-03-17,0.14600000000000002,8.673529411764706,18.872399999999995,12.4812,6.085599999999999,2.9336170212765964,92.82932789833332,55.27453499999999
2017-03-18,0.3592,9.225735294117642,20.026294820717126,12.967330677290835,5.913944223107567,2.2719148936170206,91.07846147208336,52.86415999999999
2017-03-19,0.08755020080321285,9.419548872180453,20.64578313253011,13.260642570281124,5.879919678714859,2.1523404255319134,94.79214828958335,55.61457666666666
2017-03-20,0.8254032258064514,8.34740740740741,19.975100401606426,13.847389558232932,7.717269076305218,2.5927966101694917,93.72368890500002,56.49291
2017-03-21,1.4287449392712548,5.585925925925925,15.893172690763047,11.560642570281134,7.228112449799202,3.328085106382978,91.19167428458336,54.83011833333333
2017-03-22,3.262753036437248,5.119999999999999,14.195934959349596,9.580894308943092,4.9678861788617885,3.9634042553191495,83.13449730208333,47.97261833333334
2017-03-23,1.9299595141700399,5.62794117647059,11.625101214574904,7.327125506072874,3.0319838056680157,3.4209401709401703,91.24228990250002,54.886993333333336
2017-03-24,6.156326530612245,5.02238805970149,12.037651821862342,7.3190283400809655,2.5963562753036453,2.6132478632478624,99.20570564833334,60.66416000000002
2017-03-25,4.257377049180328,4.207575757575757,12.319918699187006,7.931707317073165,3.5504065040650388,3.2891774891774883,87.31674268041668,49.70982666666668
2017-03-26,3.567346938775512,6.284848484848484,15.73983739837398,10.611788617886171,5.485772357723579,3.5237068965517246,83.89110769565217,45.71397521739131
2017-03-27,1.067755102040816,5.152272727272729,15.971311475409827,11.770901639344268,7.570081967213116,3.134632034632037,91.24141511416668,54.30845166666666
2017-03-28,0.01612903225806452,9.541791044776119,18.483467741935502,12.607661290322573,6.729838709677418,2.34059829059829,93.45268098625002,56.65536833333334
2017-03-29,0.001195219123505976,10.730827067669177,21.099999999999994,13.891566265060241,6.681526104417668,2.357563025210084,93.62018490333334,56.86599333333333
2017-03-30,0.6686746987951806,8.585925925925926,21.25920000000001,14.573999999999998,7.897999999999998,3.1430379746835446,90.63981457,54.33224333333333
2017-03-31,1.8458167330677293,7.53941605839416,19.442799999999988,14.06279999999999,8.673600000000002,3.444444444444448,87.71762170041669,50.98695166666667
2017-04-01,1.5532,8.34666666666666,17.279032258064507,12.49959677419354,7.714112903225808,4.093562231759658,77.9933207025,42.56520166666665
2017-04-02,0.3051999999999999,9.872058823529407,18.16612903225806,12.085080645161293,6.008870967741939,2.9648068669527903,82.84726570208333,46.28820166666666
2017-04-03,0.004417670682730924,10.994117647058824,19.879435483870967,12.662096774193547,5.447177419354841,2.4450643776824026,94.44460130416668,58.05878500000001
2017-04-04,0.32709163346613546,10.54160583941606,20.269635627530363,13.348987854251016,6.4307692307692275,2.9995744680851057,90.88963544,55.013160000000006
2017-04-05,0.15319999999999998,9.155882352941171,18.57068273092369,12.9008032128514,7.231325301204821,3.5553648068669506,84.00727523708333,49.26865999999999
2017-04-06,0.003968253968253969,11.048507462686567,19.942629482071702,13.42270916334662,6.905179282868526,3.356595744680849,83.2784974375,48.55561833333334
2017-04-07,0.0003984063745019921,11.359701492537312,21.236653386454176,13.947808764940234,6.6537848605577645,2.964406779661015,90.84052051333332,54.71382666666666
2017-04-08,0.0003984063745019921,11.251851851851852,22.459126984126982,14.877380952380955,7.297222222222217,2.585714285714284,96.38631078583334,58.00986833333334
2017-04-09,0.04563492063492063,10.885925925925926,22.198804780876504,15.067729083665345,7.935856573705182,2.7987288135593205,93.16104057708334,54.87661833333333
2017-04-10,0.021999999999999995,9.989705882352943,22.81752988047809,15.615936254980078,8.416334661354583,2.5334745762711863,93.7703478875,57.470785
2017-04-11,0.0,10.885294117647057,23.38446215139443,15.929083665338645,8.467330677290835,2.4058823529411746,93.32401394,57.11299333333334
2017-04-12,0.00039525691699604737,11.462686567164175,24.03919999999999,16.291200000000007,8.538000000000006,2.245378151260504,97.44534540374998,60.89974333333333
2017-04-13,0.0068000000000000005,10.721481481481485,24.13639999999999,16.643200000000004,9.1402390438247,2.5767932489451484,94.41279139583334,58.18916000000002
2017-04-14,0.0630952380952381,8.967647058823532,23.021115537848605,16.7272,10.415599999999992,2.4143459915611825,93.75301009666669,57.16324333333333
2017-04-15,0.13293650793650796,8.811111111111106,21.91553784860557,16.03665338645418,10.163745019920317,2.7101265822784857,91.48990232750002,53.910785
2017-04-16,0.0011904761904761904,10.373880597014924,23.3408,16.289999999999992,9.238400000000002,2.7529411764705896,90.11186349375,52.26324333333333
2017-04-17,0.09404761904761903,10.864444444444445,24.278884462151407,17.01354581673307,9.752589641434259,2.366525423728812,94.5967661375,58.19416
2017-04-18,0.10629921259842524,9.928148148148146,23.571825396825396,16.969721115537848,10.354183266932267,2.9979079497907937,87.645985815,52.24249333333333
2017-04-19,0.24120000000000005,8.084328358208957,20.01088709677419,14.904435483870966,9.800806451612914,4.5839662447257385,83.48691536208334,48.81861833333333
2017-04-20,0.002008032128514056,9.358646616541352,19.105976095617528,13.738645418326687,8.366135458167324,5.003389830508478,85.33473772916666,50.35111833333334
2017-04-21,0.08458498023715415,11.087313432835822,20.373705179282858,13.591235059760963,6.807569721115539,4.1504237288135615,89.43115201333332,53.50436833333333
2017-04-22,0.0324,10.35333333333333,21.513253012048192,14.401606425702797,7.291967871485942,3.0097457627118653,94.04845182750002,56.008993333333336
2017-04-23,0.08055555555555556,10.985925925925928,23.33373493975905,15.883132530120475,8.423293172690768,2.445378151260503,96.56249949375,57.693826666666666
2017-04-24,0.5360323886639676,9.569629629629633,23.49596774193548,16.366532258064517,9.233064516129033,2.4351694915254205,99.74700647083333,62.62920166666666
2017-04-25,3.6983935742971896,6.00962962962963,20.5153846153846,15.4748987854251,10.434412955465593,3.068534482758623,94.86253410666666,58.47291000000001
2017-04-26,2.830278884462152,5.327067669172932,16.960799999999992,12.545199999999989,8.1352,3.4427350427350434,91.63583302875,55.90066000000001
2017-04-27,4.7693877551020405,6.957777777777776,15.173983739837409,10.604878048780485,6.0333333333333306,3.425541125541125,89.40089681250002,53.88549333333332
2017-04-28,4.572244897959184,7.1872180451127825,15.517004048582992,10.382186234817814,5.259109311740891,3.5879310344827595,92.87269093000002,56.46795166666666
2017-04-29,2.721224489795921,4.903053435114504,17.38204081632653,12.291020408163268,7.179674796747968,3.1326180257510745,92.4837400775,54.77845166666666
2017-04-30,2.7862348178137655,5.255303030303033,16.625403225806448,12.165587044534409,7.6923076923076925,4.839914163090122,63.04871245208333,29.868534999999994
