,date,toll,pvpc_eur_MWh,prod_cost_eur_MWh
0,2014-04-01,2.0.DHA,64.58517174500001,33.25571
1,2014-04-01,2.0.DHS,64.91869533666669,33.36946
2,2014-04-01,2.0A,87.1874494,37.86004333333333
3,2014-04-02,2.0.DHA,79.11227466166666,46.07404333333333
4,2014-04-02,2.0.DHS,79.55841950333333,46.18779333333334
5,2014-04-02,2.0A,101.8003494,50.67837666666667
6,2014-04-03,2.0.DHA,76.01785091166668,43.50154333333334
7,2014-04-03,2.0.DHS,76.45076450333333,43.61529333333334
8,2014-04-03,2.0A,98.86769939999999,48.10587666666666
9,2014-04-04,2.0.DHA,53.809466328333336,23.629459999999995
10,2014-04-04,2.0.DHS,54.00993533666667,23.743209999999994
11,2014-04-04,2.0A,76.21352440000001,28.233793333333328
12,2014-04-05,2.0.DHA,64.498917995,33.124876666666665
13,2014-04-05,2.0.DHS,64.77203033666667,33.23862666666666
14,2014-04-05,2.0A,87.03829940000001,37.72921
15,2014-04-06,2.0.DHA,69.080872995,37.22112666666666
16,2014-04-06,2.0.DHS,69.33922533666666,37.33487666666668
17,2014-04-06,2.0A,91.7080244,41.82545999999999
18,2014-04-07,2.0.DHA,80.02109091166668,46.896543333333334
19,2014-04-07,2.0.DHS,80.46741533666666,47.01029333333333
20,2014-04-07,2.0A,102.73799940000002,51.50087666666666
21,2014-04-08,2.0.DHA,81.53742466166666,48.31196
22,2014-04-08,2.0.DHS,81.93884867000001,48.42570999999999
23,2014-04-08,2.0A,104.3515744,52.91629333333333
24,2014-04-09,2.0.DHA,77.78464341166666,44.88904333333334
25,2014-04-09,2.0.DHS,78.20432783666666,45.00279333333333
26,2014-04-09,2.0A,100.4494494,49.49337666666667
27,2014-04-10,2.0.DHA,77.84576757833334,45.021126666666675
28,2014-04-10,2.0.DHS,78.19937450333335,45.13487666666668
29,2014-04-10,2.0A,100.6000244,49.62546
30,2014-04-11,2.0.DHA,72.62788549499999,40.418209999999995
31,2014-04-11,2.0.DHS,72.94779116999999,40.53196
32,2014-04-11,2.0A,95.3526994,45.022543333333324
33,2014-04-12,2.0.DHA,56.33677466166666,25.913210000000003
34,2014-04-12,2.0.DHS,56.53005367,26.026960000000003
35,2014-04-12,2.0A,78.8169994,30.517543333333332
36,2014-04-13,2.0.DHA,57.71560466166667,27.09696
37,2014-04-13,2.0.DHS,57.905583670000006,27.210710000000002
38,2014-04-13,2.0A,80.16647439999998,31.70129333333333
39,2014-04-14,2.0.DHA,71.26434507833333,39.12321000000001
40,2014-04-14,2.0.DHS,71.66594450333334,39.23696
41,2014-04-14,2.0A,93.87639940000001,43.72754333333333
42,2014-04-15,2.0.DHA,83.80996924499998,50.32487666666666
43,2014-04-15,2.0.DHS,84.19635200333333,50.438626666666664
44,2014-04-15,2.0A,106.64629939999999,54.929210000000005
45,2014-04-16,2.0.DHA,83.59131966166666,50.15404333333333
46,2014-04-16,2.0.DHS,83.96473533666666,50.267793333333316
47,2014-04-16,2.0A,106.45154940000003,54.758376666666656
48,2014-04-17,2.0.DHA,69.360800495,37.56362666666667
49,2014-04-17,2.0.DHS,69.63385783666666,37.67737666666667
50,2014-04-17,2.0A,92.0984744,42.16796
51,2014-04-18,2.0.DHA,70.12194841166668,38.19029333333334
52,2014-04-18,2.0.DHS,70.37290617000001,38.30404333333333
53,2014-04-18,2.0A,92.8128744,42.794626666666666
54,2014-04-19,2.0.DHA,70.46404216166667,38.46029333333333
55,2014-04-19,2.0.DHS,70.76782950333332,38.57404333333334
56,2014-04-19,2.0A,93.1206744,43.06462666666666
57,2014-04-20,2.0.DHA,63.583439245,32.31487666666667
58,2014-04-20,2.0.DHS,63.84696283666667,32.428626666666666
59,2014-04-20,2.0A,86.1148994,36.91921
60,2014-04-21,2.0.DHA,78.55749341166667,45.66237666666667
61,2014-04-21,2.0.DHS,78.90999450333334,45.77612666666667
62,2014-04-21,2.0A,101.33104940000003,50.266709999999996
63,2014-04-22,2.0.DHA,74.34047257833332,41.937793333333325
64,2014-04-22,2.0.DHS,74.71811283666666,42.05154333333333
65,2014-04-22,2.0A,97.08502440000001,46.54212666666666
66,2014-04-23,2.0.DHA,83.28590382833336,49.832793333333335
67,2014-04-23,2.0.DHS,83.70746617000002,49.94654333333333
68,2014-04-23,2.0A,106.08532440000003,54.43712666666667
69,2014-04-24,2.0.DHA,76.26953966166667,43.77737666666666
70,2014-04-24,2.0.DHS,76.62659533666668,43.89112666666667
71,2014-04-24,2.0A,99.1821494,48.38171
72,2014-04-25,2.0.DHA,54.43304216166667,24.221543333333333
73,2014-04-25,2.0.DHS,54.660414503333335,24.335293333333336
74,2014-04-25,2.0A,76.88849939999999,28.825876666666662
75,2014-04-26,2.0.DHA,52.65654632833333,22.657376666666664
76,2014-04-26,2.0.DHS,52.834721169999995,22.77112666666666
77,2014-04-26,2.0A,75.1053494,27.261709999999997
78,2014-04-27,2.0.DHA,57.428724245000005,26.88696
79,2014-04-27,2.0.DHS,57.665158670000004,27.000709999999994
80,2014-04-27,2.0A,79.92707440000001,31.491293333333328
81,2014-04-28,2.0.DHA,80.18227216166667,47.094460000000005
82,2014-04-28,2.0.DHS,80.57273783666669,47.20821
83,2014-04-28,2.0A,102.9636244,51.69879333333333
84,2014-04-29,2.0.DHA,80.23970632833333,47.185293333333334
85,2014-04-29,2.0.DHS,80.65347367,47.29904333333334
86,2014-04-29,2.0A,103.0671744,51.78962666666666
87,2014-04-30,2.0.DHA,82.22877007833333,48.95404333333334
88,2014-04-30,2.0.DHS,82.62371783666667,49.067793333333334
89,2014-04-30,2.0A,105.08354940000002,53.55837666666667
90,2014-05-01,2.0.DHA,74.400827995,42.03279333333334
91,2014-05-01,2.0.DHS,74.68213367,42.146543333333334
92,2014-05-01,2.0A,97.1933244,46.63712666666667
93,2014-05-02,2.0.DHA,69.558471745,37.68779333333334
94,2014-05-02,2.0.DHS,69.86861033666666,37.801543333333335
95,2014-05-02,2.0A,92.2400244,42.29212666666667
96,2014-05-03,2.0.DHA,71.88757924500001,39.71446000000001
97,2014-05-03,2.0.DHS,72.16042533666669,39.82821000000001
98,2014-05-03,2.0A,94.55042439999998,44.31879333333334
99,2014-05-04,2.0.DHA,83.800897995,50.25696
100,2014-05-04,2.0.DHS,84.15922866999999,50.37071000000001
101,2014-05-04,2.0A,106.56887439999997,54.86129333333334
102,2014-05-05,2.0.DHA,90.75646257833334,56.52862666666666
103,2014-05-05,2.0.DHS,91.18690783666665,56.64237666666666
104,2014-05-05,2.0A,113.71857440000002,61.13296
105,2014-05-06,2.0.DHA,91.28228757833334,56.97487666666667
106,2014-05-06,2.0.DHS,91.73106950333333,57.08862666666667
107,2014-05-06,2.0A,114.2272994,61.579209999999996
108,2014-05-07,2.0.DHA,94.71738716166664,60.01612666666667
109,2014-05-07,2.0.DHS,95.20601283666667,60.12987666666667
110,2014-05-07,2.0A,117.69432439999999,64.62046
111,2014-05-08,2.0.DHA,92.86842382833333,58.39070999999999
112,2014-05-08,2.0.DHS,93.34401450333333,58.50446
113,2014-05-08,2.0A,115.84134940000003,62.995043333333335
114,2014-05-09,2.0.DHA,96.079885495,61.21154333333333
115,2014-05-09,2.0.DHS,96.58261117,61.32529333333332
116,2014-05-09,2.0A,119.05709940000003,65.81587666666665
117,2014-05-10,2.0.DHA,92.27291591166666,57.886126666666684
118,2014-05-10,2.0.DHS,92.68247533666668,57.99987666666667
119,2014-05-10,2.0A,115.26612439999998,62.490460000000006
120,2014-05-11,2.0.DHA,86.95620674500002,53.16404333333333
121,2014-05-11,2.0.DHS,87.31838366999999,53.27779333333334
122,2014-05-11,2.0A,109.88294939999999,57.76837666666666
123,2014-05-12,2.0.DHA,91.30372716166666,57.035293333333335
124,2014-05-12,2.0.DHS,91.76353867,57.14904333333333
125,2014-05-12,2.0A,114.2961744,61.639626666666665
126,2014-05-13,2.0.DHA,82.39203549499999,49.06654333333333
127,2014-05-13,2.0.DHS,82.80718783666666,49.18029333333332
128,2014-05-13,2.0A,105.2117994,53.67087666666666
129,2014-05-14,2.0.DHA,84.63171174499999,50.977376666666665
130,2014-05-14,2.0.DHS,85.09316200333332,51.09112666666667
131,2014-05-14,2.0A,107.3901494,55.581709999999994
132,2014-05-15,2.0.DHA,86.62352591166666,52.80404333333334
133,2014-05-15,2.0.DHS,87.07809783666669,52.91779333333334
134,2014-05-15,2.0A,109.47254939999999,57.40837666666667
135,2014-05-16,2.0.DHA,82.390600495,49.047793333333324
136,2014-05-16,2.0.DHS,82.80729450333334,49.161543333333334
137,2014-05-16,2.0A,105.1904244,53.65212666666665
138,2014-05-17,2.0.DHA,76.85044132833332,44.13571000000001
139,2014-05-17,2.0.DHS,77.16201950333333,44.24946
140,2014-05-17,2.0A,99.5906494,48.74004333333334
141,2014-05-18,2.0.DHA,91.49215632833334,57.181543333333316
142,2014-05-18,2.0.DHS,91.89109700333334,57.29529333333332
143,2014-05-18,2.0A,114.46289940000001,61.78587666666667
144,2014-05-19,2.0.DHA,88.24659632833334,54.32029333333333
145,2014-05-19,2.0.DHS,88.71344200333333,54.434043333333335
146,2014-05-19,2.0A,111.20107439999998,58.92462666666666
147,2014-05-20,2.0.DHA,89.245902995,55.18696
148,2014-05-20,2.0.DHS,89.67247950333332,55.30070999999999
149,2014-05-20,2.0A,112.1890744,59.79129333333333
150,2014-05-21,2.0.DHA,81.97757674500001,48.76612666666666
151,2014-05-21,2.0.DHS,82.36632200333334,48.87987666666666
152,2014-05-21,2.0A,104.86932439999998,53.37046000000001
153,2014-05-22,2.0.DHA,80.37917466166668,47.203210000000006
154,2014-05-22,2.0.DHS,80.81070450333334,47.316960000000016
155,2014-05-22,2.0A,103.0875994,51.80754333333334
156,2014-05-23,2.0.DHA,86.74339966166666,52.86487666666667
157,2014-05-23,2.0.DHS,87.22115950333334,52.97862666666668
158,2014-05-23,2.0A,109.54189940000002,57.46920999999998
159,2014-05-24,2.0.DHA,91.850786745,57.54737666666667
160,2014-05-24,2.0.DHS,92.25960700333331,57.66112666666667
161,2014-05-24,2.0A,114.8799494,62.15171
162,2014-05-25,2.0.DHA,89.91252882833334,55.82362666666666
163,2014-05-25,2.0.DHS,90.3080245033333,55.93737666666666
164,2014-05-25,2.0A,112.91487439999999,60.427959999999985
165,2014-05-26,2.0.DHA,91.15072882833334,56.85362666666666
166,2014-05-26,2.0.DHS,91.62589700333335,56.96737666666667
167,2014-05-26,2.0A,114.0890744,61.45795999999999
168,2014-05-27,2.0.DHA,93.59048507833332,59.02570999999998
169,2014-05-27,2.0.DHS,94.08041533666666,59.13945999999999
170,2014-05-27,2.0A,116.56524940000001,63.630043333333326
171,2014-05-28,2.0.DHA,93.55835132833336,59.04696000000001
172,2014-05-28,2.0.DHS,94.02213117000002,59.160710000000016
173,2014-05-28,2.0A,116.58947440000003,63.651293333333335
174,2014-05-29,2.0.DHA,92.98576924500001,58.50946
175,2014-05-29,2.0.DHS,93.44301117000002,58.62321
176,2014-05-29,2.0A,115.97672439999997,63.11379333333334
177,2014-05-30,2.0.DHA,93.83016424499999,59.27154333333332
178,2014-05-30,2.0.DHS,94.29663950333332,59.38529333333332
179,2014-05-30,2.0A,116.8454994,63.87587666666665
180,2014-05-31,2.0.DHA,88.35061674500001,54.40362666666666
181,2014-05-31,2.0.DHS,88.74112117000003,54.51737666666666
182,2014-05-31,2.0A,111.2960744,59.00795999999999
183,2014-06-01,2.0.DHA,83.37777133166666,50.823209999999996
184,2014-06-01,2.0.DHS,83.85273908666667,50.93696
185,2014-06-01,2.0A,105.99311042,55.42754333333334
186,2014-06-02,2.0.DHA,94.49984686249998,59.517793333333344
187,2014-06-02,2.0.DHS,94.73512291583332,59.63154333333335
188,2014-06-02,2.0A,117.96214364666666,64.12212666666667
189,2014-06-03,2.0.DHA,95.68951547416667,60.419459999999994
190,2014-06-03,2.0.DHS,95.9888928175,60.53320999999999
191,2014-06-03,2.0A,119.25724180583335,65.02379333333333
192,2014-06-04,2.0.DHA,95.05581319583332,59.99946
193,2014-06-04,2.0.DHS,95.36441874083333,60.11320999999999
194,2014-06-04,2.0A,118.54776186749997,64.60379333333333
195,2014-06-05,2.0.DHA,96.98710584916665,61.64821
196,2014-06-05,2.0.DHS,97.26160252916667,61.761960000000016
197,2014-06-05,2.0A,120.55848171666668,66.25254333333335
198,2014-06-06,2.0.DHA,88.53545549666667,53.91904333333334
199,2014-06-06,2.0.DHS,88.76045977333332,54.03279333333334
200,2014-06-06,2.0A,112.03065940500001,58.52337666666668
201,2014-06-07,2.0.DHA,83.83796828916668,51.10779333333335
202,2014-06-07,2.0.DHS,84.43925319166668,51.22154333333334
203,2014-06-07,2.0A,106.86176323083333,55.71212666666668
204,2014-06-08,2.0.DHA,88.84307174833334,55.92446
205,2014-06-08,2.0.DHS,89.34823367,56.03821
206,2014-06-08,2.0A,111.60235042000001,60.52879333333332
207,2014-06-09,2.0.DHA,93.30812852916667,58.45237666666666
208,2014-06-09,2.0.DHS,93.52756958250002,58.56612666666667
209,2014-06-09,2.0A,116.80764198000001,63.05671000000001
210,2014-06-10,2.0.DHA,98.04210297416667,62.57320999999999
211,2014-06-10,2.0.DHS,98.41621073416667,62.68696
212,2014-06-10,2.0A,121.53971972249998,67.17754333333333
213,2014-06-11,2.0.DHA,100.01674402916666,64.46071
214,2014-06-11,2.0.DHS,100.41810499083333,64.57446
215,2014-06-11,2.0A,123.52393103416665,69.06504333333334
216,2014-06-12,2.0.DHA,103.50767918250001,67.49821
217,2014-06-12,2.0.DHS,103.87639419583336,67.61196
218,2014-06-12,2.0A,127.08515046666666,72.10254333333333
219,2014-06-13,2.0.DHA,102.38774216333333,66.12446
220,2014-06-13,2.0.DHS,102.75822227333333,66.23821
221,2014-06-13,2.0A,126.03590148833337,70.72879333333334
222,2014-06-14,2.0.DHA,84.1080791225,51.31195999999999
223,2014-06-14,2.0.DHS,84.70983902500001,51.42570999999999
224,2014-06-14,2.0A,107.1116761475,55.91629333333332
225,2014-06-15,2.0.DHA,64.25003383166667,33.63529333333334
226,2014-06-15,2.0.DHS,64.52392658666668,33.74904333333333
227,2014-06-15,2.0A,86.59136250333334,38.239626666666666
228,2014-06-16,2.0.DHA,86.42461019583334,52.54279333333333
229,2014-06-16,2.0.DHS,86.77701583250001,52.65654333333333
230,2014-06-16,2.0A,109.5154323966667,57.14712666666666
231,2014-06-17,2.0.DHA,95.09316589083335,60.01695999999998
232,2014-06-17,2.0.DHS,95.4945507341667,60.130709999999986
233,2014-06-17,2.0A,118.46944597250001,64.62129333333333
234,2014-06-18,2.0.DHA,104.78277152916665,68.68654333333333
235,2014-06-18,2.0.DHS,105.21815457416665,68.80029333333333
236,2014-06-18,2.0A,128.36239561749997,73.29087666666666
237,2014-06-19,2.0.DHA,104.26466834916666,68.16154333333334
238,2014-06-19,2.0.DHS,104.6446833625,68.27529333333332
239,2014-06-19,2.0A,127.87186588333331,72.76587666666667
240,2014-06-20,2.0.DHA,107.94897049666666,70.98695999999997
241,2014-06-20,2.0.DHS,108.2747756066667,71.10070999999999
242,2014-06-20,2.0A,131.73506773833333,75.59129333333333
243,2014-06-21,2.0.DHA,98.36398412250001,64.21821
244,2014-06-21,2.0.DHS,99.11959235833332,64.33196
245,2014-06-21,2.0A,121.54398239749999,68.82254333333333
246,2014-06-22,2.0.DHA,95.12950424833336,61.58821
247,2014-06-22,2.0.DHS,95.69514325333334,61.70195999999999
248,2014-06-22,2.0A,117.90794208666667,66.19254333333332
249,2014-06-23,2.0.DHA,109.36270977916666,72.69862666666667
250,2014-06-23,2.0.DHS,109.68483124916668,72.81237666666667
251,2014-06-23,2.0A,133.07526864666667,77.30296
252,2014-06-24,2.0.DHA,110.3229771408333,73.29904333333334
253,2014-06-24,2.0.DHS,110.64403698416663,73.41279333333334
254,2014-06-24,2.0A,134.1620384725,77.90337666666667
255,2014-06-25,2.0.DHA,100.87755402916666,65.22987666666667
256,2014-06-25,2.0.DHS,101.28753374083334,65.34362666666667
257,2014-06-25,2.0A,124.3605968675,69.83421
258,2014-06-26,2.0.DHA,105.37487501583333,69.15737666666668
259,2014-06-26,2.0.DHS,105.77763502916666,69.27112666666667
260,2014-06-26,2.0A,128.99004796666665,73.76171000000001
261,2014-06-27,2.0.DHA,108.78980466333333,71.68987666666668
262,2014-06-27,2.0.DHS,109.10336477333333,71.80362666666667
263,2014-06-27,2.0A,132.64050107166665,76.29421
264,2014-06-28,2.0.DHA,86.9853441225,54.04487666666666
265,2014-06-28,2.0.DHS,87.58230235833332,54.15862666666666
266,2014-06-28,2.0A,110.0490548975,58.64920999999999
267,2014-06-29,2.0.DHA,80.00238424833334,47.848209999999995
268,2014-06-29,2.0.DHS,80.45164200333335,47.96196
269,2014-06-29,2.0A,102.57900250333336,52.45254333333333
270,2014-06-30,2.0.DHA,98.25244477916665,62.851126666666666
271,2014-06-30,2.0.DHS,98.55950916583332,62.96487666666666
272,2014-06-30,2.0A,121.81388739666666,67.45545999999999
273,2014-07-01,2.0.DHA,94.59356666999999,58.93112666666668
274,2014-07-01,2.0.DHS,95.07035221583334,59.044876666666674
275,2014-07-01,2.0A,117.8426809258333,63.53546000000001
276,2014-07-02,2.0.DHA,97.09723347833334,60.92279333333334
277,2014-07-02,2.0.DHS,97.55536008166668,61.03654333333333
278,2014-07-02,2.0A,120.47899234916666,65.52712666666666
279,2014-07-03,2.0.DHA,97.17673088250001,61.039876666666665
280,2014-07-03,2.0.DHS,97.66007853083335,61.15362666666669
281,2014-07-03,2.0A,120.36026778916668,65.64421
282,2014-07-04,2.0.DHA,101.48946273333333,64.74945999999998
283,2014-07-04,2.0.DHS,101.90082328916667,64.86321
284,2014-07-04,2.0A,124.97329099666666,69.35379333333333
285,2014-07-05,2.0.DHA,88.42625257083334,54.70029333333333
286,2014-07-05,2.0.DHS,88.97383284833332,54.81404333333333
287,2014-07-05,2.0A,111.15652874666665,59.30462666666666
288,2014-07-06,2.0.DHA,81.66470026833333,49.26404333333334
289,2014-07-06,2.0.DHS,82.0181606325,49.37779333333333
290,2014-07-06,2.0A,104.24730704333335,53.86837666666667
291,2014-07-07,2.0.DHA,90.154240705,55.56446
292,2014-07-07,2.0.DHS,90.48400047833333,55.67821
293,2014-07-07,2.0A,113.23655654583332,60.168793333333326
294,2014-07-08,2.0.DHA,93.02069458666666,57.528626666666646
295,2014-07-08,2.0.DHS,93.47026971583334,57.64237666666665
296,2014-07-08,2.0A,116.28300800916668,62.132959999999976
297,2014-07-09,2.0.DHA,84.761193895,50.08737666666665
298,2014-07-09,2.0.DHS,85.15613216499999,50.20112666666666
299,2014-07-09,2.0A,107.82164609916667,54.69170999999999
300,2014-07-10,2.0.DHA,83.1091508825,48.72904333333333
301,2014-07-10,2.0.DHS,83.51355561416666,48.84279333333333
302,2014-07-10,2.0A,106.07848903916666,53.33337666666666
303,2014-07-11,2.0.DHA,87.44135564999999,52.455293333333344
304,2014-07-11,2.0.DHS,87.87650120583334,52.56904333333333
305,2014-07-11,2.0A,110.56707516333331,57.05962666666667
306,2014-07-12,2.0.DHA,88.08936757083335,54.22487666666665
307,2014-07-12,2.0.DHS,88.64563201499999,54.33862666666665
308,2014-07-12,2.0A,110.71573541333335,58.829209999999996
309,2014-07-13,2.0.DHA,88.04042985166667,55.06862666666667
310,2014-07-13,2.0.DHS,88.43027729916669,55.18237666666667
311,2014-07-13,2.0A,110.70025079333334,59.67296000000001
312,2014-07-14,2.0.DHA,99.836374455,64.12612666666668
313,2014-07-14,2.0.DHS,100.201800895,64.23987666666667
314,2014-07-14,2.0A,123.00399612916668,68.73046000000001
315,2014-07-15,2.0.DHA,101.02657667000001,64.54695999999998
316,2014-07-15,2.0.DHS,101.50017554916667,64.66071
317,2014-07-15,2.0A,124.35430884250002,69.15129333333333
318,2014-07-16,2.0.DHA,99.46214222833332,62.945293333333325
319,2014-07-16,2.0.DHS,99.93707674833331,63.059043333333314
320,2014-07-16,2.0A,122.77498901583333,67.54962666666665
321,2014-07-17,2.0.DHA,92.72896171583334,57.27154333333332
322,2014-07-17,2.0.DHS,93.1445201975,57.38529333333332
323,2014-07-17,2.0A,115.96100862250002,61.87587666666665
324,2014-07-18,2.0.DHA,96.4156719,60.38570999999999
325,2014-07-18,2.0.DHS,96.85289745583334,60.49945999999999
326,2014-07-18,2.0A,119.93893183000002,64.99004333333333
327,2014-07-19,2.0.DHA,86.71482548750002,53.171960000000006
328,2014-07-19,2.0.DHS,87.20866118166667,53.28571000000002
329,2014-07-19,2.0A,109.38004124666666,57.776293333333335
330,2014-07-20,2.0.DHA,79.50515485166666,47.366126666666666
331,2014-07-20,2.0.DHS,79.82422854916665,47.47987666666666
332,2014-07-20,2.0A,102.05884329333333,51.97046
333,2014-07-21,2.0.DHA,98.63746945499999,63.09404333333334
334,2014-07-21,2.0.DHS,98.95638047833334,63.20779333333334
335,2014-07-21,2.0A,121.8058419625,67.69837666666668
336,2014-07-22,2.0.DHA,98.45881875333335,62.23487666666665
337,2014-07-22,2.0.DHS,98.9331176325,62.348626666666654
338,2014-07-22,2.0A,121.69014550916665,66.83920999999998
339,2014-07-23,2.0.DHA,102.328005145,65.43529333333332
340,2014-07-23,2.0.DHS,102.847629665,65.54904333333333
341,2014-07-23,2.0A,125.66681068250004,70.03962666666665
342,2014-07-24,2.0.DHA,99.5808908825,63.160709999999995
343,2014-07-24,2.0.DHS,100.0540201975,63.27446
344,2014-07-24,2.0A,122.87136778916668,67.76504333333334
345,2014-07-25,2.0.DHA,94.36870273333331,58.491126666666666
346,2014-07-25,2.0.DHS,94.8109216225,58.60487666666666
347,2014-07-25,2.0A,117.68188682999998,63.095459999999996
348,2014-07-26,2.0.DHA,89.15827757083333,55.248626666666674
349,2014-07-26,2.0.DHS,89.68718284833335,55.36237666666668
350,2014-07-26,2.0A,111.82265416333333,59.85296000000002
351,2014-07-27,2.0.DHA,86.970704435,54.10446000000001
352,2014-07-27,2.0.DHS,87.33966146583334,54.218210000000006
353,2014-07-27,2.0A,109.61934079333332,58.70879333333335
354,2014-07-28,2.0.DHA,90.10307403833333,55.507793333333346
355,2014-07-28,2.0.DHS,90.429299645,55.621543333333335
356,2014-07-28,2.0A,113.2492440458333,60.11212666666666
357,2014-07-29,2.0.DHA,89.55515542,54.40737666666667
358,2014-07-29,2.0.DHS,89.90499763250001,54.521126666666675
359,2014-07-29,2.0A,112.60646634250001,59.01171
360,2014-07-30,2.0.DHA,94.26163889500002,58.33112666666667
361,2014-07-30,2.0.DHS,94.71587674833334,58.444876666666666
362,2014-07-30,2.0A,117.41519901583332,62.935459999999985
363,2014-07-31,2.0.DHA,99.39412296583332,63.03571
364,2014-07-31,2.0.DHS,99.8626376975,63.149460000000005
365,2014-07-31,2.0A,122.68556528916668,67.64004333333334
366,2014-08-01,2.0.DHA,96.76290802416668,60.35445999999999
367,2014-08-01,2.0.DHS,97.21534971750002,60.46820999999999
368,2014-08-01,2.0A,120.28766238916667,64.95879333333333
369,2014-08-02,2.0.DHA,90.64450301333335,55.19029333333335
370,2014-08-02,2.0.DHS,91.17533041583333,55.30404333333334
371,2014-08-02,2.0A,113.61012834666667,59.794626666666666
372,2014-08-03,2.0.DHA,92.48941006,56.64237666666667
373,2014-08-03,2.0.DHS,92.93516888416669,56.75612666666667
374,2014-08-03,2.0A,115.77859230249999,61.24671
375,2014-08-04,2.0.DHA,99.53844109750001,62.411959999999986
376,2014-08-04,2.0.DHS,99.91087301416665,62.52570999999998
377,2014-08-04,2.0A,123.07470905500001,67.01629333333332
378,2014-08-05,2.0.DHA,99.28117502500004,61.92571
379,2014-08-05,2.0.DHS,99.79208888,62.03946
380,2014-08-05,2.0A,122.82089047833331,66.53004333333335
381,2014-08-06,2.0.DHA,97.59235614583334,60.55404333333334
382,2014-08-06,2.0.DHS,98.08281353000002,60.66779333333333
383,2014-08-06,2.0A,121.10784842333332,65.15837666666667
384,2014-08-07,2.0.DHA,99.27930792833335,62.356126666666675
385,2014-08-07,2.0.DHS,99.77893820666668,62.469876666666664
386,2014-08-07,2.0A,122.74060955916666,66.96046
387,2014-08-08,2.0.DHA,96.54516302416668,60.12737666666666
388,2014-08-08,2.0.DHS,96.98006680083334,60.24112666666667
389,2014-08-08,2.0A,120.01257280583332,64.73170999999999
390,2014-08-09,2.0.DHA,93.60796009666667,57.92237666666666
391,2014-08-09,2.0.DHS,94.16992291583335,58.03612666666666
392,2014-08-09,2.0A,116.70398084666665,62.52671
393,2014-08-10,2.0.DHA,88.86559256,53.46362666666667
394,2014-08-10,2.0.DHS,89.2794959675,53.57737666666667
395,2014-08-10,2.0A,112.06586563583333,58.06796
396,2014-08-11,2.0.DHA,97.62412526416666,60.68904333333333
397,2014-08-11,2.0.DHS,97.97245093083332,60.802793333333334
398,2014-08-11,2.0A,121.0904844716667,65.29337666666667
399,2014-08-12,2.0.DHA,95.12219002499997,58.36654333333335
400,2014-08-12,2.0.DHS,95.61280138,58.48029333333334
401,2014-08-12,2.0A,118.65657631166668,62.97087666666667
402,2014-08-13,2.0.DHA,91.39903281249998,55.22112666666667
403,2014-08-13,2.0.DHS,91.83835103,55.33487666666667
404,2014-08-13,2.0A,114.75178967333333,59.82546
405,2014-08-14,2.0.DHA,96.33941709499999,59.807793333333336
406,2014-08-14,2.0.DHS,96.81379362333331,59.92154333333335
407,2014-08-14,2.0A,119.72549872583335,64.41212666666668
408,2014-08-15,2.0.DHA,92.67004813166665,56.566126666666655
409,2014-08-15,2.0.DHS,93.13164526916665,56.679876666666665
410,2014-08-15,2.0A,115.95308198000002,61.170459999999984
411,2014-08-16,2.0.DHA,90.15533592999999,54.82446000000001
412,2014-08-16,2.0.DHS,90.67559874916667,54.938210000000005
413,2014-08-16,2.0A,113.11641209666669,59.42879333333335
414,2014-08-17,2.0.DHA,91.68747256,55.85612666666666
415,2014-08-17,2.0.DHS,92.15841555083335,55.969876666666664
416,2014-08-17,2.0A,114.93526855250002,60.46045999999999
417,2014-08-18,2.0.DHA,100.07962984750002,62.83737666666668
418,2014-08-18,2.0.DHS,100.43144218083334,62.951126666666674
419,2014-08-18,2.0A,123.58654405499999,67.44171000000001
420,2014-08-19,2.0.DHA,99.02552794166665,61.707793333333335
421,2014-08-19,2.0.DHS,99.52683304666664,61.821543333333324
422,2014-08-19,2.0A,122.56368631166669,66.31212666666666
423,2014-08-20,2.0.DHA,101.31089447916666,63.780293333333326
424,2014-08-20,2.0.DHS,101.84995019666665,63.89404333333332
425,2014-08-20,2.0A,124.89523134,68.38462666666665
426,2014-08-21,2.0.DHA,101.9887425116667,64.72321000000001
427,2014-08-21,2.0.DHS,102.52992029,64.83696
428,2014-08-21,2.0A,125.51798914250001,69.32754333333335
429,2014-08-22,2.0.DHA,97.44814094083331,60.92446
430,2014-08-22,2.0.DHS,97.89070763416667,61.03820999999999
431,2014-08-22,2.0A,120.93085530583335,65.52879333333334
432,2014-08-23,2.0.DHA,94.24873884666668,58.33154333333332
433,2014-08-23,2.0.DHS,94.82753291583333,58.44529333333333
434,2014-08-23,2.0A,117.30175251333334,62.935876666666665
435,2014-08-24,2.0.DHA,94.57913339333334,58.37612666666667
436,2014-08-24,2.0.DHS,95.03438180083333,58.48987666666667
437,2014-08-24,2.0A,117.8775173025,62.980459999999994
438,2014-08-25,2.0.DHA,102.14593734750001,64.67029333333333
439,2014-08-25,2.0.DHS,102.54112509750001,64.78404333333334
440,2014-08-25,2.0A,125.72492947166671,69.27462666666666
441,2014-08-26,2.0.DHA,95.34712002500002,58.52779333333334
442,2014-08-26,2.0.DHS,95.85853804666668,58.641543333333345
443,2014-08-26,2.0A,118.81756214500002,63.13212666666667
444,2014-08-27,2.0.DHA,102.39944614583334,64.69279333333334
445,2014-08-27,2.0.DHS,102.9403981133333,64.80654333333335
446,2014-08-27,2.0A,125.95485133999996,69.29712666666667
447,2014-08-28,2.0.DHA,104.93876959500001,67.29820999999998
448,2014-08-28,2.0.DHS,105.49203112333333,67.41196
449,2014-08-28,2.0A,128.52154205916665,71.90254333333333
450,2014-08-29,2.0.DHA,105.7350076075,68.12154333333332
451,2014-08-29,2.0.DHS,106.24671763416667,68.23529333333335
452,2014-08-29,2.0A,129.31776155583336,72.72587666666666
453,2014-08-30,2.0.DHA,96.10265551333332,59.94570999999999
454,2014-08-30,2.0.DHS,96.68005916583333,60.059459999999994
455,2014-08-30,2.0A,119.12744751333334,64.55004333333332
456,2014-08-31,2.0.DHA,95.41683172666666,59.09279333333333
457,2014-08-31,2.0.DHS,95.8883809675,59.206543333333336
458,2014-08-31,2.0A,118.68346521916668,63.69712666666668
459,2014-09-01,2.0.DHA,101.6264364375,65.86154333333334
460,2014-09-01,2.0.DHS,101.95137385416668,65.97529333333334
461,2014-09-01,2.0A,125.07021789749997,70.46587666666667
462,2014-09-02,2.0.DHA,106.86971569666666,69.56446000000001
463,2014-09-02,2.0.DHS,107.31896214166666,69.67821
464,2014-09-02,2.0A,130.63359725416663,74.16879333333334
465,2014-09-03,2.0.DHA,108.79378613166665,71.19404333333334
466,2014-09-03,2.0.DHS,109.27779282916667,71.30779333333334
467,2014-09-03,2.0A,132.59235036249999,75.79837666666667
468,2014-09-04,2.0.DHA,115.3252295558333,77.08571000000002
469,2014-09-04,2.0.DHS,115.79268770249998,77.19946
470,2014-09-04,2.0A,139.26201803666666,81.69004333333334
471,2014-09-05,2.0.DHA,111.34255035833333,73.53529333333336
472,2014-09-05,2.0.DHS,111.766010535,73.64904333333335
473,2014-09-05,2.0A,135.24472194749998,78.13962666666669
474,2014-09-06,2.0.DHA,103.37188724333333,68.75321
475,2014-09-06,2.0.DHS,104.10256409583332,68.86695999999999
476,2014-09-06,2.0A,126.53740700666667,73.35754333333333
477,2014-09-07,2.0.DHA,97.97868287083332,63.72820999999999
478,2014-09-07,2.0.DHS,98.49229985166666,63.84196
479,2014-09-07,2.0A,120.73989935083334,68.33254333333333
480,2014-09-08,2.0.DHA,108.99949518749999,72.32612666666667
481,2014-09-08,2.0.DHS,109.29920635416666,72.43987666666665
482,2014-09-08,2.0A,132.65071789750002,76.93046
483,2014-09-09,2.0.DHA,113.08771527999998,74.98362666666667
484,2014-09-09,2.0.DHS,113.52519130833332,75.09737666666666
485,2014-09-09,2.0A,136.99936892083335,79.58796
486,2014-09-10,2.0.DHA,109.83141488166666,72.08279333333334
487,2014-09-10,2.0.DHS,110.30113074583333,72.19654333333334
488,2014-09-10,2.0A,133.70698077916666,76.68712666666667
489,2014-09-11,2.0.DHA,104.28517455583334,67.46946000000001
490,2014-09-11,2.0.DHS,104.74904061916668,67.58321000000001
491,2014-09-11,2.0A,127.96371678666667,72.07379333333334
492,2014-09-12,2.0.DHA,107.236530775,70.02154333333334
493,2014-09-12,2.0.DHS,107.68256136833334,70.13529333333334
494,2014-09-12,2.0A,130.98112403083334,74.62587666666667
495,2014-09-13,2.0.DHA,102.52917599333334,67.89987666666666
496,2014-09-13,2.0.DHS,103.30485284583334,68.01362666666667
497,2014-09-13,2.0A,125.68676825666664,72.50421
498,2014-09-14,2.0.DHA,98.90849995416666,64.58071000000001
499,2014-09-14,2.0.DHS,99.43841276833332,64.69446
500,2014-09-14,2.0A,121.71424268416668,69.18504333333333
501,2014-09-15,2.0.DHA,108.27788227083335,71.71987666666668
502,2014-09-15,2.0.DHS,108.60931635416667,71.83362666666666
503,2014-09-15,2.0A,131.87925081416665,76.32421000000001
504,2014-09-16,2.0.DHA,99.60610236333333,63.209043333333334
505,2014-09-16,2.0.DHS,100.011900475,63.32279333333333
506,2014-09-16,2.0A,123.3644955875,67.81337666666667
507,2014-09-17,2.0.DHA,99.39418279833332,62.96071
508,2014-09-17,2.0.DHS,99.79566157916666,63.07445999999999
509,2014-09-17,2.0A,122.94652702916665,67.56504333333334
510,2014-09-18,2.0.DHA,102.8125562225,66.19612666666669
511,2014-09-18,2.0.DHS,103.30183686916668,66.30987666666668
512,2014-09-18,2.0A,126.43341095333336,70.80046
513,2014-09-19,2.0.DHA,106.23293160833335,69.14446
514,2014-09-19,2.0.DHS,106.692726785,69.25821
515,2014-09-19,2.0A,129.93915611416665,73.74879333333332
516,2014-09-20,2.0.DHA,102.94961391,68.28696000000001
517,2014-09-20,2.0.DHS,103.71958951250001,68.40071
518,2014-09-20,2.0A,126.07157284000003,72.89129333333334
519,2014-09-21,2.0.DHA,102.4905407875,67.77445999999999
520,2014-09-21,2.0.DHS,103.04322318499999,67.88821
521,2014-09-21,2.0A,125.29020768416665,72.37879333333333
522,2014-09-22,2.0.DHA,106.9830772708333,70.63404333333334
523,2014-09-22,2.0.DHS,107.36925302083331,70.74779333333333
524,2014-09-22,2.0A,130.52981998083334,75.23837666666667
525,2014-09-23,2.0.DHA,111.26881611333334,73.47196
526,2014-09-23,2.0.DHS,111.79933714166667,73.58570999999999
527,2014-09-23,2.0A,135.04385683750004,78.07629333333333
528,2014-09-24,2.0.DHA,107.96200821499998,70.49320999999999
529,2014-09-24,2.0.DHS,108.47800074583331,70.60695999999999
530,2014-09-24,2.0A,131.70463869583338,75.09754333333333
531,2014-09-25,2.0.DHA,106.71422913916668,69.64112666666666
532,2014-09-25,2.0.DHS,107.22358436916666,69.75487666666665
533,2014-09-25,2.0A,130.33342761999998,74.24546
534,2014-09-26,2.0.DHA,109.10643744166664,71.59196000000001
535,2014-09-26,2.0.DHS,109.55644470166665,71.70571000000002
536,2014-09-26,2.0A,132.90671736416667,76.19629333333334
537,2014-09-27,2.0.DHA,99.98815932666666,65.62862666666668
538,2014-09-27,2.0.DHS,100.71481534583332,65.74237666666666
539,2014-09-27,2.0A,123.07978450666667,70.23296
540,2014-09-28,2.0.DHA,100.49898245416666,65.91529333333334
541,2014-09-28,2.0.DHS,101.02804151833334,66.02904333333335
542,2014-09-28,2.0A,123.24068310083334,70.51962666666668
543,2014-09-29,2.0.DHA,114.68293977083333,77.36779333333332
544,2014-09-29,2.0.DHS,115.02961343749998,77.48154333333332
545,2014-09-29,2.0A,138.4386745641667,81.97212666666665
546,2014-09-30,2.0.DHA,117.0114661133333,78.41570999999998
547,2014-09-30,2.0.DHS,117.50358672499998,78.52945999999999
548,2014-09-30,2.0A,140.9962368375,83.02004333333332
549,2014-10-01,2.0.DHA,109.55180182083332,71.67529333333334
550,2014-10-01,2.0.DHS,110.17677303249998,71.78904333333334
551,2014-10-01,2.0A,133.16828387750004,76.27962666666667
552,2014-10-02,2.0.DHA,110.93693209999998,72.62070999999999
553,2014-10-02,2.0.DHS,111.63859532333332,72.73446
554,2014-10-02,2.0A,134.53884692916662,77.22504333333333
555,2014-10-03,2.0.DHA,120.1797976975,80.63695999999999
556,2014-10-03,2.0.DHS,120.82024521083332,80.75071
557,2014-10-03,2.0A,144.22237887666668,85.24129333333333
558,2014-10-04,2.0.DHA,109.4352049075,73.24737666666667
559,2014-10-04,2.0.DHS,110.37749443416665,73.36112666666666
560,2014-10-04,2.0A,132.64183517499995,77.85170999999998
561,2014-10-05,2.0.DHA,94.98557894416666,60.01946
562,2014-10-05,2.0.DHS,95.61974844333332,60.13320999999999
563,2014-10-05,2.0A,117.56618217166665,64.62379333333332
564,2014-10-06,2.0.DHA,100.71604453916667,64.77154333333334
565,2014-10-06,2.0.DHS,101.18440739916667,64.88529333333334
566,2014-10-06,2.0A,123.96539951833336,69.37587666666668
567,2014-10-07,2.0.DHA,97.23345762749999,60.81862666666666
568,2014-10-07,2.0.DHS,97.91225148333335,60.93237666666666
569,2014-10-07,2.0A,120.49966906916666,65.42295999999999
570,2014-10-08,2.0.DHA,96.75700890416665,60.47696
571,2014-10-08,2.0.DHS,97.37412261583334,60.590709999999994
572,2014-10-08,2.0A,120.08429012749998,65.08129333333333
573,2014-10-09,2.0.DHA,103.41093793333334,65.97821
574,2014-10-09,2.0.DHS,104.14708449,66.09196
575,2014-10-09,2.0A,126.73049067916666,70.58254333333333
576,2014-10-10,2.0.DHA,121.54919811416666,81.85029333333334
577,2014-10-10,2.0.DHS,122.1799256275,81.96404333333332
578,2014-10-10,2.0A,145.69250596,86.45462666666667
579,2014-10-11,2.0.DHA,109.7776911575,73.52487666666667
580,2014-10-11,2.0.DHS,110.75668985083333,73.63862666666667
581,2014-10-11,2.0A,133.000550175,78.12921
582,2014-10-12,2.0.DHA,87.65747681416666,56.25696
583,2014-10-12,2.0.DHS,88.03103687916666,56.370709999999995
584,2014-10-12,2.0A,109.64577737833336,60.86129333333333
585,2014-10-13,2.0.DHA,96.85171078916665,61.31237666666667
586,2014-10-13,2.0.DHS,97.33483531583333,61.426126666666676
587,2014-10-13,2.0A,120.07198951833333,65.91671000000001
588,2014-10-14,2.0.DHA,106.13941304416666,68.57904333333332
589,2014-10-14,2.0.DHS,106.81141939999999,68.69279333333331
590,2014-10-14,2.0A,129.72634865249998,73.18337666666665
591,2014-10-15,2.0.DHA,90.86694973750001,55.32362666666666
592,2014-10-15,2.0.DHS,91.4508592825,55.43737666666667
593,2014-10-15,2.0A,114.08617346083334,59.92795999999999
594,2014-10-16,2.0.DHA,91.81048084999999,55.91654333333333
595,2014-10-16,2.0.DHS,92.50798365666667,56.03029333333333
596,2014-10-16,2.0A,115.0498798458333,60.52087666666667
597,2014-10-17,2.0.DHA,92.46791353083334,56.50946
598,2014-10-17,2.0.DHS,93.06889604416666,56.62321
599,2014-10-17,2.0A,115.95024762666667,61.11379333333334
600,2014-10-18,2.0.DHA,88.64522407416666,54.566543333333335
601,2014-10-18,2.0.DHS,89.3119252675,54.68029333333334
602,2014-10-18,2.0A,111.47131100833333,59.17087666666665
603,2014-10-19,2.0.DHA,94.89165394416666,60.06071000000001
604,2014-10-19,2.0.DHS,95.55228761000002,60.17446
605,2014-10-19,2.0A,117.56358883833336,64.66504333333334
606,2014-10-20,2.0.DHA,109.06233578916665,71.87821000000001
607,2014-10-20,2.0.DHS,109.61191239916668,71.99196
608,2014-10-20,2.0A,132.27453076833334,76.48254333333334
609,2014-10-21,2.0.DHA,115.88546721083334,77.12071
610,2014-10-21,2.0.DHS,116.46422439999999,77.23446000000001
611,2014-10-21,2.0A,139.77002073583333,81.72504333333335
612,2014-10-22,2.0.DHA,100.39421557083334,63.70820999999998
613,2014-10-22,2.0.DHS,101.0740430325,63.82195999999999
614,2014-10-22,2.0A,123.6770730441667,68.31254333333332
615,2014-10-23,2.0.DHA,110.5696721,72.32029333333334
616,2014-10-23,2.0.DHS,111.27109074000002,72.43404333333334
617,2014-10-23,2.0A,134.23364859583336,76.92462666666667
618,2014-10-24,2.0.DHA,110.53531478083333,72.35196
619,2014-10-24,2.0.DHS,111.26208771083334,72.46570999999999
620,2014-10-24,2.0A,134.20456887666663,76.95629333333333
621,2014-10-25,2.0.DHA,104.41593449083331,68.74029333333333
622,2014-10-25,2.0.DHS,105.26935360083333,68.85404333333334
623,2014-10-25,2.0A,127.49550642499999,73.34462666666666
624,2014-10-26,2.0.DHA,97.358280976,63.456260000000015
625,2014-10-26,2.0.DHS,94.14801303363637,61.703732727272744
626,2014-10-26,2.0A,121.1060839448,68.20066000000001
627,2014-10-27,2.0.DHA,114.22254446749997,76.58821
628,2014-10-27,2.0.DHS,114.55434198249998,76.70196
629,2014-10-27,2.0A,137.70425951833332,81.19254333333332
630,2014-10-28,2.0.DHA,110.02099866166668,72.02362666666667
631,2014-10-28,2.0.DHS,110.60962565000001,72.13737666666667
632,2014-10-28,2.0A,133.51380323583336,76.62796
633,2014-10-29,2.0.DHA,113.71901331666665,75.19737666666667
634,2014-10-29,2.0.DHS,114.32299011583335,75.31112666666665
635,2014-10-29,2.0A,137.27657721083332,79.80171
636,2014-10-30,2.0.DHA,114.01998423999999,75.21237666666667
637,2014-10-30,2.0.DHS,114.64620490666668,75.32612666666667
638,2014-10-30,2.0A,137.62238359583336,79.81671000000001
639,2014-10-31,2.0.DHA,100.8968519525,63.888209999999994
640,2014-10-31,2.0.DHS,101.40236146083333,64.00195999999998
641,2014-10-31,2.0A,124.35469470999999,68.49254333333333
642,2014-11-01,2.0.DHA,105.11198080666664,69.61154333333336
643,2014-11-01,2.0.DHS,105.72011996999998,69.72529333333334
644,2014-11-01,2.0A,128.06142026249998,74.21587666666669
645,2014-11-02,2.0.DHA,96.23223133333333,60.909459999999996
646,2014-11-02,2.0.DHS,96.67427101083332,61.02321
647,2014-11-02,2.0A,119.22474051583333,65.51379333333334
648,2014-11-03,2.0.DHA,94.22153202333334,57.87362666666667
649,2014-11-03,2.0.DHS,94.64303269166668,57.98737666666668
650,2014-11-03,2.0A,117.91187252083336,62.477959999999996
651,2014-11-04,2.0.DHA,94.38048875166668,57.50446
652,2014-11-04,2.0.DHS,95.00043198750001,57.61821
653,2014-11-04,2.0A,118.09731645083336,62.108793333333345
654,2014-11-05,2.0.DHA,105.48335223166667,66.99070999999999
655,2014-11-05,2.0.DHS,106.17945223999999,67.10446
656,2014-11-05,2.0A,129.25251841916668,71.59504333333334
657,2014-11-06,2.0.DHA,107.13603258,68.19529333333332
658,2014-11-06,2.0.DHS,107.801684835,68.30904333333332
659,2014-11-06,2.0A,131.18866131500002,72.79962666666664
660,2014-11-07,2.0.DHA,99.26275813583335,61.26029333333333
661,2014-11-07,2.0.DHS,100.08767296083334,61.37404333333333
662,2014-11-07,2.0A,122.85421488249999,65.86462666666667
663,2014-11-08,2.0.DHA,95.76436395083333,59.94779333333335
664,2014-11-08,2.0.DHS,96.33024116000001,60.06154333333334
665,2014-11-08,2.0A,119.217122045,64.55212666666667
666,2014-11-09,2.0.DHA,98.08495091666668,62.41404333333333
667,2014-11-09,2.0.DHS,98.56609017749999,62.527793333333335
668,2014-11-09,2.0A,121.09531134916666,67.01837666666667
669,2014-11-10,2.0.DHA,107.69599994,69.43154333333335
670,2014-11-10,2.0.DHS,108.13949060833335,69.54529333333335
671,2014-11-10,2.0A,131.6562208541667,74.03587666666668
672,2014-11-11,2.0.DHA,91.421864585,54.99279333333334
673,2014-11-11,2.0.DHS,91.97936740416667,55.10654333333334
674,2014-11-11,2.0A,115.1226431175,59.597126666666675
675,2014-11-12,2.0.DHA,94.50081473166665,57.60070999999999
676,2014-11-12,2.0.DHS,95.12004182333332,57.714459999999995
677,2014-11-12,2.0A,118.01509716916668,62.20504333333333
678,2014-11-13,2.0.DHA,93.07104591333332,56.21946
679,2014-11-13,2.0.DHS,93.676844835,56.33321
680,2014-11-13,2.0A,116.76413214833336,60.823793333333334
681,2014-11-14,2.0.DHA,94.07331230250001,56.72695999999999
682,2014-11-14,2.0.DHS,94.73943879416665,56.84070999999998
683,2014-11-14,2.0A,117.76460904916667,61.33129333333332
684,2014-11-15,2.0.DHA,69.84225686750001,37.40446
685,2014-11-15,2.0.DHS,70.13996866000001,37.518209999999996
686,2014-11-15,2.0A,92.77026829500001,42.00879333333334
687,2014-11-16,2.0.DHA,61.400087583333324,30.056959999999993
688,2014-11-16,2.0.DHS,61.620448927499986,30.17071
689,2014-11-16,2.0A,83.8872671825,34.66129333333333
690,2014-11-17,2.0.DHA,97.35218827333334,60.66320999999999
691,2014-11-17,2.0.DHS,97.989004775,60.77696
692,2014-11-17,2.0A,120.73310210416666,65.26754333333334
693,2014-11-18,2.0.DHA,104.76412875166666,66.39071
694,2014-11-18,2.0.DHS,105.35403407083334,66.50445999999998
695,2014-11-18,2.0A,128.8173506175,70.99504333333333
696,2014-11-19,2.0.DHA,102.33162098166666,64.20321
697,2014-11-19,2.0.DHS,102.93563474000003,64.31696
698,2014-11-19,2.0A,126.24917341916665,68.80754333333333
699,2014-11-20,2.0.DHA,92.59444841333335,55.78737666666666
700,2014-11-20,2.0.DHS,93.11222566833334,55.90112666666666
701,2014-11-20,2.0A,116.25895798166665,60.391709999999996
702,2014-11-21,2.0.DHA,95.85833646916664,58.22446
703,2014-11-21,2.0.DHS,96.4770796275,58.338210000000004
704,2014-11-21,2.0A,119.68970363250001,62.82879333333333
705,2014-11-22,2.0.DHA,91.88889770083334,56.389043333333326
706,2014-11-22,2.0.DHS,92.42455782666669,56.50279333333333
707,2014-11-22,2.0A,115.21630496166665,60.99337666666665
708,2014-11-23,2.0.DHA,82.46463091666668,48.66654333333333
709,2014-11-23,2.0.DHS,82.8466739275,48.780293333333326
710,2014-11-23,2.0A,105.15052593249997,53.27087666666666
711,2014-11-24,2.0.DHA,107.86762243999999,69.64029333333335
712,2014-11-24,2.0.DHS,108.4452356083333,69.75404333333334
713,2014-11-24,2.0A,131.6708229375,74.24462666666666
714,2014-11-25,2.0.DHA,116.24968125166664,76.21445999999999
715,2014-11-25,2.0.DHS,116.88326490416667,76.32821
716,2014-11-25,2.0A,140.5630331175,80.81879333333333
717,2014-11-26,2.0.DHA,116.60568514833331,76.44862666666667
718,2014-11-26,2.0.DHS,117.24402098999998,76.56237666666667
719,2014-11-26,2.0A,140.90848383583335,81.05296000000001
720,2014-11-27,2.0.DHA,97.57392424666665,59.962376666666664
721,2014-11-27,2.0.DHS,98.11443900166667,60.076126666666674
722,2014-11-27,2.0A,121.50185214833334,64.56671
723,2014-11-28,2.0.DHA,87.73732396916665,51.44237666666667
724,2014-11-28,2.0.DHS,88.40879171083333,51.55612666666667
725,2014-11-28,2.0A,111.07716029916666,56.04671
726,2014-11-29,2.0.DHA,91.35308853416664,55.84196000000002
727,2014-11-29,2.0.DHS,91.94179324333332,55.95571000000001
728,2014-11-29,2.0A,114.58207287833334,60.44629333333335
729,2014-11-30,2.0.DHA,71.52149966666666,39.044043333333335
730,2014-11-30,2.0.DHS,71.83512684416665,39.15779333333334
731,2014-11-30,2.0A,94.20899384916667,43.64837666666667
732,2014-12-01,2.0.DHA,91.85458154833331,54.367376666666665
733,2014-12-01,2.0.DHS,92.67434410416666,54.48112666666666
734,2014-12-01,2.0A,115.63073562,58.97171
735,2014-12-02,2.0.DHA,92.5077745125,56.48237666666668
736,2014-12-02,2.0.DHS,93.21014626000003,56.596126666666684
737,2014-12-02,2.0A,116.23388530666665,61.086710000000004
738,2014-12-03,2.0.DHA,103.41613134166666,66.13987666666667
739,2014-12-03,2.0.DHS,104.09613128916668,66.25362666666668
740,2014-12-03,2.0A,127.29274183583334,70.74421000000001
741,2014-12-04,2.0.DHA,110.177485135,71.30112666666666
742,2014-12-04,2.0.DHS,110.92787155833332,71.41487666666666
743,2014-12-04,2.0A,134.4648262875,75.90545999999999
744,2014-12-05,2.0.DHA,107.85667583333333,67.21904333333333
745,2014-12-05,2.0.DHS,108.75820757000001,67.33279333333334
746,2014-12-05,2.0A,132.41625777333329,71.82337666666666
747,2014-12-06,2.0.DHA,88.26741791666666,55.00987666666666
748,2014-12-06,2.0.DHS,88.78274936416666,55.123626666666674
749,2014-12-06,2.0A,110.82950516416668,59.614210000000014
750,2014-12-07,2.0.DHA,81.92558212166666,47.41446
751,2014-12-07,2.0.DHS,82.49177247083331,47.52821
752,2014-12-07,2.0A,104.79962345833333,52.01879333333334
753,2014-12-08,2.0.DHA,91.13372704666669,56.86946
754,2014-12-08,2.0.DHS,91.73563815,56.98320999999999
755,2014-12-08,2.0A,114.06759882749998,61.47379333333331
756,2014-12-09,2.0.DHA,90.96977034583334,55.19279333333333
757,2014-12-09,2.0.DHS,91.63498001,55.306543333333344
758,2014-12-09,2.0A,114.6851965566667,59.79712666666668
759,2014-12-10,2.0.DHA,101.59097134166667,64.47695999999999
760,2014-12-10,2.0.DHS,102.21345628916669,64.59070999999999
761,2014-12-10,2.0A,125.54198016916665,69.08129333333333
762,2014-12-11,2.0.DHA,104.37722055166665,66.36737666666666
763,2014-12-11,2.0.DHS,105.081598225,66.48112666666667
764,2014-12-11,2.0A,128.42500003749998,70.97171
765,2014-12-12,2.0.DHA,101.7762745833333,62.18570999999999
766,2014-12-12,2.0.DHS,102.56537465333332,62.29946
767,2014-12-12,2.0A,126.17788777333335,66.79004333333334
768,2014-12-13,2.0.DHA,93.19696009166667,56.520293333333335
769,2014-12-13,2.0.DHS,93.98110646416667,56.634043333333324
770,2014-12-13,2.0A,116.61681352499998,61.12462666666665
771,2014-12-14,2.0.DHA,96.64058545500002,60.23987666666665
772,2014-12-14,2.0.DHS,97.28428372083333,60.35362666666666
773,2014-12-14,2.0A,119.80293220833335,64.84420999999999
774,2014-12-15,2.0.DHA,106.83761904833331,66.95987666666666
775,2014-12-15,2.0.DHS,107.66678743750002,67.07362666666666
776,2014-12-15,2.0A,130.9588677033333,71.56420999999999
777,2014-12-16,2.0.DHA,96.70629242916665,60.06571
778,2014-12-16,2.0.DHS,97.35306042666666,60.179460000000006
779,2014-12-16,2.0A,120.65335447333332,64.67004333333334
780,2014-12-17,2.0.DHA,95.07358259166666,58.91570999999999
781,2014-12-17,2.0.DHS,95.68623503916666,59.02946
782,2014-12-17,2.0A,118.82964266916667,63.52004333333333
783,2014-12-18,2.0.DHA,102.49971513500002,64.79696
784,2014-12-18,2.0.DHS,103.24793489166666,64.91071000000001
785,2014-12-18,2.0A,126.4887112875,69.40129333333333
786,2014-12-19,2.0.DHA,109.95540125000001,69.01654333333333
787,2014-12-19,2.0.DHS,110.89197007000001,69.13029333333333
788,2014-12-19,2.0A,134.48261777333332,73.62087666666666
789,2014-12-20,2.0.DHA,98.52399134166666,61.16571
790,2014-12-20,2.0.DHS,99.28145729750001,61.27945999999999
791,2014-12-20,2.0A,122.12186935833334,65.77004333333333
792,2014-12-21,2.0.DHA,94.89828295500001,58.70154333333334
793,2014-12-21,2.0.DHS,95.55980247083335,58.81529333333334
794,2014-12-21,2.0A,117.99410762499998,63.30587666666667
795,2014-12-22,2.0.DHA,105.43190321499999,65.80154333333333
796,2014-12-22,2.0.DHS,106.23441702083335,65.91529333333334
797,2014-12-22,2.0A,129.59507520333335,70.40587666666666
798,2014-12-23,2.0.DHA,104.76227617916668,67.03362666666668
799,2014-12-23,2.0.DHS,105.44335042666667,67.14737666666667
800,2014-12-23,2.0A,128.85143238999999,71.63796
801,2014-12-24,2.0.DHA,95.98855634166665,59.569876666666666
802,2014-12-24,2.0.DHS,96.47593837250001,59.68362666666667
803,2014-12-24,2.0A,119.93783558583333,64.17421
804,2014-12-25,2.0.DHA,96.27801181000001,55.868210000000005
805,2014-12-25,2.0.DHS,96.9379034575,55.981959999999994
806,2014-12-25,2.0A,120.52585834416665,60.47254333333333
807,2014-12-26,2.0.DHA,97.05534499999999,58.26487666666667
808,2014-12-26,2.0.DHS,97.78703673666665,58.37862666666667
809,2014-12-26,2.0A,121.15212443999998,62.86921
810,2014-12-27,2.0.DHA,84.54338050833333,49.26445999999999
811,2014-12-27,2.0.DHS,85.13124938083334,49.37820999999999
812,2014-12-27,2.0A,108.00726644166667,53.868793333333336
813,2014-12-28,2.0.DHA,66.875717955,34.24071
814,2014-12-28,2.0.DHS,67.25237747083334,34.35446000000001
815,2014-12-28,2.0A,89.49834304166666,38.845043333333344
816,2014-12-29,2.0.DHA,84.509540715,48.17946
817,2014-12-29,2.0.DHS,85.2768211875,48.293209999999995
818,2014-12-29,2.0A,107.91356062,52.783793333333335
819,2014-12-30,2.0.DHA,89.25406659583332,53.79821000000001
820,2014-12-30,2.0.DHS,89.96057542666665,53.91196
821,2014-12-30,2.0A,112.80383322333331,58.40254333333334
822,2014-12-31,2.0.DHA,94.33694259166667,58.20237666666667
823,2014-12-31,2.0.DHS,94.83385587250001,58.31612666666667
824,2014-12-31,2.0A,118.18950766916669,62.80671000000001
825,2015-01-01,2.0.DHA,102.00360600541666,61.439826666666676
826,2015-01-01,2.0.DHS,102.63035294708334,61.553576666666665
827,2015-01-01,2.0A,126.20083770416663,66.04416000000002
828,2015-01-02,2.0.DHA,107.43298122208331,67.65357666666667
829,2015-01-02,2.0.DHS,108.20659460208333,67.76732666666668
830,2015-01-02,2.0A,131.80495693458334,72.25791
831,2015-01-03,2.0.DHA,103.93557331583332,66.59691
832,2015-01-03,2.0.DHS,104.78992618666665,66.71066
833,2015-01-03,2.0A,127.61435815000003,71.20124333333332
834,2015-01-04,2.0.DHA,94.04589912541665,59.38774333333333
835,2015-01-04,2.0.DHS,94.57535970125001,59.501493333333336
836,2015-01-04,2.0A,116.90236947624999,63.99207666666667
837,2015-01-05,2.0.DHA,112.57994155166665,72.70649333333334
838,2015-01-05,2.0.DHS,113.41991584291668,72.82024333333332
839,2015-01-05,2.0A,136.70353895333332,77.31082666666666
840,2015-01-06,2.0.DHA,106.02449887125,66.84816000000001
841,2015-01-06,2.0.DHS,106.75175191791665,66.96191
842,2015-01-06,2.0A,130.29154115458334,71.45249333333334
843,2015-01-07,2.0.DHA,118.61215367333334,77.30357666666667
844,2015-01-07,2.0.DHS,119.55953424249999,77.41732666666665
845,2015-01-07,2.0A,143.23198689249998,81.90791
846,2015-01-08,2.0.DHA,119.02241289916664,77.50732666666666
847,2015-01-08,2.0.DHS,119.89581937958332,77.62107666666668
848,2015-01-08,2.0A,143.67740706375002,82.11166000000001
849,2015-01-09,2.0.DHA,116.54653955541666,75.25607666666664
850,2015-01-09,2.0.DHS,117.45668501875001,75.36982666666664
851,2015-01-09,2.0A,141.16940276791664,79.86040999999999
852,2015-01-10,2.0.DHA,106.63613914916668,68.80274333333334
853,2015-01-10,2.0.DHS,107.54771660333334,68.91649333333332
854,2015-01-10,2.0A,130.33072856666666,73.40707666666668
855,2015-01-11,2.0.DHA,95.29516412541666,60.53941000000001
856,2015-01-11,2.0.DHS,95.80330428458335,60.65316000000001
857,2015-01-11,2.0A,118.15968822625001,65.14374333333335
858,2015-01-12,2.0.DHA,109.72643321833333,70.19149333333333
859,2015-01-12,2.0.DHS,110.59454792625,70.30524333333331
860,2015-01-12,2.0A,133.74641187,74.79582666666667
861,2015-01-13,2.0.DHA,108.31292970458334,68.72191
862,2015-01-13,2.0.DHS,109.16787191791666,68.83565999999999
863,2015-01-13,2.0A,132.54625240458333,73.32624333333334
864,2015-01-14,2.0.DHA,113.79457617333333,73.17441000000001
865,2015-01-14,2.0.DHS,114.72294507583335,73.28816000000002
866,2015-01-14,2.0A,138.25460772583335,77.77874333333335
867,2015-01-15,2.0.DHA,97.65005498250001,59.43565999999999
868,2015-01-15,2.0.DHS,98.44629979624999,59.549409999999995
869,2015-01-15,2.0A,121.76605331375002,64.03999333333333
870,2015-01-16,2.0.DHA,103.35173038875001,64.15232666666667
871,2015-01-16,2.0.DHS,104.27262251874998,64.26607666666666
872,2015-01-16,2.0A,127.60760860125002,68.75666000000001
873,2015-01-17,2.0.DHA,96.04929373249998,59.56274333333334
874,2015-01-17,2.0.DHS,96.87963660333332,59.676493333333326
875,2015-01-17,2.0A,119.58328565000001,64.16707666666666
876,2015-01-18,2.0.DHA,91.04452495874999,56.635659999999994
877,2015-01-18,2.0.DHS,91.56659886791665,56.749410000000005
878,2015-01-18,2.0A,113.81648697625,61.239993333333324
879,2015-01-19,2.0.DHA,103.707699885,65.09357666666665
880,2015-01-19,2.0.DHS,104.57948167625,65.20732666666665
881,2015-01-19,2.0A,127.55808687000001,69.69790999999998
882,2015-01-20,2.0.DHA,113.3283259545833,72.94024333333334
883,2015-01-20,2.0.DHS,114.28648066791668,73.05399333333334
884,2015-01-20,2.0A,137.65717948791666,77.54457666666667
885,2015-01-21,2.0.DHA,104.06172742333335,64.97982666666667
886,2015-01-21,2.0.DHS,104.84971840916667,65.09357666666668
887,2015-01-21,2.0A,128.40850314250002,69.58416000000001
888,2015-01-22,2.0.DHA,101.44316539916667,62.70149333333334
889,2015-01-22,2.0.DHS,102.25489562958334,62.81524333333334
890,2015-01-22,2.0A,125.56439331374997,67.30582666666668
891,2015-01-23,2.0.DHA,104.99359080541666,65.55399333333334
892,2015-01-23,2.0.DHS,105.86644335208332,65.66774333333333
893,2015-01-23,2.0A,129.32012193458334,70.15832666666667
894,2015-01-24,2.0.DHA,95.2318912325,59.05274333333333
895,2015-01-24,2.0.DHS,95.98478118666667,59.166493333333335
896,2015-01-24,2.0A,118.73079606666666,63.65707666666666
897,2015-01-25,2.0.DHA,88.09953079208334,54.07815999999999
898,2015-01-25,2.0.DHS,88.58125053458333,54.191909999999986
899,2015-01-25,2.0A,110.84806989291667,58.68249333333333
900,2015-01-26,2.0.DHA,108.980753635,69.54774333333334
901,2015-01-26,2.0.DHS,109.90386667625,69.66149333333335
902,2015-01-26,2.0A,132.93428312,74.15207666666667
903,2015-01-27,2.0.DHA,105.84303387125,66.58316000000002
904,2015-01-27,2.0.DHS,106.71929400125003,66.69691000000002
905,2015-01-27,2.0A,130.10505198791668,71.18749333333335
906,2015-01-28,2.0.DHA,108.37371492333334,68.65274333333333
907,2015-01-28,2.0.DHS,109.26575424250001,68.76649333333333
908,2015-01-28,2.0A,132.63026897583333,73.25707666666666
909,2015-01-29,2.0.DHA,93.12037039916669,55.59524333333332
910,2015-01-29,2.0.DHS,93.82110021291668,55.708993333333325
911,2015-01-29,2.0A,117.27198706375002,60.19957666666667
912,2015-01-30,2.0.DHA,81.36356997208334,45.700660000000006
913,2015-01-30,2.0.DHS,82.15228460208334,45.81441000000001
914,2015-01-30,2.0A,104.96044735125001,50.304993333333336
915,2015-01-31,2.0.DHA,63.89913498250001,31.848159999999996
916,2015-01-31,2.0.DHS,64.43857952,31.96191
917,2015-01-31,2.0A,86.83311648333331,36.45249333333333
918,2015-02-01,2.0.DHA,65.02911728333333,32.06066
919,2015-02-01,2.0.DHS,65.52400813458333,32.17441
920,2015-02-01,2.0A,88.03415624916664,36.66499333333333
921,2015-02-02,2.0.DHA,98.08758460125001,60.59566
922,2015-02-02,2.0.DHS,98.89638435708333,60.70941000000001
923,2015-02-02,2.0A,121.67191281125001,65.19999333333332
924,2015-02-03,2.0.DHA,92.02891288458335,55.17232666666666
925,2015-02-03,2.0.DHS,92.77392287125002,55.286076666666666
926,2015-02-03,2.0A,115.36837985416666,59.77666
927,2015-02-04,2.0.DHA,88.17526260208335,52.26107666666667
928,2015-02-04,2.0.DHS,88.910009905,52.37482666666667
929,2015-02-04,2.0A,111.5895745320833,56.865410000000004
930,2015-02-05,2.0.DHA,91.27440773291669,54.99357666666666
931,2015-02-05,2.0.DHS,92.00592993458336,55.107326666666665
932,2015-02-05,2.0A,114.59107430625001,59.597910000000006
933,2015-02-06,2.0.DHA,95.64669429083334,59.12316000000001
934,2015-02-06,2.0.DHS,96.49232765666665,59.23691
935,2015-02-06,2.0A,119.24304516625001,63.72749333333335
936,2015-02-07,2.0.DHA,104.12285694958335,65.71691000000001
937,2015-02-07,2.0.DHS,104.81699122583335,65.83066000000001
938,2015-02-07,2.0A,127.60402570708332,70.32124333333333
939,2015-02-08,2.0.DHA,90.86359686666668,54.050660000000015
940,2015-02-08,2.0.DHS,91.63433480125,54.16441000000001
941,2015-02-08,2.0A,114.63791458250002,58.654993333333344
942,2015-02-09,2.0.DHA,102.08676668458332,63.89441
943,2015-02-09,2.0.DHS,102.95480477374998,64.00816000000002
944,2015-02-09,2.0A,125.5527707279167,68.49874333333334
945,2015-02-10,2.0.DHA,111.54827205125001,71.87732666666668
946,2015-02-10,2.0.DHS,112.44700203791668,71.99107666666667
947,2015-02-10,2.0A,135.34073652083336,76.48166
948,2015-02-11,2.0.DHA,115.13795093541665,75.38482666666668
949,2015-02-11,2.0.DHS,116.10493740499999,75.49857666666666
950,2015-02-11,2.0A,138.98852328208335,79.98916
951,2015-02-12,2.0.DHA,116.90828231624998,77.08607666666666
952,2015-02-12,2.0.DHS,117.81733160124999,77.19982666666665
953,2015-02-12,2.0A,140.77888555625003,81.69041
954,2015-02-13,2.0.DHA,100.43950554083334,63.27316
955,2015-02-13,2.0.DHS,101.23140307333334,63.38691
956,2015-02-13,2.0A,124.22490308291668,67.87749333333333
957,2015-02-14,2.0.DHA,88.31769736625002,52.276076666666654
958,2015-02-14,2.0.DHS,88.89795372583335,52.38982666666666
959,2015-02-14,2.0A,111.62567612375,56.88040999999999
960,2015-02-15,2.0.DHA,79.25371478333331,44.06857666666667
961,2015-02-15,2.0.DHS,79.99627605125,44.182326666666675
962,2015-02-15,2.0A,102.56309958249999,48.67291000000001
963,2015-02-16,2.0.DHA,103.06139501791664,64.85316
964,2015-02-16,2.0.DHS,103.90528560708331,64.96691
965,2015-02-16,2.0A,126.70824072791667,69.45749333333335
966,2015-02-17,2.0.DHA,88.09365163458334,51.869409999999995
967,2015-02-17,2.0.DHS,88.77518912125002,51.983160000000005
968,2015-02-17,2.0A,111.46375735416667,56.47374333333334
969,2015-02-18,2.0.DHA,95.38634218541667,58.40607666666667
970,2015-02-18,2.0.DHS,96.22025615500002,58.51982666666666
971,2015-02-18,2.0A,118.82548453208335,63.01041
972,2015-02-19,2.0.DHA,107.86130564958336,69.27899333333335
973,2015-02-19,2.0.DHS,108.61249451791667,69.39274333333334
974,2015-02-19,2.0A,131.54405555625002,73.88332666666666
975,2015-02-20,2.0.DHA,102.05984345749998,64.67566
976,2015-02-20,2.0.DHS,102.84718182333332,64.78940999999999
977,2015-02-20,2.0A,125.83065141625003,69.27999333333334
978,2015-02-21,2.0.DHA,83.34702736625002,48.17899333333333
979,2015-02-21,2.0.DHS,83.85524622583334,48.29274333333333
980,2015-02-21,2.0A,106.72417279041666,52.78332666666666
981,2015-02-22,2.0.DHA,65.48146353333333,32.451910000000005
982,2015-02-22,2.0.DHS,65.99477438458332,32.56566
983,2015-02-22,2.0A,88.57789749916667,37.056243333333335
984,2015-02-23,2.0.DHA,78.38104251791667,43.67649333333333
985,2015-02-23,2.0.DHS,79.05482560708333,43.790243333333336
986,2015-02-23,2.0A,101.52703364458335,48.28082666666666
987,2015-02-24,2.0.DHA,74.43932246791665,40.15107666666667
988,2015-02-24,2.0.DHS,75.04776745458334,40.26482666666667
989,2015-02-24,2.0A,97.48361735416667,44.755410000000005
990,2015-02-25,2.0.DHA,82.39800218541666,47.29066
991,2015-02-25,2.0.DHS,83.06342448833333,47.404410000000006
992,2015-02-25,2.0A,105.68335119875,51.89499333333335
993,2015-02-26,2.0.DHA,89.57711231625001,53.55691000000001
994,2015-02-26,2.0.DHS,90.22945826791668,53.670660000000005
995,2015-02-26,2.0A,112.90924013958335,58.161243333333346
996,2015-02-27,2.0.DHA,88.13410512416665,52.61357666666667
997,2015-02-27,2.0.DHS,88.85155682333334,52.72732666666666
998,2015-02-27,2.0A,111.56975683291665,57.217909999999996
999,2015-02-28,2.0.DHA,83.88021361625002,48.393993333333334
1000,2015-02-28,2.0.DHS,84.41417705916668,48.50774333333334
1001,2015-02-28,2.0A,107.03333112374999,52.998326666666664
1002,2015-03-01,2.0.DHA,77.16649003083334,40.75649333333334
1003,2015-03-01,2.0.DHS,77.73486544666666,40.870243333333335
1004,2015-03-01,2.0A,100.73662301208333,45.36082666666667
1005,2015-03-02,2.0.DHA,91.85980676583334,56.00524333333333
1006,2015-03-02,2.0.DHS,92.55567058541668,56.11899333333333
1007,2015-03-02,2.0A,115.09477666166667,60.60957666666667
1008,2015-03-03,2.0.DHA,104.38717591208335,66.86066
1009,2015-03-03,2.0.DHS,105.07384766208334,66.97440999999999
1010,2015-03-03,2.0A,127.98894574625,71.46499333333334
1011,2015-03-04,2.0.DHA,82.34541376624999,48.033993333333335
1012,2015-03-04,2.0.DHS,82.82577636999999,48.14774333333333
1013,2015-03-04,2.0A,105.62137639416666,52.63832666666667
1014,2015-03-05,2.0.DHA,73.78192608541666,40.57982666666666
1015,2015-03-05,2.0.DHS,74.36118283124999,40.693576666666665
1016,2015-03-05,2.0A,96.68448790999999,45.18416
1017,2015-03-06,2.0.DHA,97.48430118875,61.10024333333332
1018,2015-03-06,2.0.DHS,98.18703437791667,61.21399333333333
1019,2015-03-06,2.0A,120.90385398333336,65.70457666666665
1020,2015-03-07,2.0.DHA,97.83371322458333,58.455659999999995
1021,2015-03-07,2.0.DHS,98.53035473375,58.56941
1022,2015-03-07,2.0A,121.4780080358333,63.059993333333324
1023,2015-03-08,2.0.DHA,91.33835211416668,52.46607666666667
1024,2015-03-08,2.0.DHS,91.98467961333334,52.57982666666668
1025,2015-03-08,2.0A,115.32856676208333,57.07041000000001
1026,2015-03-09,2.0.DHA,94.82092509916667,58.64982666666668
1027,2015-03-09,2.0.DHS,95.45332308541667,58.76357666666667
1028,2015-03-09,2.0A,118.32888332833333,63.254160000000006
1029,2015-03-10,2.0.DHA,102.16647216208334,64.86399333333334
1030,2015-03-10,2.0.DHS,102.86126182875,64.97774333333334
1031,2015-03-10,2.0A,125.74298032958332,69.46832666666667
1032,2015-03-11,2.0.DHA,96.44765918291665,60.32982666666666
1033,2015-03-11,2.0.DHS,97.06656553666664,60.44357666666665
1034,2015-03-11,2.0A,119.98327097750003,64.93415999999999
1035,2015-03-12,2.0.DHA,95.50988316875,59.696493333333315
1036,2015-03-12,2.0.DHS,96.09775158125001,59.81024333333332
1037,2015-03-12,2.0A,119.00314374333333,64.30082666666665
1038,2015-03-13,2.0.DHA,89.12030368874998,53.80440999999999
1039,2015-03-13,2.0.DHS,89.72363187791666,53.91815999999999
1040,2015-03-13,2.0A,112.46574606666668,58.40874333333332
1041,2015-03-14,2.0.DHA,91.01106364125,52.92191
1042,2015-03-14,2.0.DHS,91.64750765041667,53.03566
1043,2015-03-14,2.0A,114.61716595250003,57.526243333333326
1044,2015-03-15,2.0.DHA,94.55404878083334,54.88982666666666
1045,2015-03-15,2.0.DHS,95.26795044666666,55.00357666666667
1046,2015-03-15,2.0A,118.41867884541666,59.494159999999994
1047,2015-03-16,2.0.DHA,105.69660384916666,68.12649333333334
1048,2015-03-16,2.0.DHS,106.37172141875,68.24024333333334
1049,2015-03-16,2.0A,129.4090195783333,72.73082666666667
1050,2015-03-17,2.0.DHA,94.82750591208332,58.552743333333325
1051,2015-03-17,2.0.DHS,95.41891974541666,58.66649333333333
1052,2015-03-17,2.0A,118.33479616291663,63.157076666666654
1053,2015-03-18,2.0.DHA,94.36079168291668,58.54691
1054,2015-03-18,2.0.DHS,94.95485137000003,58.66066000000001
1055,2015-03-18,2.0A,117.83317431083331,63.15124333333333
1056,2015-03-19,2.0.DHA,86.70875358541667,52.00940999999998
1057,2015-03-19,2.0.DHS,87.26103366458334,52.12315999999999
1058,2015-03-19,2.0A,110.01782624333333,56.613743333333325
1059,2015-03-20,2.0.DHA,86.47948910541668,51.504409999999986
1060,2015-03-20,2.0.DHS,87.09315521125001,51.61815999999999
1061,2015-03-20,2.0A,109.76713315,56.10874333333333
1062,2015-03-21,2.0.DHA,94.11833447458334,55.44482666666667
1063,2015-03-21,2.0.DHS,94.77685098374998,55.558576666666674
1064,2015-03-21,2.0A,117.72897053583331,60.04915999999999
1065,2015-03-22,2.0.DHA,94.18874086416668,54.555243333333344
1066,2015-03-22,2.0.DHS,94.91498294666668,54.66899333333333
1067,2015-03-22,2.0A,118.02109384541666,59.15957666666667
1068,2015-03-23,2.0.DHA,103.20656759916666,65.98066
1069,2015-03-23,2.0.DHS,103.82520641874999,66.09441000000001
1070,2015-03-23,2.0A,126.93189207833336,70.58499333333333
1071,2015-03-24,2.0.DHA,94.33615382874997,58.13857666666666
1072,2015-03-24,2.0.DHS,94.99369474541665,58.252326666666654
1073,2015-03-24,2.0A,117.69975157958334,62.742909999999995
1074,2015-03-25,2.0.DHA,89.81480543291666,54.49524333333332
1075,2015-03-25,2.0.DHS,90.43766178666665,54.60899333333333
1076,2015-03-25,2.0A,113.2138438941667,59.09957666666667
1077,2015-03-26,2.0.DHA,92.38940108541665,56.944410000000005
1078,2015-03-26,2.0.DHS,93.01084949791665,57.058159999999994
1079,2015-03-26,2.0A,115.74979666000003,61.548743333333334
1080,2015-03-27,2.0.DHA,94.23112577208336,58.261076666666646
1081,2015-03-27,2.0.DHS,94.89142229458334,58.37482666666665
1082,2015-03-27,2.0A,117.61828898333333,62.86540999999999
1083,2015-03-28,2.0.DHA,95.58775239125002,56.75107666666667
1084,2015-03-28,2.0.DHS,96.28994265041666,56.864826666666666
1085,2015-03-28,2.0A,119.28266678583334,61.355410000000006
1086,2015-03-29,2.0.DHA,84.72336769565217,46.1807143478261
1087,2015-03-29,2.0.DHS,85.41654797,46.31423608695653
1088,2015-03-29,2.0A,107.15654163000004,50.63280130434783
1089,2015-03-30,2.0.DHA,90.92863458041666,55.07066
1090,2015-03-30,2.0.DHS,91.37516600208333,55.18440999999999
1091,2015-03-30,2.0A,114.14642457833334,59.674993333333326
1092,2015-03-31,2.0.DHA,91.42240881,55.497743333333325
1093,2015-03-31,2.0.DHS,91.86377891208332,55.61149333333333
1094,2015-03-31,2.0A,114.61289616291668,60.102076666666655
1095,2015-04-01,2.0.DHA,77.56463571708335,43.815243333333335
1096,2015-04-01,2.0.DHS,77.92692067791667,43.92899333333333
1097,2015-04-01,2.0A,100.53975729541666,48.41957666666667
1098,2015-04-02,2.0.DHA,86.92701389958334,51.65899333333332
1099,2015-04-02,2.0.DHS,87.32428703249998,51.77274333333333
1100,2015-04-02,2.0A,110.06832208458336,56.26332666666665
1101,2015-04-03,2.0.DHA,89.90043934291667,53.33274333333332
1102,2015-04-03,2.0.DHS,90.41246802333335,53.44649333333333
1103,2015-04-03,2.0A,113.41906265541668,57.93707666666665
1104,2015-04-04,2.0.DHA,76.94643457291667,41.92691
1105,2015-04-04,2.0.DHS,77.37033716041667,42.04066
1106,2015-04-04,2.0A,100.27014546458332,46.53124333333334
1107,2015-04-05,2.0.DHA,75.00344303208334,39.54691
1108,2015-04-05,2.0.DHS,75.52945896625,39.66065999999999
1109,2015-04-05,2.0A,98.36107944333332,44.15124333333333
1110,2015-04-06,2.0.DHA,87.82580927458336,52.664410000000004
1111,2015-04-06,2.0.DHS,88.20899615125,52.77816000000001
1112,2015-04-06,2.0A,111.13608388041665,57.26874333333334
1113,2015-04-07,2.0.DHA,94.00082175333334,57.95690999999999
1114,2015-04-07,2.0.DHS,94.48945112333332,58.07066
1115,2015-04-07,2.0A,117.36948993291666,62.561243333333344
1116,2015-04-08,2.0.DHA,89.49374905041667,54.08357666666666
1117,2015-04-08,2.0.DHS,89.97283151124999,54.19732666666666
1118,2015-04-08,2.0A,112.62321937874997,58.68790999999999
1119,2015-04-09,2.0.DHA,100.71831639958334,63.70066
1120,2015-04-09,2.0.DHS,101.2160970325,63.81441
1121,2015-04-09,2.0A,124.13728750125,68.30499333333334
1122,2015-04-10,2.0.DHA,107.26199309291668,68.06441
1123,2015-04-10,2.0.DHS,107.98334802333335,68.17815999999999
1124,2015-04-10,2.0A,131.05005223875,72.66874333333332
1125,2015-04-11,2.0.DHA,101.01913873958331,62.128993333333334
1126,2015-04-11,2.0.DHS,101.63710007708335,62.24274333333333
1127,2015-04-11,2.0A,124.73346379791667,66.73332666666666
1128,2015-04-12,2.0.DHA,86.05214553208333,48.84566000000001
1129,2015-04-12,2.0.DHS,86.59902271624999,48.95941
1130,2015-04-12,2.0A,109.81293694333334,53.449993333333346
1131,2015-04-13,2.0.DHA,95.87484677458333,59.78607666666667
1132,2015-04-13,2.0.DHS,96.33786448458335,59.89982666666666
1133,2015-04-13,2.0A,119.22753763041663,64.39041
1134,2015-04-14,2.0.DHA,90.81561467,55.12482666666666
1135,2015-04-14,2.0.DHS,91.33372362333334,55.23857666666667
1136,2015-04-14,2.0A,114.07870201625,59.729159999999986
1137,2015-04-15,2.0.DHA,97.11400488375,60.778993333333325
1138,2015-04-15,2.0.DHS,97.64518192791668,60.892743333333335
1139,2015-04-15,2.0A,120.36045146208333,65.38332666666666
1140,2015-04-16,2.0.DHA,99.76449598291664,62.880660000000006
1141,2015-04-16,2.0.DHS,100.24004078249999,62.99441000000001
1142,2015-04-16,2.0A,123.25984208458335,67.48499333333334
1143,2015-04-17,2.0.DHA,107.53239975958336,68.28441000000002
1144,2015-04-17,2.0.DHS,108.25755552333334,68.39816000000002
1145,2015-04-17,2.0A,131.32183265541664,72.88874333333335
1146,2015-04-18,2.0.DHA,98.65510665624998,60.270243333333326
1147,2015-04-18,2.0.DHS,99.23855799374998,60.383993333333336
1148,2015-04-18,2.0A,122.45730129791663,64.87457666666666
1149,2015-04-19,2.0.DHA,94.81404136541666,55.899409999999996
1150,2015-04-19,2.0.DHS,95.48426479958333,56.01315999999999
1151,2015-04-19,2.0A,118.5492977766667,60.503743333333325
1152,2015-04-20,2.0.DHA,104.93973135791664,67.68482666666667
1153,2015-04-20,2.0.DHS,105.39386531791666,67.79857666666668
1154,2015-04-20,2.0A,128.52726471375,72.28916000000002
1155,2015-04-21,2.0.DHA,96.47985092,60.07982666666666
1156,2015-04-21,2.0.DHS,96.99372570666667,60.193576666666665
1157,2015-04-21,2.0A,119.89448576625,64.68415999999999
1158,2015-04-22,2.0.DHA,99.06870280041669,62.51732666666667
1159,2015-04-22,2.0.DHS,99.62618192791666,62.631076666666665
1160,2015-04-22,2.0A,122.39612104541668,67.12166
1161,2015-04-23,2.0.DHA,111.54921764958333,73.07024333333334
1162,2015-04-23,2.0.DHS,112.0861820325,73.18399333333335
1163,2015-04-23,2.0A,135.19516291791663,77.67457666666668
1164,2015-04-24,2.0.DHA,109.48072059291667,70.05482666666666
1165,2015-04-24,2.0.DHS,110.12511594000001,70.16857666666665
1166,2015-04-24,2.0A,133.43709348874998,74.65915999999999
1167,2015-04-25,2.0.DHA,100.23782748958335,61.39982666666668
1168,2015-04-25,2.0.DHS,100.86454091041668,61.51357666666667
1169,2015-04-25,2.0A,123.87571921458334,66.00416
1170,2015-04-26,2.0.DHA,89.27889178208333,51.37899333333334
1171,2015-04-26,2.0.DHS,89.92338396625,51.492743333333344
1172,2015-04-26,2.0A,112.92655944333335,55.98332666666667
1173,2015-04-27,2.0.DHA,92.80797385791665,57.04107666666669
1174,2015-04-27,2.0.DHS,93.25504156791665,57.15482666666668
1175,2015-04-27,2.0A,116.10318221375002,61.64541000000002
1176,2015-04-28,2.0.DHA,105.75862758666666,68.04399333333333
1177,2015-04-28,2.0.DHS,106.3523457066667,68.15774333333333
1178,2015-04-28,2.0A,129.2292990995833,72.64832666666669
1179,2015-04-29,2.0.DHA,109.26358446708336,71.38191
1180,2015-04-29,2.0.DHS,109.79834567791669,71.49566
1181,2015-04-29,2.0A,132.84447771208337,75.98624333333332
1182,2015-04-30,2.0.DHA,103.46976348291668,66.10857666666668
1183,2015-04-30,2.0.DHS,103.91328619916668,66.22232666666666
1184,2015-04-30,2.0A,127.07004333458333,70.71291000000001
1185,2015-05-01,2.0.DHA,95.50926985791666,56.71191000000001
1186,2015-05-01,2.0.DHS,96.20894524375,56.82566
1187,2015-05-01,2.0A,119.18451011875,61.31624333333334
1188,2015-05-02,2.0.DHA,94.10054889541668,57.52607666666666
1189,2015-05-02,2.0.DHS,94.574741385,57.639826666666664
1190,2015-05-02,2.0A,117.53227552166668,62.130410000000005
1191,2015-05-03,2.0.DHA,94.00594422041671,56.47524333333332
1192,2015-05-03,2.0.DHS,94.5777498516667,56.58899333333333
1193,2015-05-03,2.0A,117.411361515,61.07957666666666
1194,2015-05-04,2.0.DHA,94.13547438708333,59.510243333333335
1195,2015-05-04,2.0.DHS,94.45296409416669,59.623993333333324
1196,2015-05-04,2.0A,117.42957380124999,64.11457666666668
1197,2015-05-05,2.0.DHA,92.45059600625,57.751493333333336
1198,2015-05-05,2.0.DHS,92.92447448666667,57.865243333333325
1199,2015-05-05,2.0A,115.35330395166666,62.355826666666665
1200,2015-05-06,2.0.DHA,109.16632587000002,72.39357666666666
1201,2015-05-06,2.0.DHS,109.65790749666668,72.50732666666666
1202,2015-05-06,2.0A,132.48537046166663,76.99790999999999
1203,2015-05-07,2.0.DHA,97.47799828500001,62.196909999999995
1204,2015-05-07,2.0.DHS,97.87270885083332,62.31065999999999
1205,2015-05-07,2.0A,120.73810795458331,66.80124333333335
1206,2015-05-08,2.0.DHA,86.21945488916667,51.96065999999999
1207,2015-05-08,2.0.DHS,86.6081843525,52.07440999999999
1208,2015-05-08,2.0A,109.17137505875,56.56499333333332
1209,2015-05-09,2.0.DHA,103.15712889541668,65.36982666666667
1210,2015-05-09,2.0.DHS,103.65599221833334,65.48357666666668
1211,2015-05-09,2.0A,126.72712218833333,69.97416000000003
1212,2015-05-10,2.0.DHA,93.80897838708334,56.460243333333345
1213,2015-05-10,2.0.DHS,94.30815901833334,56.573993333333334
1214,2015-05-10,2.0A,117.38500193166665,61.06457666666666
1215,2015-05-11,2.0.DHA,100.14932605375002,64.70941
1216,2015-05-11,2.0.DHS,100.52458492750002,64.82316
1217,2015-05-11,2.0A,123.43654088458332,69.31374333333335
1218,2015-05-12,2.0.DHA,100.27265225625,64.70149333333332
1219,2015-05-12,2.0.DHS,100.67640782000001,64.81524333333331
1220,2015-05-12,2.0A,123.4731627016667,69.30582666666665
1221,2015-05-13,2.0.DHA,96.37045920333334,61.12691000000001
1222,2015-05-13,2.0.DHS,96.78792583,61.24066
1223,2015-05-13,2.0A,119.56871796166665,65.73124333333332
1224,2015-05-14,2.0.DHA,90.61692828500001,56.25316
1225,2015-05-14,2.0.DHS,90.99136510083333,56.36691
1226,2015-05-14,2.0A,113.80953878791667,60.85749333333334
1227,2015-05-15,2.0.DHA,89.7423132225,55.22107666666667
1228,2015-05-15,2.0.DHS,90.1309656025,55.334826666666665
1229,2015-05-15,2.0A,112.73876672541667,59.825410000000005
1230,2015-05-16,2.0.DHA,82.83710472874999,47.793993333333326
1231,2015-05-16,2.0.DHS,83.19238013500001,47.907743333333336
1232,2015-05-16,2.0A,106.02289468833334,52.39832666666666
1233,2015-05-17,2.0.DHA,80.61687922041669,45.103159999999995
1234,2015-05-17,2.0.DHS,81.09239568500001,45.21690999999999
1235,2015-05-17,2.0A,103.76786776500002,49.70749333333334
1236,2015-05-18,2.0.DHA,99.41627438708332,64.11107666666665
1237,2015-05-18,2.0.DHS,99.76233242749997,64.22482666666666
1238,2015-05-18,2.0A,122.66520505125,68.71540999999998
1239,2015-05-19,2.0.DHA,88.81062267291668,54.553576666666665
1240,2015-05-19,2.0.DHS,89.15132657,54.66732666666667
1241,2015-05-19,2.0A,111.79983145166666,59.157909999999994
1242,2015-05-20,2.0.DHA,93.07182253666663,58.22232666666667
1243,2015-05-20,2.0.DHS,93.48554999666665,58.33607666666666
1244,2015-05-20,2.0A,116.18062629499998,62.826660000000004
1245,2015-05-21,2.0.DHA,89.57255870166665,55.218160000000005
1246,2015-05-21,2.0.DHS,89.94578968416666,55.33191
1247,2015-05-21,2.0A,112.62648003791669,59.822493333333334
1248,2015-05-22,2.0.DHA,90.8037582225,56.169826666666665
1249,2015-05-22,2.0.DHS,91.15792976916667,56.28357666666667
1250,2015-05-22,2.0A,113.88721255874998,60.77416
1251,2015-05-23,2.0.DHA,84.28701389541666,49.07941
1252,2015-05-23,2.0.DHS,84.70029555166666,49.19316
1253,2015-05-23,2.0A,107.47707302166668,53.68374333333333
1254,2015-05-24,2.0.DHA,82.48525088708334,46.76107666666666
1255,2015-05-24,2.0.DHS,82.94755318500002,46.87482666666667
1256,2015-05-24,2.0A,105.74343568166667,51.36541
1257,2015-05-25,2.0.DHA,95.52096480375,60.617326666666656
1258,2015-05-25,2.0.DHS,95.8668511775,60.73107666666666
1259,2015-05-25,2.0A,118.66012255125001,65.22165999999999
1260,2015-05-26,2.0.DHA,94.65465142291667,59.708993333333346
1261,2015-05-26,2.0.DHS,95.02991490333335,59.82274333333334
1262,2015-05-26,2.0A,117.74123811833334,64.31332666666668
1263,2015-05-27,2.0.DHA,95.75523045333334,60.536910000000006
1264,2015-05-27,2.0.DHS,96.19235833,60.65066000000001
1265,2015-05-27,2.0A,118.84807504500003,65.14124333333332
1266,2015-05-28,2.0.DHA,99.51458911833333,64.00441000000001
1267,2015-05-28,2.0.DHS,99.92194510083333,64.11816000000002
1268,2015-05-28,2.0A,122.73132503791668,68.60874333333335
1269,2015-05-29,2.0.DHA,102.19492530583334,66.29899333333334
1270,2015-05-29,2.0.DHS,102.61278643583331,66.41274333333334
1271,2015-05-29,2.0A,125.4579321420833,70.90332666666667
1272,2015-05-30,2.0.DHA,100.16849431208335,62.770243333333326
1273,2015-05-30,2.0.DHS,100.64786805166669,62.88399333333333
1274,2015-05-30,2.0A,123.69109260499998,67.37457666666667
1275,2015-05-31,2.0.DHA,98.64589297041668,60.55566000000001
1276,2015-05-31,2.0.DHS,99.20907151833332,60.66941
1277,2015-05-31,2.0A,122.28716359833332,65.15999333333333
1278,2015-06-01,2.0.DHA,103.35428900041666,67.13440999999999
1279,2015-06-01,2.0.DHS,103.76375684208334,67.24816
1280,2015-06-01,2.0A,126.74458948583332,71.73874333333332
1281,2015-06-02,2.0.DHA,102.74717521625,67.07857666666665
1282,2015-06-02,2.0.DHS,103.11031439666668,67.19232666666666
1283,2015-06-02,2.0A,126.00964641041666,71.68290999999999
1284,2015-06-03,2.0.DHA,102.63234108125,66.85107666666666
1285,2015-06-03,2.0.DHS,103.05421949333333,66.96482666666667
1286,2015-06-03,2.0A,125.84875457999999,71.45540999999999
1287,2015-06-04,2.0.DHA,103.65581372000003,67.44732666666665
1288,2015-06-04,2.0.DHS,104.07811741625004,67.56107666666665
1289,2015-06-04,2.0A,126.937593365,72.05165999999998
1290,2015-06-05,2.0.DHA,102.88337549416667,66.97565999999999
1291,2015-06-05,2.0.DHS,103.33359678333333,67.08941
1292,2015-06-05,2.0A,126.13231423208332,71.57999333333333
1293,2015-06-06,2.0.DHA,97.09348590125,59.96482666666665
1294,2015-06-06,2.0.DHS,97.57538675625,60.07857666666666
1295,2015-06-06,2.0A,120.49045311083334,64.56916
1296,2015-06-07,2.0.DHA,96.97637427208333,59.15191000000001
1297,2015-06-07,2.0.DHS,97.53866137875,59.265660000000004
1298,2015-06-07,2.0A,120.52433173333333,63.75624333333334
1299,2015-06-08,2.0.DHA,103.75618108374998,67.48899333333334
1300,2015-06-08,2.0.DHS,104.18240100874998,67.60274333333334
1301,2015-06-08,2.0A,127.13251656916668,72.09332666666667
1302,2015-06-09,2.0.DHA,103.67200521625,67.89024333333333
1303,2015-06-09,2.0.DHS,104.08864356333335,68.00399333333334
1304,2015-06-09,2.0A,126.89757307708338,72.49457666666665
1305,2015-06-10,2.0.DHA,103.65725233125004,67.74441
1306,2015-06-10,2.0.DHS,104.08600491,67.85816
1307,2015-06-10,2.0A,126.91501707999998,72.34874333333333
1308,2015-06-11,2.0.DHA,107.90494413666666,71.19899333333333
1309,2015-06-11,2.0.DHS,108.36391283291665,71.31274333333333
1310,2015-06-11,2.0A,131.26593669833332,75.80332666666668
1311,2015-06-12,2.0.DHA,105.1356113275,68.91107666666666
1312,2015-06-12,2.0.DHS,105.58463053333332,69.02482666666667
1313,2015-06-12,2.0A,128.50708714875006,73.51540999999999
1314,2015-06-13,2.0.DHA,105.60829256791665,67.30941
1315,2015-06-13,2.0.DHS,106.13427050625,67.42315999999998
1316,2015-06-13,2.0A,129.21005144416668,71.91374333333333
1317,2015-06-14,2.0.DHA,101.54020468875,63.02649333333334
1318,2015-06-14,2.0.DHS,102.14879346208333,63.14024333333334
1319,2015-06-14,2.0A,125.16444881666666,67.63082666666666
1320,2015-06-15,2.0.DHA,103.11041650041669,66.94149333333334
1321,2015-06-15,2.0.DHS,103.53169850875001,67.05524333333334
1322,2015-06-15,2.0A,126.47849865249998,71.54582666666667
1323,2015-06-16,2.0.DHA,100.24326938291667,64.85399333333335
1324,2015-06-16,2.0.DHS,100.61598273,64.96774333333333
1325,2015-06-16,2.0A,123.43989266041666,69.45832666666668
1326,2015-06-17,2.0.DHA,94.74389483124997,59.90399333333334
1327,2015-06-17,2.0.DHS,95.13495532666667,60.017743333333335
1328,2015-06-17,2.0A,117.84932249666667,64.50832666666668
1329,2015-06-18,2.0.DHA,92.34169372000001,57.471493333333335
1330,2015-06-18,2.0.DHS,92.74241866624999,57.58524333333333
1331,2015-06-18,2.0A,115.33258003166667,62.07582666666667
1332,2015-06-19,2.0.DHA,95.00658382750002,60.02982666666666
1333,2015-06-19,2.0.DHS,95.43754261666665,60.14357666666666
1334,2015-06-19,2.0A,118.09624089875,64.63416
1335,2015-06-20,2.0.DHA,92.04896043875003,57.92691
1336,2015-06-20,2.0.DHS,92.79229714625001,58.04066
1337,2015-06-20,2.0A,115.07992425708335,62.53124333333333
1338,2015-06-21,2.0.DHA,93.34131379458334,59.813993333333336
1339,2015-06-21,2.0.DHS,93.89200075375,59.92774333333333
1340,2015-06-21,2.0A,116.03141549750002,64.41832666666669
1341,2015-06-22,2.0.DHA,109.20181792833334,71.6514933333333
1342,2015-06-22,2.0.DHS,109.58903612708333,71.76524333333332
1343,2015-06-22,2.0A,133.0283162025,76.25582666666665
1344,2015-06-23,2.0.DHA,107.07555724791668,69.29441000000001
1345,2015-06-23,2.0.DHS,107.548816645,69.40816
1346,2015-06-23,2.0A,131.03734886791668,73.89874333333334
1347,2015-06-24,2.0.DHA,107.51052202666665,70.18816000000001
1348,2015-06-24,2.0.DHS,107.96041446124998,70.30191
1349,2015-06-24,2.0A,131.34706012333334,74.79249333333334
1350,2015-06-25,2.0.DHA,109.40652177833334,71.69732666666665
1351,2015-06-25,2.0.DHS,109.8571253325,71.81107666666666
1352,2015-06-25,2.0A,133.30917023291664,76.30166
1353,2015-06-26,2.0.DHA,110.79297704791668,72.71316
1354,2015-06-26,2.0.DHS,111.19486849541669,72.82691
1355,2015-06-26,2.0A,134.79807448208336,77.31749333333332
1356,2015-06-27,2.0.DHA,102.40070210541666,67.08232666666667
1357,2015-06-27,2.0.DHS,103.27484631291668,67.19607666666667
1358,2015-06-27,2.0A,125.61849300708336,71.68666
1359,2015-06-28,2.0.DHA,95.39842296125,61.701076666666665
1360,2015-06-28,2.0.DHS,95.97447408708335,61.814826666666654
1361,2015-06-28,2.0A,118.14027633083337,66.30541
1362,2015-06-29,2.0.DHA,107.29165042833334,69.97899333333335
1363,2015-06-29,2.0.DHS,107.70656071041664,70.09274333333333
1364,2015-06-29,2.0A,131.03820495250002,74.58332666666668
1365,2015-06-30,2.0.DHA,107.81110183124999,69.95482666666668
1366,2015-06-30,2.0.DHS,108.31474122833332,70.06857666666666
1367,2015-06-30,2.0A,131.72211136791668,74.55915999999999
1368,2015-07-01,2.0.DHA,107.34152080708333,70.27649333333333
1369,2015-07-01,2.0.DHS,107.89280202875,70.39024333333333
1370,2015-07-01,2.0A,130.73561719124996,74.88082666666666
1371,2015-07-02,2.0.DHA,112.22791795541666,74.20024333333333
1372,2015-07-02,2.0.DHS,112.80492382124999,74.31399333333334
1373,2015-07-02,2.0A,135.7450137358333,78.80457666666666
1374,2015-07-03,2.0.DHA,108.30732822208331,70.77274333333334
1375,2015-07-03,2.0.DHS,108.81310598541666,70.88649333333333
1376,2015-07-03,2.0A,131.97213765708335,75.37707666666667
1377,2015-07-04,2.0.DHA,102.49228327499999,67.06399333333334
1378,2015-07-04,2.0.DHS,103.22263535583333,67.17774333333334
1379,2015-07-04,2.0A,125.34347181125001,71.66832666666667
1380,2015-07-05,2.0.DHA,95.71790282208333,61.90691
1381,2015-07-05,2.0.DHS,96.20264538208335,62.02066
1382,2015-07-05,2.0A,118.41007349624999,66.51124333333333
1383,2015-07-06,2.0.DHA,106.82441311291666,69.85441
1384,2015-07-06,2.0.DHS,107.29049880083335,69.96816
1385,2015-07-06,2.0A,130.18265834541666,74.45874333333335
1386,2015-07-07,2.0.DHA,108.35516864,71.34191000000001
1387,2015-07-07,2.0.DHS,108.89636718541668,71.45566000000001
1388,2015-07-07,2.0A,131.76872474541665,75.94624333333333
1389,2015-07-08,2.0.DHA,106.58001580708337,69.55774333333335
1390,2015-07-08,2.0.DHS,107.13270161208335,69.67149333333334
1391,2015-07-08,2.0A,129.9189292745833,74.16207666666669
1392,2015-07-09,2.0.DHA,107.62643378875002,70.09524333333333
1393,2015-07-09,2.0.DHS,108.19006965458334,70.20899333333332
1394,2015-07-09,2.0A,130.94161540250002,74.69957666666667
1395,2015-07-10,2.0.DHA,111.09991613875,73.17816
1396,2015-07-10,2.0.DHS,111.61075431875001,73.29191
1397,2015-07-10,2.0A,134.76289140708334,77.78249333333333
1398,2015-07-11,2.0.DHA,102.39367910833333,66.95315999999998
1399,2015-07-11,2.0.DHS,103.07769660583334,67.06691
1400,2015-07-11,2.0A,125.17327181125002,71.55749333333331
1401,2015-07-12,2.0.DHA,98.56465157208333,64.43607666666666
1402,2015-07-12,2.0.DHS,99.05320496541667,64.54982666666666
1403,2015-07-12,2.0A,121.26176599625,69.04041
1404,2015-07-13,2.0.DHA,111.06608394624999,73.59357666666666
1405,2015-07-13,2.0.DHS,111.53659713416664,73.70732666666667
1406,2015-07-13,2.0A,134.44632376208332,78.19791000000001
1407,2015-07-14,2.0.DHA,107.9720265566667,70.93524333333333
1408,2015-07-14,2.0.DHS,108.52927676875002,71.04899333333333
1409,2015-07-14,2.0A,131.29223224541667,75.53957666666666
1410,2015-07-15,2.0.DHA,109.38850330708333,72.02566
1411,2015-07-15,2.0.DHS,109.98734119541666,72.13941
1412,2015-07-15,2.0A,132.7631830245833,76.62999333333336
1413,2015-07-16,2.0.DHA,112.01715587208334,74.04107666666665
1414,2015-07-16,2.0.DHS,112.62261173791667,74.15482666666666
1415,2015-07-16,2.0A,135.4905937358333,78.64541
1416,2015-07-17,2.0.DHA,111.64471613875001,73.64607666666666
1417,2015-07-17,2.0.DHS,112.24762848541666,73.75982666666665
1418,2015-07-17,2.0A,135.24007557375,78.25040999999999
1419,2015-07-18,2.0.DHA,108.29743785833334,72.34190999999998
1420,2015-07-18,2.0.DHS,109.06701452250002,72.45565999999998
1421,2015-07-18,2.0A,131.21561056125,76.94624333333333
1422,2015-07-19,2.0.DHA,101.80705948875,67.42441000000001
1423,2015-07-19,2.0.DHS,102.30453913208335,67.53815999999999
1424,2015-07-19,2.0A,124.52044682958335,72.02874333333334
1425,2015-07-20,2.0.DHA,112.06410977958335,74.49399333333332
1426,2015-07-20,2.0.DHS,112.56538921750001,74.60774333333333
1427,2015-07-20,2.0A,135.42937417875,79.09832666666667
1428,2015-07-21,2.0.DHA,113.09697530666665,75.48316000000001
1429,2015-07-21,2.0.DHS,113.68940385208332,75.59691000000002
1430,2015-07-21,2.0A,136.51502224541665,80.08749333333334
1431,2015-07-22,2.0.DHA,111.74875330708333,74.12649333333333
1432,2015-07-22,2.0.DHS,112.34427327875,74.24024333333334
1433,2015-07-22,2.0A,135.1655192745833,78.73082666666666
1434,2015-07-23,2.0.DHA,113.02388962208335,74.88190999999999
1435,2015-07-23,2.0.DHS,113.65572007125003,74.99566
1436,2015-07-23,2.0A,136.50269456916666,79.48624333333335
1437,2015-07-24,2.0.DHA,108.11062113875,70.56941
1438,2015-07-24,2.0.DHS,108.72850848541667,70.68316
1439,2015-07-24,2.0A,131.67802640708334,75.17374333333333
1440,2015-07-25,2.0.DHA,98.50976410833333,63.391909999999996
1441,2015-07-25,2.0.DHS,99.16426993916666,63.50566
1442,2015-07-25,2.0A,121.22245431124999,67.99624333333334
1443,2015-07-26,2.0.DHA,95.01173282208335,61.29649333333333
1444,2015-07-26,2.0.DHS,95.47253163208332,61.41024333333334
1445,2015-07-26,2.0A,117.69116474625001,65.90082666666666
1446,2015-07-27,2.0.DHA,109.45106686291666,72.10774333333333
1447,2015-07-27,2.0.DHS,109.96163880083333,72.22149333333333
1448,2015-07-27,2.0A,132.76041167874996,76.71207666666666
1449,2015-07-28,2.0.DHA,110.83874322333334,73.47191
1450,2015-07-28,2.0.DHS,111.43470843541668,73.58566
1451,2015-07-28,2.0A,134.22015682874996,78.07624333333332
1452,2015-07-29,2.0.DHA,109.44240247375,72.10232666666666
1453,2015-07-29,2.0.DHS,110.02805702875001,72.21607666666665
1454,2015-07-29,2.0A,132.86767094125003,76.70665999999999
1455,2015-07-30,2.0.DHA,105.71319420541666,68.47357666666666
1456,2015-07-30,2.0.DHS,106.25659590458332,68.58732666666667
1457,2015-07-30,2.0A,129.07087581916667,73.07791000000002
1458,2015-07-31,2.0.DHA,104.15998655541665,67.11440999999998
1459,2015-07-31,2.0.DHS,104.72533181874998,67.22815999999999
1460,2015-07-31,2.0A,127.65351432375,71.71874333333334
1461,2015-08-01,2.0.DHA,99.56359726666666,63.003576666666675
1462,2015-08-01,2.0.DHS,100.13366562333334,63.07166
1463,2015-08-01,2.0A,120.46038276375002,65.77057666666666
1464,2015-08-02,2.0.DHA,92.3991660775,56.35232666666665
1465,2015-08-02,2.0.DHS,92.86132011791665,56.42040999999998
1466,2015-08-02,2.0A,113.49833376916665,59.11932666666667
1467,2015-08-03,2.0.DHA,108.97601215999997,70.56690999999998
1468,2015-08-03,2.0.DHS,109.44343397499996,70.63499333333333
1469,2015-08-03,2.0A,130.46144260333332,73.33390999999999
1470,2015-08-04,2.0.DHA,108.84500200500003,70.10274333333332
1471,2015-08-04,2.0.DHS,109.43280620083335,70.17082666666668
1472,2015-08-04,2.0A,130.36806416708333,72.86974333333335
1473,2015-08-05,2.0.DHA,108.40612525083334,69.79774333333332
1474,2015-08-05,2.0.DHS,108.98917197875001,69.86582666666666
1475,2015-08-05,2.0A,129.98035203583333,72.56474333333334
1476,2015-08-06,2.0.DHA,110.09286117833331,71.26607666666668
1477,2015-08-06,2.0.DHS,110.65603156333333,71.33416000000001
1478,2015-08-06,2.0A,131.68069681166665,74.03307666666667
1479,2015-08-07,2.0.DHA,109.97794835583335,71.24982666666665
1480,2015-08-07,2.0.DHS,110.49528158083335,71.31791
1481,2015-08-07,2.0A,131.60562085541667,74.01682666666669
1482,2015-08-08,2.0.DHA,101.03948726666668,64.29232666666668
1483,2015-08-08,2.0.DHS,101.60600437333335,64.36041000000002
1484,2015-08-08,2.0A,121.92340609708333,67.05932666666668
1485,2015-08-09,2.0.DHA,93.65856899416669,57.36357666666666
1486,2015-08-09,2.0.DHS,94.11861428458336,57.43166
1487,2015-08-09,2.0A,114.72629168583332,60.13057666666668
1488,2015-08-10,2.0.DHA,107.78562424333334,69.44524333333334
1489,2015-08-10,2.0.DHS,108.20647230833335,69.51332666666666
1490,2015-08-10,2.0A,129.21709593666665,72.21224333333332
1491,2015-08-11,2.0.DHA,109.50468950499999,70.70982666666667
1492,2015-08-11,2.0.DHS,110.10812995083332,70.77790999999999
1493,2015-08-11,2.0A,131.07566750041667,73.47682666666667
1494,2015-08-12,2.0.DHA,107.16858150083334,68.73024333333333
1495,2015-08-12,2.0.DHS,107.73869197875,68.79832666666667
1496,2015-08-12,2.0A,128.73855995250003,71.49724333333334
1497,2015-08-13,2.0.DHA,98.95749576166668,61.678993333333345
1498,2015-08-13,2.0.DHS,99.44192864666667,61.74707666666668
1499,2015-08-13,2.0A,120.39097056166669,64.44599333333333
1500,2015-08-14,2.0.DHA,102.55622335583335,64.79232666666668
1501,2015-08-14,2.0.DHS,103.04822824750003,64.86041
1502,2015-08-14,2.0A,123.98226960541668,67.55932666666666
1503,2015-08-15,2.0.DHA,94.94466635750001,58.97566
1504,2015-08-15,2.0.DHS,95.39899401666666,59.04374333333334
1505,2015-08-15,2.0A,116.01143716916664,61.74266000000001
1506,2015-08-16,2.0.DHA,99.38546024416665,62.35441
1507,2015-08-16,2.0.DHS,99.90702928458332,62.422493333333335
1508,2015-08-16,2.0A,120.61016793583332,65.12140999999998
1509,2015-08-17,2.0.DHA,107.38086757666666,69.15441
1510,2015-08-17,2.0.DHS,107.81037855833331,69.22249333333333
1511,2015-08-17,2.0A,128.81766801999999,71.92141
1512,2015-08-18,2.0.DHA,102.80353200500001,64.89065999999998
1513,2015-08-18,2.0.DHS,103.31887078416666,64.95874333333332
1514,2015-08-18,2.0A,124.24247083374998,67.65765999999999
1515,2015-08-19,2.0.DHA,104.22157483416665,66.09899333333333
1516,2015-08-19,2.0.DHS,104.76017656208334,66.16707666666666
1517,2015-08-19,2.0A,125.62945036916666,68.86599333333335
1518,2015-08-20,2.0.DHA,104.66963659499999,66.55941
1519,2015-08-20,2.0.DHS,105.21161698000002,66.62749333333333
1520,2015-08-20,2.0A,126.11643681166665,69.32641
1521,2015-08-21,2.0.DHA,108.88614627249997,70.32357666666665
1522,2015-08-21,2.0.DHS,109.41029949749998,70.39166
1523,2015-08-21,2.0A,130.49316668875,73.09057666666668
1524,2015-08-22,2.0.DHA,99.24656101666665,62.93816000000001
1525,2015-08-22,2.0.DHS,99.86976728999998,63.00624333333334
1526,2015-08-22,2.0A,120.28450651375003,65.70515999999999
1527,2015-08-23,2.0.DHA,78.6539460775,44.61149333333335
1528,2015-08-23,2.0.DHS,79.00231845124999,44.67957666666667
1529,2015-08-23,2.0A,99.72725835249999,47.37849333333333
1530,2015-08-24,2.0.DHA,99.94032591000001,62.597326666666675
1531,2015-08-24,2.0.DHS,100.4270593916667,62.66541
1532,2015-08-24,2.0A,121.12981468666665,65.36432666666667
1533,2015-08-25,2.0.DHA,107.41614783833336,68.92316000000001
1534,2015-08-25,2.0.DHS,107.96951411750001,68.99124333333334
1535,2015-08-25,2.0A,128.9560466670833,71.69016
1536,2015-08-26,2.0.DHA,101.70184400083336,63.958993333333346
1537,2015-08-26,2.0.DHS,102.22668072875001,64.02707666666666
1538,2015-08-26,2.0A,123.08486703583337,66.72599333333332
1539,2015-08-27,2.0.DHA,97.71517701166665,60.63107666666667
1540,2015-08-27,2.0.DHS,98.14587156333333,60.699160000000006
1541,2015-08-27,2.0A,119.11726847833334,63.39807666666667
1542,2015-08-28,2.0.DHA,107.22305293916668,68.87191
1543,2015-08-28,2.0.DHS,107.70418741416667,68.93999333333333
1544,2015-08-28,2.0A,128.82022252208336,71.63891
1545,2015-08-29,2.0.DHA,97.6103956,61.443576666666665
1546,2015-08-29,2.0.DHS,98.14118312333333,61.511660000000006
1547,2015-08-29,2.0A,118.53866276375003,64.21057666666668
1548,2015-08-30,2.0.DHA,93.19672524416666,57.012743333333326
1549,2015-08-30,2.0.DHS,93.65595595125001,57.08082666666667
1550,2015-08-30,2.0A,114.2898996025,59.779743333333336
1551,2015-08-31,2.0.DHA,110.85842924333333,72.15191
1552,2015-08-31,2.0.DHS,111.32619397500001,72.21999333333333
1553,2015-08-31,2.0A,132.35101885333333,74.91891000000001
1554,2015-09-01,2.0.DHA,103.53977461125,66.27816000000001
1555,2015-09-01,2.0.DHS,103.94346468791667,66.34624333333333
1556,2015-09-01,2.0A,125.09515718750002,69.04516
1557,2015-09-02,2.0.DHA,103.89339180249999,66.57982666666668
1558,2015-09-02,2.0.DHS,104.32871756291668,66.64791000000001
1559,2015-09-02,2.0A,125.47054439374999,69.34682666666666
1560,2015-09-03,2.0.DHA,100.25945691375,63.21732666666668
1561,2015-09-03,2.0.DHS,100.67121701166667,63.285410000000006
1562,2015-09-03,2.0A,121.77221705833331,65.98432666666666
1563,2015-09-04,2.0.DHA,100.718767545,63.60607666666667
1564,2015-09-04,2.0.DHS,101.14252601916665,63.67416
1565,2015-09-04,2.0A,122.31029393833332,66.37307666666668
1566,2015-09-05,2.0.DHA,95.81215472833334,61.34566
1567,2015-09-05,2.0.DHS,96.45911067000002,61.413743333333336
1568,2015-09-05,2.0A,116.80221570791667,64.11266
1569,2015-09-06,2.0.DHA,94.70812637875001,60.750243333333344
1570,2015-09-06,2.0.DHS,95.13641986916667,60.81832666666667
1571,2015-09-06,2.0A,115.2928390925,63.51724333333335
1572,2015-09-07,2.0.DHA,104.36889228958331,67.75399333333334
1573,2015-09-07,2.0.DHS,104.62383054749999,67.82207666666666
1574,2015-09-07,2.0A,125.82703380958337,70.52099333333332
1575,2015-09-08,2.0.DHA,107.36500711125002,69.55024333333334
1576,2015-09-08,2.0.DHS,107.75387885458336,69.61832666666668
1577,2015-09-08,2.0A,129.07119218750003,72.31724333333332
1578,2015-09-09,2.0.DHA,106.83015930250001,69.09357666666666
1579,2015-09-09,2.0.DHS,107.20696006291668,69.16166000000003
1580,2015-09-09,2.0A,128.5318835604167,71.86057666666666
1581,2015-09-10,2.0.DHA,105.41852191374998,67.65191
1582,2015-09-10,2.0.DHS,105.81562076166665,67.71999333333333
1583,2015-09-10,2.0A,127.12362039166663,70.41891
1584,2015-09-11,2.0.DHA,101.34292712833333,64.04732666666666
1585,2015-09-11,2.0.DHS,101.64190101916667,64.11541
1586,2015-09-11,2.0A,123.13109977166668,66.81432666666667
1587,2015-09-12,2.0.DHA,94.91873222833333,60.51440999999999
1588,2015-09-12,2.0.DHS,95.59384691999998,60.58249333333333
1589,2015-09-12,2.0A,115.99082695791667,63.28141
1590,2015-09-13,2.0.DHA,79.14673846208333,46.998160000000006
1591,2015-09-13,2.0.DHS,79.45958361916666,47.066243333333325
1592,2015-09-13,2.0A,99.6679365925,49.76516
1593,2015-09-14,2.0.DHA,94.71050978958334,59.36524333333333
1594,2015-09-14,2.0.DHS,95.0231842975,59.43332666666668
1595,2015-09-14,2.0A,115.88553547625001,62.13224333333333
1596,2015-09-15,2.0.DHA,91.32696461124999,55.60191000000001
1597,2015-09-15,2.0.DHS,91.59350677125,55.66999333333334
1598,2015-09-15,2.0A,112.85424427083332,58.36890999999999
1599,2015-09-16,2.0.DHA,78.81944180250001,44.85607666666667
1600,2015-09-16,2.0.DHS,79.21247381291667,44.92416
1601,2015-09-16,2.0A,99.79639022708335,47.62307666666666
1602,2015-09-17,2.0.DHA,93.73449733041667,57.59357666666666
1603,2015-09-17,2.0.DHS,94.15935326166668,57.661660000000005
1604,2015-09-17,2.0A,115.06017664166666,60.36057666666668
1605,2015-09-18,2.0.DHA,99.19239171166667,62.226076666666664
1606,2015-09-18,2.0.DHS,99.52682060250002,62.294159999999984
1607,2015-09-18,2.0A,120.84414768833334,64.99307666666668
1608,2015-09-19,2.0.DHA,89.96303431166668,56.10732666666667
1609,2015-09-19,2.0.DHS,90.58056733666668,56.17541000000001
1610,2015-09-19,2.0A,110.95797612458335,58.87432666666666
1611,2015-09-20,2.0.DHA,89.05840179541667,55.654410000000006
1612,2015-09-20,2.0.DHS,89.47548903583335,55.72249333333334
1613,2015-09-20,2.0A,109.64352534249997,58.42141
1614,2015-09-21,2.0.DHA,99.25453312291665,63.20566
1615,2015-09-21,2.0.DHS,99.4337242975,63.273743333333336
1616,2015-09-21,2.0A,120.75248797625001,65.97265999999999
1617,2015-09-22,2.0.DHA,93.48827961125001,57.51857666666666
1618,2015-09-22,2.0.DHS,93.80713552125,57.586659999999995
1619,2015-09-22,2.0A,115.00417635416666,60.285576666666685
1620,2015-09-23,2.0.DHA,94.63584680250001,58.52857666666667
1621,2015-09-23,2.0.DHS,94.99272297958335,58.59665999999999
1622,2015-09-23,2.0A,116.06767314375001,61.295576666666655
1623,2015-09-24,2.0.DHA,97.60635608041667,60.888576666666665
1624,2015-09-24,2.0.DHS,97.949455345,60.95666
1625,2015-09-24,2.0A,119.12094330833332,63.65557666666667
1626,2015-09-25,2.0.DHA,97.68244796166664,60.93149333333334
1627,2015-09-25,2.0.DHS,97.98066893583331,60.999576666666684
1628,2015-09-25,2.0A,119.31606143833334,63.69849333333332
1629,2015-09-26,2.0.DHA,93.846943895,59.64940999999999
1630,2015-09-26,2.0.DHS,94.45694650333333,59.71749333333333
1631,2015-09-26,2.0A,114.87474779124999,62.416410000000006
1632,2015-09-27,2.0.DHA,89.44331387875002,56.05107666666667
1633,2015-09-27,2.0.DHS,89.84560070250002,56.11916
1634,2015-09-27,2.0A,110.03380617583333,58.81807666666666
1635,2015-09-28,2.0.DHA,95.7823072895833,60.20149333333333
1636,2015-09-28,2.0.DHS,95.97553013083332,60.269576666666666
1637,2015-09-28,2.0A,117.11097005958334,62.96849333333333
1638,2015-09-29,2.0.DHA,98.94469752791667,62.26524333333334
1639,2015-09-29,2.0.DHS,99.29678260458333,62.333326666666686
1640,2015-09-29,2.0A,120.49712343750002,65.03224333333334
1641,2015-09-30,2.0.DHA,101.38756721916666,64.37649333333333
1642,2015-09-30,2.0.DHS,101.78102714624998,64.44457666666666
1643,2015-09-30,2.0A,122.91869564375001,67.14349333333334
1644,2015-10-01,2.0.DHA,102.34327601500001,65.78441000000001
1645,2015-10-01,2.0.DHS,102.79586241083335,65.85249333333333
1646,2015-10-01,2.0A,123.75079455791665,68.55140999999999
1647,2015-10-02,2.0.DHA,102.75170471666667,65.88482666666665
1648,2015-10-02,2.0.DHS,103.15964013083335,65.95290999999999
1649,2015-10-02,2.0A,124.36923995124998,68.65182666666668
1650,2015-10-03,2.0.DHA,93.6834672275,59.58524333333333
1651,2015-10-03,2.0.DHS,94.40080699583332,59.653326666666665
1652,2015-10-03,2.0A,114.56993881875,62.35224333333334
1653,2015-10-04,2.0.DHA,81.5148504375,49.216493333333325
1654,2015-10-04,2.0.DHS,81.99306986958332,49.28457666666667
1655,2015-10-04,2.0A,101.85949471500003,51.983493333333335
1656,2015-10-05,2.0.DHA,85.5738475575,51.433576666666674
1657,2015-10-05,2.0.DHS,85.87416439624998,51.50166000000001
1658,2015-10-05,2.0A,106.54062387625,54.20057666666667
1659,2015-10-06,2.0.DHA,89.65260118291667,54.607743333333325
1660,2015-10-06,2.0.DHS,90.08026721875001,54.675826666666666
1661,2015-10-06,2.0A,110.65084272041668,57.37474333333333
1662,2015-10-07,2.0.DHA,103.98308547625003,67.39607666666667
1663,2015-10-07,2.0.DHS,104.42343005375001,67.46415999999999
1664,2015-10-07,2.0A,125.3607803975,70.16307666666665
1665,2015-10-08,2.0.DHA,101.93040851500001,65.44774333333332
1666,2015-10-08,2.0.DHS,102.39059116083335,65.51582666666664
1667,2015-10-08,2.0A,123.24231414125,68.21474333333335
1668,2015-10-09,2.0.DHA,101.49668638333337,64.81524333333333
1669,2015-10-09,2.0.DHS,101.92228388083333,64.88332666666666
1670,2015-10-09,2.0A,123.01974661791667,67.58224333333332
1671,2015-10-10,2.0.DHA,92.6820872275,58.80524333333333
1672,2015-10-10,2.0.DHS,93.3406661625,58.87332666666666
1673,2015-10-10,2.0A,113.52024881875002,61.57224333333332
1674,2015-10-11,2.0.DHA,92.38611460416668,58.94274333333334
1675,2015-10-11,2.0.DHS,92.96197570291669,59.01082666666668
1676,2015-10-11,2.0A,112.78487888166666,61.709743333333336
1677,2015-10-12,2.0.DHA,92.43891514708334,59.63357666666668
1678,2015-10-12,2.0.DHS,92.95391276125001,59.701660000000004
1679,2015-10-12,2.0A,112.76042195166667,62.40057666666666
1680,2015-10-13,2.0.DHA,96.09256576625,60.343160000000005
1681,2015-10-13,2.0.DHS,96.52130555208335,60.411243333333324
1682,2015-10-13,2.0A,117.31193897041665,63.11016
1683,2015-10-14,2.0.DHA,95.40102422625,59.84107666666666
1684,2015-10-14,2.0.DHS,95.82247880375,59.909159999999986
1685,2015-10-14,2.0A,116.55485831416662,62.60807666666667
1686,2015-10-15,2.0.DHA,100.30758684833334,63.95149333333334
1687,2015-10-15,2.0.DHS,100.80487824416667,64.01957666666668
1688,2015-10-15,2.0A,121.57122289125003,66.71849333333333
1689,2015-10-16,2.0.DHA,104.03353763333332,66.98524333333332
1690,2015-10-16,2.0.DHS,104.45408096416668,67.05332666666666
1691,2015-10-16,2.0A,125.65689203458335,69.75224333333334
1692,2015-10-17,2.0.DHA,89.45172722749999,55.89065999999999
1693,2015-10-17,2.0.DHS,90.09783782916666,55.95874333333333
1694,2015-10-17,2.0A,110.25993881874997,58.65765999999999
1695,2015-10-18,2.0.DHA,94.94528127083333,61.22566
1696,2015-10-18,2.0.DHS,95.55799528624999,61.29374333333333
1697,2015-10-18,2.0A,115.37772179833333,63.99266
1698,2015-10-19,2.0.DHA,101.25040964083335,65.26691
1699,2015-10-19,2.0.DHS,101.60020147958335,65.33499333333332
1700,2015-10-19,2.0A,122.50721679291668,68.03391
1701,2015-10-20,2.0.DHA,93.21270951625,57.83441000000001
1702,2015-10-20,2.0.DHS,93.60912513541666,57.90249333333335
1703,2015-10-20,2.0A,114.42775730375001,60.60140999999999
1704,2015-10-21,2.0.DHA,94.59726922625002,59.14149333333335
1705,2015-10-21,2.0.DHS,95.01040463708331,59.209576666666685
1706,2015-10-21,2.0A,115.7662437308333,61.908493333333325
1707,2015-10-22,2.0.DHA,97.85244351499999,61.775659999999995
1708,2015-10-22,2.0.DHS,98.28990699416666,61.84374333333332
1709,2015-10-22,2.0A,119.08016039125,64.54266
1710,2015-10-23,2.0.DHA,102.81315096666667,65.94191
1711,2015-10-23,2.0.DHS,103.24701388083334,66.00999333333333
1712,2015-10-23,2.0A,124.37335161791667,68.70890999999999
1713,2015-10-24,2.0.DHA,95.62272764416667,61.32357666666667
1714,2015-10-24,2.0.DHS,96.36837657916668,61.39166
1715,2015-10-24,2.0A,116.51912340208334,64.09057666666666
1716,2015-10-25,2.0.DHA,88.21481385480001,56.295010000000005
1717,2015-10-25,2.0.DHS,85.74586792772728,55.422000909090904
1718,2015-10-25,2.0A,109.61590983399999,59.14620999999999
1719,2015-10-26,2.0.DHA,95.61386589916667,60.19941
1720,2015-10-26,2.0.DHS,95.85904106291666,60.267493333333334
1721,2015-10-26,2.0A,116.68065804291668,62.966409999999996
1722,2015-10-27,2.0.DHA,92.74023289750001,57.38149333333333
1723,2015-10-27,2.0.DHS,93.11284888541665,57.44957666666667
1724,2015-10-27,2.0A,113.81604272041665,60.148493333333334
1725,2015-10-28,2.0.DHA,88.15959414166667,53.43857666666668
1726,2015-10-28,2.0.DHS,88.51620630375,53.506660000000004
1727,2015-10-28,2.0A,109.09368123083334,56.20557666666667
1728,2015-10-29,2.0.DHA,96.08236143041667,60.22649333333333
1729,2015-10-29,2.0.DHS,96.47073741083334,60.29457666666665
1730,2015-10-29,2.0A,117.21244497458333,62.993493333333355
1731,2015-10-30,2.0.DHA,92.543604975,56.95524333333333
1732,2015-10-30,2.0.DHS,92.86465763083334,57.023326666666684
1733,2015-10-30,2.0A,113.85871870124998,59.72224333333333
1734,2015-10-31,2.0.DHA,90.03443662666666,56.15274333333334
1735,2015-10-31,2.0.DHS,90.57119907916668,56.220826666666674
1736,2015-10-31,2.0A,110.65637715208335,58.919743333333315
1737,2015-11-01,2.0.DHA,78.79256256875001,46.82316
1738,2015-11-01,2.0.DHS,79.09038693000001,46.891243333333335
1739,2015-11-01,2.0A,99.27784571291666,49.59015999999999
1740,2015-11-02,2.0.DHA,92.48071019583331,56.750243333333344
1741,2015-11-02,2.0.DHS,92.91749778416668,56.81832666666667
1742,2015-11-02,2.0A,113.74699230499998,59.51724333333333
1743,2015-11-03,2.0.DHA,96.15003478208332,58.93732666666665
1744,2015-11-03,2.0.DHS,96.67039987416668,59.00540999999999
1745,2015-11-03,2.0A,117.73473193125,61.70432666666667
1746,2015-11-04,2.0.DHA,98.13251165375,60.68732666666668
1747,2015-11-04,2.0.DHS,98.69274528208335,60.75541000000001
1748,2015-11-04,2.0A,119.80913935083333,63.45432666666667
1749,2015-11-05,2.0.DHA,97.66876792458334,60.15607666666666
1750,2015-11-05,2.0.DHS,98.24111912125,60.22415999999999
1751,2015-11-05,2.0A,119.41202174333334,62.92307666666667
1752,2015-11-06,2.0.DHA,101.24476454249998,63.12482666666668
1753,2015-11-06,2.0.DHS,101.83073974874999,63.19291000000002
1754,2015-11-06,2.0A,123.17338977125,65.89182666666669
1755,2015-11-07,2.0.DHA,97.73267907166665,60.704409999999996
1756,2015-11-07,2.0.DHS,98.39223981124998,60.77249333333332
1757,2015-11-07,2.0A,119.11091902333334,63.47141
1758,2015-11-08,2.0.DHA,89.37854071708334,54.52107666666666
1759,2015-11-08,2.0.DHS,89.80224903958333,54.58916
1760,2015-11-08,2.0A,110.24176491666667,57.288076666666676
1761,2015-11-09,2.0.DHA,105.79402394583336,68.25065999999998
1762,2015-11-09,2.0.DHS,106.15459611750002,68.31874333333333
1763,2015-11-09,2.0A,127.54345563833333,71.01765999999999
1764,2015-11-10,2.0.DHA,107.50346603208332,68.65982666666667
1765,2015-11-10,2.0.DHS,108.03034404083333,68.72791
1766,2015-11-10,2.0A,129.45478776458333,71.42682666666666
1767,2015-11-11,2.0.DHA,107.57939457041665,68.70357666666668
1768,2015-11-11,2.0.DHS,108.14419278208332,68.77166
1769,2015-11-11,2.0A,129.58088643416667,71.47057666666666
1770,2015-11-12,2.0.DHA,107.97154584125,68.91107666666664
1771,2015-11-12,2.0.DHS,108.49885287125,68.97916000000001
1772,2015-11-12,2.0A,130.03522507666665,71.67807666666666
1773,2015-11-13,2.0.DHA,102.63916287583334,64.20191000000001
1774,2015-11-13,2.0.DHS,103.13265183208334,64.26999333333333
1775,2015-11-13,2.0A,124.7187956045833,66.96891000000001
1776,2015-11-14,2.0.DHA,97.26629407166668,60.236910000000016
1777,2015-11-14,2.0.DHS,97.94574022791666,60.304993333333336
1778,2015-11-14,2.0A,118.62299735666669,63.00391
1779,2015-11-15,2.0.DHA,95.46999780041665,59.85274333333334
1780,2015-11-15,2.0.DHS,95.93506528958333,59.92082666666668
1781,2015-11-15,2.0A,116.48237033333335,62.61974333333333
1782,2015-11-16,2.0.DHA,103.88769019583334,66.61232666666666
1783,2015-11-16,2.0.DHS,104.28605695083333,66.68041000000001
1784,2015-11-16,2.0A,125.57248897166669,69.37932666666667
1785,2015-11-17,2.0.DHA,103.45765686541664,65.21899333333334
1786,2015-11-17,2.0.DHS,103.99743737416664,65.28707666666666
1787,2015-11-17,2.0A,125.31232359791666,67.98599333333334
1788,2015-11-18,2.0.DHA,105.52788748708332,66.97232666666666
1789,2015-11-18,2.0.DHS,106.10310528208332,67.04041000000001
1790,2015-11-18,2.0A,127.47692685083331,69.73932666666667
1791,2015-11-19,2.0.DHA,105.37202167458334,66.72482666666667
1792,2015-11-19,2.0.DHS,105.94749870458332,66.79290999999999
1793,2015-11-19,2.0A,127.36202382666664,69.49182666666665
1794,2015-11-20,2.0.DHA,96.12582370916668,58.560243333333325
1795,2015-11-20,2.0.DHS,96.63546266541668,58.62832666666667
1796,2015-11-20,2.0A,118.11446518791668,61.32724333333332
1797,2015-11-21,2.0.DHA,72.98113573833334,39.39441
1798,2015-11-21,2.0.DHS,73.48866731125001,39.46249333333333
1799,2015-11-21,2.0A,93.82500860666666,42.16141
1800,2015-11-22,2.0.DHA,84.16545946708332,49.77607666666666
1801,2015-11-22,2.0.DHS,84.61437737291668,49.844159999999995
1802,2015-11-22,2.0A,104.94535825000003,52.54307666666667
1803,2015-11-23,2.0.DHA,105.84890602916668,68.29357666666667
1804,2015-11-23,2.0.DHS,106.36727445083335,68.36165999999999
1805,2015-11-23,2.0A,127.4423006383333,71.06057666666666
1806,2015-11-24,2.0.DHA,107.14220353208333,68.26649333333334
1807,2015-11-24,2.0.DHS,107.74522612416666,68.33457666666666
1808,2015-11-24,2.0A,129.0219098479167,71.03349333333334
1809,2015-11-25,2.0.DHA,96.66014498708334,59.33691000000001
1810,2015-11-25,2.0.DHS,97.26553153208333,59.40499333333333
1811,2015-11-25,2.0A,118.39702226749999,62.10390999999999
1812,2015-11-26,2.0.DHA,95.6420966745833,58.426909999999985
1813,2015-11-26,2.0.DHS,96.23706953791664,58.494993333333326
1814,2015-11-26,2.0A,117.30905091000001,61.19391000000001
1815,2015-11-27,2.0.DHA,101.18670829249999,62.99774333333335
1816,2015-11-27,2.0.DHS,101.84674224875,63.06582666666667
1817,2015-11-27,2.0A,123.06192810458333,65.76474333333334
1818,2015-11-28,2.0.DHA,92.31008532166665,56.116493333333324
1819,2015-11-28,2.0.DHS,92.94741397791667,56.184576666666665
1820,2015-11-28,2.0A,113.5179990233333,58.88349333333334
1821,2015-11-29,2.0.DHA,95.78094988375001,60.09149333333334
1822,2015-11-29,2.0.DHS,96.25399987291667,60.15957666666666
1823,2015-11-29,2.0A,116.76062116666664,62.85849333333332
1824,2015-11-30,2.0.DHA,106.95673436250001,69.30857666666667
1825,2015-11-30,2.0.DHS,107.42897028416667,69.37666
1826,2015-11-30,2.0A,128.616572305,72.07557666666666
1827,2015-12-01,2.0.DHA,113.70725441458332,73.39607666666667
1828,2015-12-01,2.0.DHS,114.44688343249999,73.46416
1829,2015-12-01,2.0A,135.76482244208333,76.16307666666665
1830,2015-12-02,2.0.DHA,113.40946840458332,73.88316
1831,2015-12-02,2.0.DHS,114.14945200708333,73.95124333333334
1832,2015-12-02,2.0A,135.3660073541667,76.65015999999997
1833,2015-12-03,2.0.DHA,108.19741329958333,69.38524333333334
1834,2015-12-03,2.0.DHS,108.87037245875001,69.45332666666667
1835,2015-12-03,2.0A,130.14722927666665,72.15224333333333
1836,2015-12-04,2.0.DHA,110.58621622291672,71.50024333333333
1837,2015-12-04,2.0.DHS,111.24580638750001,71.56832666666666
1838,2015-12-04,2.0A,132.60779643499995,74.26724333333333
1839,2015-12-05,2.0.DHA,108.60348988625002,68.88816
1840,2015-12-05,2.0.DHS,109.47097623333333,68.95624333333333
1841,2015-12-05,2.0A,130.20371556749998,71.65516000000001
1842,2015-12-06,2.0.DHA,94.42089039666668,59.92357666666667
1843,2015-12-06,2.0.DHS,95.00521274333335,59.99165999999999
1844,2015-12-06,2.0A,115.09708801625,62.690576666666665
1845,2015-12-07,2.0.DHA,93.75040910000001,56.635243333333335
1846,2015-12-07,2.0.DHS,94.29934219208336,56.70332666666666
1847,2015-12-07,2.0A,115.23283570124998,59.40224333333334
1848,2015-12-08,2.0.DHA,99.60366027958332,63.38982666666667
1849,2015-12-08,2.0.DHS,100.24663904625,63.457910000000005
1850,2015-12-08,2.0A,120.6068393725,66.15682666666667
1851,2015-12-09,2.0.DHA,106.93403840458332,68.31524333333333
1852,2015-12-09,2.0.DHS,107.63520992375,68.38332666666668
1853,2015-12-09,2.0A,128.7261498541667,71.08224333333332
1854,2015-12-10,2.0.DHA,110.08903913291668,70.98607666666668
1855,2015-12-10,2.0.DHS,110.80565495875,71.05416000000001
1856,2015-12-10,2.0A,132.07995094333333,73.75307666666667
1857,2015-12-11,2.0.DHA,108.54596705625,69.74524333333333
1858,2015-12-11,2.0.DHS,109.24044722083333,69.81332666666667
1859,2015-12-11,2.0A,130.5241760183333,72.51224333333332
1860,2015-12-12,2.0.DHA,107.88000530291667,68.17190999999998
1861,2015-12-12,2.0.DHS,108.76670873333332,68.23999333333332
1862,2015-12-12,2.0A,129.43401306750002,70.93891
1863,2015-12-13,2.0.DHA,93.76316912958332,56.67149333333334
1864,2015-12-13,2.0.DHS,94.36722267249998,56.73957666666667
1865,2015-12-13,2.0A,114.93419592791669,59.438493333333334
1866,2015-12-14,2.0.DHA,98.55404743333334,60.63357666666667
1867,2015-12-14,2.0.DHS,99.18276760874998,60.70166
1868,2015-12-14,2.0A,120.06555861791668,63.40057666666667
1869,2015-12-15,2.0.DHA,96.20177816458333,58.527326666666674
1870,2015-12-15,2.0.DHS,96.87687134916665,58.59541000000001
1871,2015-12-15,2.0A,117.77084244208332,61.29432666666667
1872,2015-12-16,2.0.DHA,101.52696507124999,63.66607666666666
1873,2015-12-16,2.0.DHS,102.20664409041665,63.73415999999998
1874,2015-12-16,2.0A,123.18955110416665,66.43307666666665
1875,2015-12-17,2.0.DHA,101.57375663291667,63.70816
1876,2015-12-17,2.0.DHS,102.23596329208333,63.77624333333332
1877,2015-12-17,2.0A,123.32009219333331,66.47516
1878,2015-12-18,2.0.DHA,101.40561205624999,63.616076666666665
1879,2015-12-18,2.0.DHS,102.05975097083332,63.68415999999999
1880,2015-12-18,2.0A,123.19162976833333,66.38307666666667
1881,2015-12-19,2.0.DHA,93.98857905291669,56.48024333333334
1882,2015-12-19,2.0.DHS,94.71298331666667,56.54832666666667
1883,2015-12-19,2.0A,115.33647598416667,59.24724333333334
1884,2015-12-20,2.0.DHA,94.49523537958335,56.916076666666676
1885,2015-12-20,2.0.DHS,95.27045642249999,56.984159999999996
1886,2015-12-20,2.0A,115.49424092791666,59.68307666666666
1887,2015-12-21,2.0.DHA,103.62664493333335,64.96732666666666
1888,2015-12-21,2.0.DHS,104.22676260875001,65.03541
1889,2015-12-21,2.0A,125.38777320125003,67.73432666666666
1890,2015-12-22,2.0.DHA,101.66531024791668,63.18232666666666
1891,2015-12-22,2.0.DHS,102.37787593249999,63.25041000000001
1892,2015-12-22,2.0A,123.37195494208333,65.94932666666666
1893,2015-12-23,2.0.DHA,102.89699757125,64.79816000000001
1894,2015-12-23,2.0.DHS,103.52294950708334,64.86624333333334
1895,2015-12-23,2.0A,124.68671652083334,67.56515999999999
1896,2015-12-24,2.0.DHA,94.20960121625001,57.416076666666676
1897,2015-12-24,2.0.DHS,94.76108995875,57.48416
1898,2015-12-24,2.0A,115.84540302666666,60.18307666666667
1899,2015-12-25,2.0.DHA,98.29251080833332,57.26399333333333
1900,2015-12-25,2.0.DHS,98.98061070249999,57.332076666666644
1901,2015-12-25,2.0A,120.2101896425,60.03099333333335
1902,2015-12-26,2.0.DHA,90.68703696958335,53.579409999999996
1903,2015-12-26,2.0.DHS,91.37122289999998,53.64749333333333
1904,2015-12-26,2.0A,111.90258723416666,56.34640999999999
1905,2015-12-27,2.0.DHA,75.70777496291667,41.24482666666666
1906,2015-12-27,2.0.DHS,76.16611892249999,41.31290999999999
1907,2015-12-27,2.0A,96.54392634458334,44.01182666666667
1908,2015-12-28,2.0.DHA,82.03002076666668,46.65857666666667
1909,2015-12-28,2.0.DHS,82.50072260875,46.72666
1910,2015-12-28,2.0A,103.29830486791666,49.425576666666664
1911,2015-12-29,2.0.DHA,93.2178439979167,55.98941
1912,2015-12-29,2.0.DHS,93.84957384916669,56.05749333333333
1913,2015-12-29,2.0A,114.75860452541666,58.75641000000001
1914,2015-12-30,2.0.DHA,86.13335965458334,50.530243333333345
1915,2015-12-30,2.0.DHS,86.66296367374999,50.59832666666667
1916,2015-12-30,2.0A,107.5518331875,53.29724333333334
1917,2015-12-31,2.0.DHA,94.2406403829167,57.45149333333334
1918,2015-12-31,2.0.DHS,94.84324579208334,57.519576666666666
1919,2015-12-31,2.0A,115.78057510999999,60.21849333333333
1920,2016-01-01,2.0.DHA,76.50664438333334,40.65549333333333
1921,2016-01-01,2.0.DHS,76.74510887041667,40.709243333333326
1922,2016-01-01,2.0A,97.16275552166665,42.827993333333325
1923,2016-01-02,2.0.DHA,77.54106954750002,42.05382666666666
1924,2016-01-02,2.0.DHS,78.04009932708333,42.10757666666667
1925,2016-01-02,2.0A,97.81569040249998,44.22632666666667
1926,2016-01-03,2.0.DHA,65.18591495583335,31.65841
1927,2016-01-03,2.0.DHS,65.49353348875002,31.712159999999997
1928,2016-01-03,2.0A,85.42943566625,33.83091
1929,2016-01-04,2.0.DHA,74.50615814666666,40.55257666666667
1930,2016-01-04,2.0.DHS,74.99566525333333,40.60632666666667
1931,2016-01-04,2.0A,94.68602735416668,42.725076666666666
1932,2016-01-05,2.0.DHA,75.32105513958332,41.072160000000004
1933,2016-01-05,2.0.DHS,75.82389622249998,41.125910000000005
1934,2016-01-05,2.0A,95.58930109625003,43.24465999999999
1935,2016-01-06,2.0.DHA,58.55811338291665,26.88924333333333
1936,2016-01-06,2.0.DHS,58.84474220541667,26.942993333333334
1937,2016-01-06,2.0A,78.57236440375,29.06174333333333
1938,2016-01-07,2.0.DHA,71.04505798416666,37.840493333333335
1939,2016-01-07,2.0.DHS,71.51793744875,37.894243333333335
1940,2016-01-07,2.0A,91.12967803708334,40.012993333333334
1941,2016-01-08,2.0.DHA,75.85344904666665,42.26757666666666
1942,2016-01-08,2.0.DHS,76.25070682041665,42.321326666666664
1943,2016-01-08,2.0A,95.97575416208333,44.44007666666667
1944,2016-01-09,2.0.DHA,71.4972920475,37.318826666666666
1945,2016-01-09,2.0.DHS,71.84633974375001,37.37257666666667
1946,2016-01-09,2.0A,91.8501279025,39.49132666666666
1947,2016-01-10,2.0.DHA,53.707032039166656,22.000493333333328
1948,2016-01-10,2.0.DHS,53.94045015541668,22.054243333333336
1949,2016-01-10,2.0A,73.64647441625,24.172993333333327
1950,2016-01-11,2.0.DHA,67.14276356333332,34.23757666666666
1951,2016-01-11,2.0.DHS,67.60951650333332,34.29132666666666
1952,2016-01-11,2.0A,87.16158193749999,36.41007666666667
1953,2016-01-12,2.0.DHA,79.01773930625,44.032160000000005
1954,2016-01-12,2.0.DHS,79.63272830583333,44.08590999999999
1955,2016-01-12,2.0A,99.23688651291668,46.20465999999999
1956,2016-01-13,2.0.DHA,83.26949088291667,48.28841
1957,2016-01-13,2.0.DHS,83.82488678874999,48.34216
1958,2016-01-13,2.0A,103.69986607041665,50.46090999999999
1959,2016-01-14,2.0.DHA,79.55265840083332,45.143826666666676
1960,2016-01-14,2.0.DHS,80.12107578208334,45.19757666666667
1961,2016-01-14,2.0A,99.75020637041666,47.31632666666666
1962,2016-01-15,2.0.DHA,81.13060738,46.947993333333336
1963,2016-01-15,2.0.DHS,81.57241723708333,47.00174333333334
1964,2016-01-15,2.0A,101.40323374541667,49.120493333333336
1965,2016-01-16,2.0.DHA,78.2693720475,42.79091
1966,2016-01-16,2.0.DHS,78.77791891041666,42.84466
1967,2016-01-16,2.0A,98.61788373583335,44.96341
1968,2016-01-17,2.0.DHA,82.46596995583334,46.06091
1969,2016-01-17,2.0.DHS,82.90255473875,46.11465999999999
1970,2016-01-17,2.0A,103.01336983291668,48.23341
1971,2016-01-18,2.0.DHA,85.66116314666665,50.05590999999999
1972,2016-01-18,2.0.DHS,86.23078566999999,50.10966
1973,2016-01-18,2.0A,106.21119943750001,52.22841
1974,2016-01-19,2.0.DHA,96.39844930625001,59.07549333333333
1975,2016-01-19,2.0.DHS,97.06786747250003,59.12924333333333
1976,2016-01-19,2.0A,117.01239609624999,61.24799333333335
1977,2016-01-20,2.0.DHA,96.63796004958333,59.69965999999999
1978,2016-01-20,2.0.DHS,97.25720387208334,59.753409999999995
1979,2016-01-20,2.0A,117.2344727370833,61.87216000000001
1980,2016-01-21,2.0.DHA,94.64317715083335,58.176326666666675
1981,2016-01-21,2.0.DHS,95.19736244874998,58.23007666666667
1982,2016-01-21,2.0A,115.22030512041664,60.34882666666667
1983,2016-01-22,2.0.DHA,89.63835738,54.26966000000001
1984,2016-01-22,2.0.DHS,90.08205182041667,54.323409999999996
1985,2016-01-22,2.0A,110.05762749541667,56.442159999999994
1986,2016-01-23,2.0.DHA,86.16001246416668,49.50466000000001
1987,2016-01-23,2.0.DHS,86.61667557708334,49.55841
1988,2016-01-23,2.0A,106.77636581916668,51.677159999999986
1989,2016-01-24,2.0.DHA,79.27327870583333,43.49466
1990,2016-01-24,2.0.DHS,79.62519973875,43.54841000000001
1991,2016-01-24,2.0A,99.87241066625,45.66716
1992,2016-01-25,2.0.DHA,90.30954273000002,53.964243333333336
1993,2016-01-25,2.0.DHS,90.91844942000002,54.01799333333332
1994,2016-01-25,2.0A,110.84113860416669,56.13674333333332
1995,2016-01-26,2.0.DHA,92.91690722291666,56.07757666666668
1996,2016-01-26,2.0.DHS,93.50383622250001,56.131326666666666
1997,2016-01-26,2.0A,113.59349609624998,58.250076666666665
1998,2016-01-27,2.0.DHA,86.45436921625002,50.934243333333335
1999,2016-01-27,2.0.DHS,86.92185178875,50.98799333333333
2000,2016-01-27,2.0A,107.01419190375002,53.106743333333334
2001,2016-01-28,2.0.DHA,90.57025423416665,54.60174333333333
2002,2016-01-28,2.0.DHS,91.07182744875,54.65549333333332
2003,2016-01-28,2.0A,111.12602970375,56.77424333333334
2004,2016-01-29,2.0.DHA,88.32166738,53.11091
2005,2016-01-29,2.0.DHS,88.75550765375,53.16466
2006,2016-01-29,2.0A,108.73275374541669,55.28341
2007,2016-01-30,2.0.DHA,81.88120996416669,45.997576666666674
2008,2016-01-30,2.0.DHS,82.25819557708334,46.051326666666675
2009,2016-01-30,2.0A,102.51414498583334,48.17007666666667
2010,2016-01-31,2.0.DHA,77.04965995583332,41.49799333333333
2011,2016-01-31,2.0.DHS,77.51728973875002,41.55174333333333
2012,2016-01-31,2.0A,97.46466316624999,43.67049333333333
2013,2016-02-01,2.0.DHA,87.3340109375,51.48007666666666
2014,2016-02-01,2.0.DHS,87.79202965458335,51.53382666666666
2015,2016-02-01,2.0A,107.91073270375,53.65257666666667
2016,2016-02-02,2.0.DHA,85.67664030833333,49.937160000000006
2017,2016-02-02,2.0.DHS,86.05794615666666,49.99090999999999
2018,2016-02-02,2.0A,106.22407708125,52.10966000000001
2019,2016-02-03,2.0.DHA,76.06635709291668,41.77216000000001
2020,2016-02-03,2.0.DHS,76.41533764,41.82591
2021,2016-02-03,2.0A,96.45254976000001,43.94465999999999
2022,2016-02-04,2.0.DHA,76.74444219833333,42.41007666666666
2023,2016-02-04,2.0.DHS,77.17868443666667,42.46382666666667
2024,2016-02-04,2.0A,96.99865789208332,44.582576666666675
2025,2016-02-05,2.0.DHA,81.16508887916667,45.75924333333333
2026,2016-02-05,2.0.DHS,81.60664667166667,45.81299333333333
2027,2016-02-05,2.0A,101.7115659720833,47.93174333333334
2028,2016-02-06,2.0.DHA,70.83449773458334,36.64549333333334
2029,2016-02-06,2.0.DHS,71.21905457791668,36.699243333333335
2030,2016-02-06,2.0A,91.31592203583334,38.817993333333334
2031,2016-02-07,2.0.DHA,59.64019983958334,26.515493333333335
2032,2016-02-07,2.0.DHS,59.982994174166684,26.569243333333336
2033,2016-02-07,2.0A,79.77107834750002,28.687993333333335
2034,2016-02-08,2.0.DHA,72.66086260416667,38.99841
2035,2016-02-08,2.0.DHS,73.04941507125,39.05216
2036,2016-02-08,2.0A,92.86963187041668,41.17091
2037,2016-02-09,2.0.DHA,65.36786614166668,32.58132666666666
2038,2016-02-09,2.0.DHS,65.71772657333334,32.63507666666666
2039,2016-02-09,2.0A,85.44671124791667,34.75382666666666
2040,2016-02-10,2.0.DHA,68.76925334291668,35.53840999999999
2041,2016-02-10,2.0.DHS,69.13349472333334,35.59216
2042,2016-02-10,2.0A,88.91534225999999,37.71091
2043,2016-02-11,2.0.DHA,73.76538553166667,39.98841000000001
2044,2016-02-11,2.0.DHS,74.15623360333332,40.04216
2045,2016-02-11,2.0A,94.04118247541665,42.160909999999994
2046,2016-02-12,2.0.DHA,65.6029697125,32.613409999999995
2047,2016-02-12,2.0.DHS,65.91838167166667,32.66716
2048,2016-02-12,2.0A,85.83372513874998,34.78591000000001
2049,2016-02-13,2.0.DHA,50.68547523458332,19.63924333333333
2050,2016-02-13,2.0.DHS,50.89355374458333,19.69299333333333
2051,2016-02-13,2.0A,70.6470224525,21.81174333333333
2052,2016-02-14,2.0.DHA,49.36883150624999,18.152576666666665
2053,2016-02-14,2.0.DHS,49.58117292416666,18.206326666666666
2054,2016-02-14,2.0A,69.3601545975,20.325076666666664
2055,2016-02-15,2.0.DHA,60.63596927083335,28.693826666666666
2056,2016-02-15,2.0.DHS,60.962195904583346,28.747576666666664
2057,2016-02-15,2.0A,80.65893645375,30.866326666666662
2058,2016-02-16,2.0.DHA,76.550619475,42.065909999999995
2059,2016-02-16,2.0.DHS,77.04713824,42.119659999999996
2060,2016-02-16,2.0A,96.75406958124996,44.23841000000001
2061,2016-02-17,2.0.DHA,81.75825417624999,46.69132666666666
2062,2016-02-17,2.0.DHS,82.20115680666666,46.745076666666655
2063,2016-02-17,2.0A,102.22989600999999,48.863826666666675
2064,2016-02-18,2.0.DHA,79.68295053166668,45.01924333333334
2065,2016-02-18,2.0.DHS,80.15061360333335,45.072993333333336
2066,2016-02-18,2.0A,100.04217622541665,47.191743333333335
2067,2016-02-19,2.0.DHA,81.65869262916667,46.17716000000001
2068,2016-02-19,2.0.DHS,82.18883292166666,46.230909999999994
2069,2016-02-19,2.0A,102.16284930541663,48.34965999999999
2070,2016-02-20,2.0.DHA,77.43259981791665,42.02591
2071,2016-02-20,2.0.DHS,77.90303874458333,42.07966
2072,2016-02-20,2.0A,97.90982411916667,44.19841
2073,2016-02-21,2.0.DHA,69.38811817291666,34.442576666666675
2074,2016-02-21,2.0.DHS,69.90228709083333,34.49632666666667
2075,2016-02-21,2.0A,89.7020395975,36.61507666666666
2076,2016-02-22,2.0.DHA,83.13790593749998,48.02841000000001
2077,2016-02-22,2.0.DHS,83.56994590458332,48.08216000000001
2078,2016-02-22,2.0A,103.71453103708332,50.20090999999999
2079,2016-02-23,2.0.DHA,75.49454155833334,41.18966000000001
2080,2016-02-23,2.0.DHS,75.91220865666666,41.243410000000004
2081,2016-02-23,2.0A,95.77840499791667,43.362159999999996
2082,2016-02-24,2.0.DHA,72.07530792625,38.383410000000005
2083,2016-02-24,2.0.DHS,72.45916347333333,38.43716
2084,2016-02-24,2.0A,92.32371434333335,40.55591
2085,2016-02-25,2.0.DHA,69.28480678166666,36.08424333333333
2086,2016-02-25,2.0.DHS,69.66536985333333,36.137993333333334
2087,2016-02-25,2.0A,89.45871039208332,38.25674333333333
2088,2016-02-26,2.0.DHA,67.27948429583334,34.04257666666667
2089,2016-02-26,2.0.DHS,67.60783417166668,34.09632666666666
2090,2016-02-26,2.0A,87.60333638875,36.21507666666666
2091,2016-02-27,2.0.DHA,45.150025234583325,15.01674333333333
2092,2016-02-27,2.0.DHS,45.290341661250004,15.070493333333332
2093,2016-02-27,2.0A,64.99720203583334,17.189243333333334
2094,2016-02-28,2.0.DHA,45.65519983958334,15.115493333333331
2095,2016-02-28,2.0.DHS,45.833114174166674,15.169243333333329
2096,2016-02-28,2.0A,65.56858459750002,17.287993333333336
2097,2016-02-29,2.0.DHA,61.84032427083333,29.67049333333334
2098,2016-02-29,2.0.DHS,62.18778132125001,29.724243333333334
2099,2016-02-29,2.0A,81.84905312041667,31.842993333333336
2100,2016-03-01,2.0.DHA,71.58593541166665,38.909243333333336
2101,2016-03-01,2.0.DHS,71.92307018541666,38.96299333333334
2102,2016-03-01,2.0A,91.68003721416666,41.081743333333335
2103,2016-03-02,2.0.DHA,65.64315320291666,33.26674333333334
2104,2016-03-02,2.0.DHS,65.9687184925,33.32049333333334
2105,2016-03-02,2.0A,85.74868158416668,35.43924333333333
2106,2016-03-03,2.0.DHA,68.67191899541668,35.82632666666667
2107,2016-03-03,2.0.DHS,68.99302867833335,35.88007666666667
2108,2016-03-03,2.0A,88.84164322375001,37.998826666666666
2109,2016-03-04,2.0.DHA,60.58950183541666,29.002160000000003
2110,2016-03-04,2.0.DHS,60.82797128958333,29.055909999999997
2111,2016-03-04,2.0A,80.74848082749999,31.174660000000003
2112,2016-03-05,2.0.DHA,51.36866677916667,20.43216
2113,2016-03-05,2.0.DHS,51.56032870000001,20.48591
2114,2016-03-05,2.0A,71.21140100541665,22.60466
2115,2016-03-06,2.0.DHA,55.490593972499994,23.49424333333333
2116,2016-03-06,2.0.DHS,55.754792448333326,23.547993333333334
2117,2016-03-06,2.0A,75.54391800666667,25.66674333333333
2118,2016-03-07,2.0.DHA,67.89284405916668,35.48632666666666
2119,2016-03-07,2.0.DHS,68.24866794833333,35.54007666666667
2120,2016-03-07,2.0A,88.01557752583334,37.65882666666668
2121,2016-03-08,2.0.DHA,72.74035082833333,39.81549333333333
2122,2016-03-08,2.0.DHS,73.06863518541667,39.86924333333332
2123,2016-03-08,2.0A,92.80866429749999,41.98799333333333
2124,2016-03-09,2.0.DHA,62.830699869583334,30.819659999999995
2125,2016-03-09,2.0.DHS,63.08510807583334,30.873409999999996
2126,2016-03-09,2.0A,82.9483899175,32.992160000000005
2127,2016-03-10,2.0.DHA,62.85709899541666,30.73507666666667
2128,2016-03-10,2.0.DHS,63.149412845,30.788826666666676
2129,2016-03-10,2.0A,82.90504447375001,32.907576666666664
2130,2016-03-11,2.0.DHA,73.12027558541668,39.71174333333333
2131,2016-03-11,2.0.DHS,73.48536628958333,39.76549333333333
2132,2016-03-11,2.0A,93.40899374416666,41.88424333333334
2133,2016-03-12,2.0.DHA,70.83258427916667,37.00341000000001
2134,2016-03-12,2.0.DHS,71.14803161666667,37.05716
2135,2016-03-12,2.0A,91.04068475541668,39.17591000000001
2136,2016-03-13,2.0.DHA,67.65217522249999,33.67382666666666
2137,2016-03-13,2.0.DHS,67.98922911500001,33.72757666666667
2138,2016-03-13,2.0A,87.95202175666667,35.84632666666666
2139,2016-03-14,2.0.DHA,79.59083155916666,45.48882666666666
2140,2016-03-14,2.0.DHS,79.953754615,45.54257666666666
2141,2016-03-14,2.0A,99.82124585916667,47.66132666666667
2142,2016-03-15,2.0.DHA,83.81068666166668,49.536743333333334
2143,2016-03-15,2.0.DHS,84.19586893541667,49.590493333333335
2144,2016-03-15,2.0A,104.1590317975,51.709243333333326
2145,2016-03-16,2.0.DHA,77.05403903625002,43.023410000000005
2146,2016-03-16,2.0.DHS,77.44435265916667,43.07716
2147,2016-03-16,2.0A,97.37323533416668,45.195910000000005
2148,2016-03-17,2.0.DHA,83.97542149541665,49.00049333333333
2149,2016-03-17,2.0.DHS,84.35313451166667,49.05424333333334
2150,2016-03-17,2.0A,104.42193280708331,51.17299333333333
2151,2016-03-18,2.0.DHA,86.07777141875,50.911743333333334
2152,2016-03-18,2.0.DHS,86.51837503958332,50.965493333333335
2153,2016-03-18,2.0A,106.60430166083334,53.08424333333334
2154,2016-03-19,2.0.DHA,80.54038719583333,45.21424333333334
2155,2016-03-19,2.0.DHS,80.93955703333334,45.26799333333333
2156,2016-03-19,2.0A,100.93278433875001,47.386743333333335
2157,2016-03-20,2.0.DHA,79.12143688916665,43.228410000000004
2158,2016-03-20,2.0.DHS,79.58199828166666,43.282160000000005
2159,2016-03-20,2.0A,99.67118300666665,45.40090999999999
2160,2016-03-21,2.0.DHA,78.29360614249998,44.38674333333333
2161,2016-03-21,2.0.DHS,78.62809294833333,44.44049333333333
2162,2016-03-21,2.0A,98.6222816925,46.559243333333335
2163,2016-03-22,2.0.DHA,75.92829874499999,42.64715999999999
2164,2016-03-22,2.0.DHS,76.24339810208333,42.700909999999986
2165,2016-03-22,2.0A,96.12476888083334,44.81966
2166,2016-03-23,2.0.DHA,71.92611611958334,38.665910000000004
2167,2016-03-23,2.0.DHS,72.26838640916667,38.71966
2168,2016-03-23,2.0A,92.16380200083334,40.83841
2169,2016-03-24,2.0.DHA,70.95445357875,37.79341
2170,2016-03-24,2.0.DHS,71.26286701166667,37.847159999999995
2171,2016-03-24,2.0A,91.16814030708332,39.96591
2172,2016-03-25,2.0.DHA,71.82595641874998,38.55674333333334
2173,2016-03-25,2.0.DHS,72.15070878958333,38.61049333333334
2174,2016-03-25,2.0A,92.1114912441667,40.729243333333336
2175,2016-03-26,2.0.DHA,65.48921594583334,32.58799333333333
2176,2016-03-26,2.0.DHS,65.72856786666667,32.64174333333333
2177,2016-03-26,2.0A,85.71470225541667,34.76049333333334
2178,2016-03-27,2.0.DHA,57.36238502608695,24.230149130434786
2179,2016-03-27,2.0.DHS,57.68881546347826,24.293236086956526
2180,2016-03-27,2.0A,76.20735379826087,26.330801304347826
2181,2016-03-28,2.0.DHA,56.408616460416674,25.21674333333334
2182,2016-03-28,2.0.DHS,56.53409919833334,25.270493333333338
2183,2016-03-28,2.0A,76.24833627583332,27.38924333333333
2184,2016-03-29,2.0.DHA,72.95849819541667,39.83674333333334
2185,2016-03-29,2.0.DHS,73.22252018541667,39.89049333333333
2186,2016-03-29,2.0A,92.93575971416665,42.00924333333332
2187,2016-03-30,2.0.DHA,72.78665257,39.32882666666667
2188,2016-03-30,2.0.DHS,73.04731765916667,39.382576666666665
2189,2016-03-30,2.0A,92.93730700083331,41.501326666666664
2190,2016-03-31,2.0.DHA,64.43681942875001,32.072160000000004
2191,2016-03-31,2.0.DHS,64.61053909500002,32.12591
2192,2016-03-31,2.0A,84.49626780708333,34.244659999999996
2193,2016-04-01,2.0.DHA,75.36402400708333,40.99966
2194,2016-04-01,2.0.DHS,75.80791788166668,41.05340999999999
2195,2016-04-01,2.0A,95.60633420125002,43.17216
2196,2016-04-02,2.0.DHA,69.96475664708335,36.413826666666665
2197,2016-04-02,2.0.DHS,70.22344642791667,36.467576666666666
2198,2016-04-02,2.0A,90.19820039708334,38.586326666666665
2199,2016-04-03,2.0.DHA,56.01635527208334,24.07841
2200,2016-04-03,2.0.DHS,56.250170518333334,24.132160000000002
2201,2016-04-03,2.0A,76.09633942416666,26.250910000000005
2202,2016-04-04,2.0.DHA,69.14144406833333,36.52674333333333
2203,2016-04-04,2.0.DHS,69.39384466916665,36.58049333333333
2204,2016-04-04,2.0A,89.20801543916666,38.699243333333335
2205,2016-04-05,2.0.DHA,61.57036014958334,30.103826666666663
2206,2016-04-05,2.0.DHS,61.77271883166666,30.15757666666666
2207,2016-04-05,2.0A,81.44489423666666,32.276326666666655
2208,2016-04-06,2.0.DHA,69.34569755583333,36.73007666666667
2209,2016-04-06,2.0.DHS,69.64523060958334,36.78382666666667
2210,2016-04-06,2.0A,89.42765971749999,38.902576666666675
2211,2016-04-07,2.0.DHA,64.56085591333333,32.38424333333334
2212,2016-04-07,2.0.DHS,64.83055065291667,32.43799333333334
2213,2016-04-07,2.0A,84.57962853958334,34.55674333333333
2214,2016-04-08,2.0.DHA,62.42714692375,29.997993333333337
2215,2016-04-08,2.0.DHS,62.73163663166667,30.051743333333338
2216,2016-04-08,2.0A,82.50489378458333,32.17049333333333
2217,2016-04-09,2.0.DHA,58.89795373041667,26.895076666666668
2218,2016-04-09,2.0.DHS,59.114651844583335,26.948826666666662
2219,2016-04-09,2.0A,78.86077831375,29.067576666666664
2220,2016-04-10,2.0.DHA,49.82039443874999,18.826326666666663
2221,2016-04-10,2.0.DHS,49.96866301833333,18.880076666666668
2222,2016-04-10,2.0A,69.7185852575,20.998826666666663
2223,2016-04-11,2.0.DHA,58.70400531833332,27.41341
2224,2016-04-11,2.0.DHS,58.905020919166674,27.467160000000003
2225,2016-04-11,2.0A,78.5828225225,29.585910000000002
2226,2016-04-12,2.0.DHA,62.679238482916666,31.08091
2227,2016-04-12,2.0.DHS,62.899727165,31.134659999999997
2228,2016-04-12,2.0A,82.61360631999999,33.25341
2229,2016-04-13,2.0.DHA,63.541780472500015,31.60216
2230,2016-04-13,2.0.DHS,63.748804776250005,31.655910000000002
2231,2016-04-13,2.0A,83.5067159675,33.774660000000004
2232,2016-04-14,2.0.DHA,66.18259758,33.76382666666667
2233,2016-04-14,2.0.DHS,66.42684440291667,33.81757666666667
2234,2016-04-14,2.0A,86.21608978958331,35.93632666666667
2235,2016-04-15,2.0.DHA,66.58619067375,33.64091
2236,2016-04-15,2.0.DHS,66.95577538166667,33.694660000000006
2237,2016-04-15,2.0A,86.78600545125,35.813410000000005
2238,2016-04-16,2.0.DHA,58.93171248041667,26.981326666666664
2239,2016-04-16,2.0.DHS,59.13692351125,27.03507666666667
2240,2016-04-16,2.0A,78.93037748041668,29.15382666666667
2241,2016-04-17,2.0.DHA,61.81232485541667,28.80674333333333
2242,2016-04-17,2.0.DHS,62.088760935,28.860493333333338
2243,2016-04-17,2.0A,81.89417484083332,30.97924333333334
2244,2016-04-18,2.0.DHA,67.29151031833334,34.978410000000004
2245,2016-04-18,2.0.DHS,67.55971383583334,35.032160000000005
2246,2016-04-18,2.0A,87.42419793916669,37.15091
2247,2016-04-19,2.0.DHA,60.12224098291667,28.876743333333327
2248,2016-04-19,2.0.DHS,60.400935915,28.93049333333333
2249,2016-04-19,2.0A,79.94479632000001,31.049243333333333
2250,2016-04-20,2.0.DHA,70.57252755583332,37.84007666666666
2251,2016-04-20,2.0.DHS,70.87948227624999,37.89382666666666
2252,2016-04-20,2.0A,90.64482513416665,40.01257666666667
2253,2016-04-21,2.0.DHA,72.87877341333335,39.45507666666668
2254,2016-04-21,2.0.DHS,73.17033023625001,39.50882666666667
2255,2016-04-21,2.0A,92.96243103958335,41.62757666666668
2256,2016-04-22,2.0.DHA,78.08746234041668,43.41007666666667
2257,2016-04-22,2.0.DHS,78.59751079833335,43.463826666666655
2258,2016-04-22,2.0A,98.45175753458334,45.58257666666666
2259,2016-04-23,2.0.DHA,63.802155813750005,31.155076666666673
2260,2016-04-23,2.0.DHS,64.05085851125001,31.208826666666667
2261,2016-04-23,2.0A,83.90993373041667,33.327576666666666
2262,2016-04-24,2.0.DHA,52.69620818875,21.238410000000002
2263,2016-04-24,2.0.DHS,52.875688435,21.29216
2264,2016-04-24,2.0A,72.66385234083333,23.410909999999998
2265,2016-04-25,2.0.DHA,67.22052448499998,34.843826666666665
2266,2016-04-25,2.0.DHS,67.52308591916666,34.89757666666667
2267,2016-04-25,2.0A,87.22577543916668,37.016326666666664
2268,2016-04-26,2.0.DHA,70.48433264958334,37.995493333333336
2269,2016-04-26,2.0.DHS,70.74666633166667,38.049243333333344
2270,2016-04-26,2.0A,90.54534632000001,40.167993333333335
2271,2016-04-27,2.0.DHA,73.99614838916666,40.74840999999999
2272,2016-04-27,2.0.DHS,74.31384644291666,40.80215999999999
2273,2016-04-27,2.0A,94.14094888416668,42.92091
2274,2016-04-28,2.0.DHA,73.04650174666666,39.77549333333334
2275,2016-04-28,2.0.DHS,73.35559565291666,39.82924333333333
2276,2016-04-28,2.0A,93.21968270625,41.947993333333336
2277,2016-04-29,2.0.DHA,74.32827067375001,40.16799333333333
2278,2016-04-29,2.0.DHS,74.726174965,40.22174333333333
2279,2016-04-29,2.0A,94.58004420125,42.340493333333335
2280,2016-04-30,2.0.DHA,66.73746998041668,33.642993333333344
2281,2016-04-30,2.0.DHS,66.98817267791667,33.69674333333334
2282,2016-04-30,2.0A,86.91449248041668,35.81549333333333
2283,2016-05-01,2.0.DHA,55.02137126166665,23.95632666666666
2284,2016-05-01,2.0.DHS,55.26335426375001,24.010076666666663
2285,2016-05-01,2.0A,74.87237906666667,26.12882666666667
2286,2016-05-02,2.0.DHA,65.16921880916668,33.99090999999999
2287,2016-05-02,2.0.DHS,65.30333382291668,34.04466
2288,2016-05-02,2.0A,84.99936777500001,36.163410000000006
2289,2016-05-03,2.0.DHA,66.664656835,35.027993333333335
2290,2016-05-03,2.0.DHS,66.85080949708332,35.08174333333333
2291,2016-05-03,2.0A,86.51172790458332,37.200493333333334
2292,2016-05-04,2.0.DHA,72.17244669541667,39.82132666666667
2293,2016-05-04,2.0.DHS,72.38754296208332,39.87507666666667
2294,2016-05-04,2.0A,92.13387346666667,41.993826666666656
2295,2016-05-05,2.0.DHA,77.0454920625,44.10757666666667
2296,2016-05-05,2.0.DHS,77.29277597125001,44.16132666666667
2297,2016-05-05,2.0A,97.11302415958333,46.28007666666667
2298,2016-05-06,2.0.DHA,76.12838749041667,43.390493333333325
2299,2016-05-06,2.0.DHS,76.34583833833334,43.44424333333333
2300,2016-05-06,2.0A,96.24430763333334,45.56299333333334
2301,2016-05-07,2.0.DHA,61.25791855416667,29.760493333333333
2302,2016-05-07,2.0.DHS,61.41708397666665,29.814243333333327
2303,2016-05-07,2.0A,81.21410086041665,31.93299333333334
2304,2016-05-08,2.0.DHA,46.400029170416666,16.668826666666664
2305,2016-05-08,2.0.DHS,46.47152253916666,16.72257666666667
2306,2016-05-08,2.0A,66.11786603624999,18.841326666666664
2307,2016-05-09,2.0.DHA,64.14321464249998,33.15341
2308,2016-05-09,2.0.DHS,64.32440840625,33.207159999999995
2309,2016-05-09,2.0A,83.90027444166667,35.32591
2310,2016-05-10,2.0.DHA,71.52921266833333,39.401743333333336
2311,2016-05-10,2.0.DHS,71.74792783041667,39.45549333333333
2312,2016-05-10,2.0A,91.45013207125002,41.574243333333335
2313,2016-05-11,2.0.DHA,68.88016002875001,36.901326666666655
2314,2016-05-11,2.0.DHS,69.10279171208335,36.95507666666666
2315,2016-05-11,2.0A,88.77214305,39.07382666666667
2316,2016-05-12,2.0.DHA,64.93525956250001,33.38382666666667
2317,2016-05-12,2.0.DHS,65.13885472125001,33.43757666666667
2318,2016-05-12,2.0A,84.78902207624999,35.55632666666667
2319,2016-05-13,2.0.DHA,59.84834790708333,28.967159999999996
2320,2016-05-13,2.0.DHS,60.03517292166666,29.02091
2321,2016-05-13,2.0A,79.73204596666667,31.139659999999996
2322,2016-05-14,2.0.DHA,51.73996188749999,21.373409999999996
2323,2016-05-14,2.0.DHS,51.82721189333333,21.42716
2324,2016-05-14,2.0A,71.49234961041667,23.545909999999996
2325,2016-05-15,2.0.DHA,52.714542920416655,22.14841
2326,2016-05-15,2.0.DHS,52.82017753916666,22.202160000000003
2327,2016-05-15,2.0A,72.54792395291668,24.320909999999998
2328,2016-05-16,2.0.DHA,65.0234546425,33.80216000000001
2329,2016-05-16,2.0.DHS,65.16170090625,33.85591
2330,2016-05-16,2.0A,84.90598444166667,35.97465999999999
2331,2016-05-17,2.0.DHA,73.89337475166667,41.48007666666666
2332,2016-05-17,2.0.DHS,74.11749408041666,41.53382666666666
2333,2016-05-17,2.0A,93.85489832125,43.652576666666654
2334,2016-05-18,2.0.DHA,72.99694711208335,40.61091
2335,2016-05-18,2.0.DHS,73.23951171208334,40.66466
2336,2016-05-18,2.0A,93.02979638333333,42.78341
2337,2016-05-19,2.0.DHA,72.80071872916666,40.39590999999999
2338,2016-05-19,2.0.DHS,73.03985805458335,40.44966
2339,2016-05-19,2.0A,92.79999707625,42.56841000000001
2340,2016-05-20,2.0.DHA,72.39127624041666,40.07674333333333
2341,2016-05-20,2.0.DHS,72.62306667166666,40.13049333333334
2342,2016-05-20,2.0A,92.41259638333332,42.24924333333333
2343,2016-05-21,2.0.DHA,61.75492605416667,30.13882666666667
2344,2016-05-21,2.0.DHS,61.88900064333333,30.192576666666668
2345,2016-05-21,2.0A,81.70968544375,32.311326666666666
2346,2016-05-22,2.0.DHA,52.22410292041666,21.68049333333333
2347,2016-05-22,2.0.DHS,52.36344170583333,21.73424333333333
2348,2016-05-22,2.0A,72.05772520291667,23.852993333333334
2349,2016-05-23,2.0.DHA,72.88567297583332,40.914243333333346
2350,2016-05-23,2.0.DHS,73.08206548958331,40.96799333333334
2351,2016-05-23,2.0A,92.843595275,43.086743333333324
2352,2016-05-24,2.0.DHA,72.92832391833333,40.65924333333333
2353,2016-05-24,2.0.DHS,73.12354866374999,40.71299333333333
2354,2016-05-24,2.0A,92.93238290458333,42.83174333333333
2355,2016-05-25,2.0.DHA,76.47835961208334,43.64299333333333
2356,2016-05-25,2.0.DHS,76.71665379541666,43.69674333333334
2357,2016-05-25,2.0A,96.54439554999999,45.81549333333333
2358,2016-05-26,2.0.DHA,78.00355497916667,44.938410000000005
2359,2016-05-26,2.0.DHS,78.20579972124999,44.992160000000005
2360,2016-05-26,2.0A,98.14646082624999,47.11091
2361,2016-05-27,2.0.DHA,77.64132749041666,44.702993333333346
2362,2016-05-27,2.0.DHS,77.815317505,44.75674333333333
2363,2016-05-27,2.0A,97.84917304999999,46.87549333333334
2364,2016-05-28,2.0.DHA,65.2142093875,33.18091
2365,2016-05-28,2.0.DHS,65.40047231,33.23466
2366,2016-05-28,2.0A,85.23498169375,35.35341
2367,2016-05-29,2.0.DHA,54.494565003750004,23.612993333333332
2368,2016-05-29,2.0.DHS,54.65563253916667,23.666743333333333
2369,2016-05-29,2.0A,74.33043311958333,25.78549333333333
2370,2016-05-30,2.0.DHA,75.87189172583335,43.53799333333333
2371,2016-05-30,2.0.DHS,76.05279257291667,43.59174333333333
2372,2016-05-30,2.0A,95.90193194166669,45.710493333333325
2373,2016-05-31,2.0.DHA,78.028781835,45.14216
2374,2016-05-31,2.0.DHS,78.23400283041667,45.19591
2375,2016-05-31,2.0A,98.09689373791669,47.31466
2376,2016-06-01,2.0.DHA,78.02939079208333,44.78841
2377,2016-06-01,2.0.DHS,78.27515937083332,44.842160000000014
2378,2016-06-01,2.0A,98.18463154166666,46.96090999999999
2379,2016-06-02,2.0.DHA,80.96361924541667,47.415076666666664
2380,2016-06-02,2.0.DHS,81.18127585833334,47.468826666666665
2381,2016-06-02,2.0A,101.13006736375,49.58757666666668
2382,2016-06-03,2.0.DHA,80.68170093375,47.57716000000001
2383,2016-06-03,2.0.DHS,80.88028091,47.63091
2384,2016-06-03,2.0A,100.85815822541666,49.749659999999984
2385,2016-06-04,2.0.DHA,81.18468650708333,47.04299333333333
2386,2016-06-04,2.0.DHS,81.3812843475,47.09674333333333
2387,2016-06-04,2.0A,101.40026097375004,49.21549333333334
2388,2016-06-05,2.0.DHA,83.48362550208333,48.231743333333334
2389,2016-06-05,2.0.DHS,83.79476747125,48.28549333333334
2390,2016-06-05,2.0A,103.83680776416666,50.40424333333335
2391,2016-06-06,2.0.DHA,85.57866471208335,51.226326666666665
2392,2016-06-06,2.0.DHS,85.80438999708333,51.280076666666666
2393,2016-06-06,2.0A,105.86068608041666,53.39882666666666
2394,2016-06-07,2.0.DHA,86.89705010458333,52.27591
2395,2016-06-07,2.0.DHS,87.14644264374999,52.32966
2396,2016-06-07,2.0A,107.18889308083332,54.44841000000002
2397,2016-06-08,2.0.DHA,82.97416495875,49.12757666666667
2398,2016-06-08,2.0.DHS,83.22684812083334,49.18132666666667
2399,2016-06-08,2.0A,103.204094875,51.30007666666666
2400,2016-06-09,2.0.DHA,82.09379174541667,48.42882666666667
2401,2016-06-09,2.0.DHS,82.34034794166666,48.48257666666668
2402,2016-06-09,2.0A,102.29110069708334,50.601326666666665
2403,2016-06-10,2.0.DHA,80.40182926708333,47.335910000000005
2404,2016-06-10,2.0.DHS,80.62039882666667,47.38966000000001
2405,2016-06-10,2.0A,100.55840530875001,49.50841
2406,2016-06-11,2.0.DHA,80.18096525708334,46.222159999999995
2407,2016-06-11,2.0.DHS,80.4164105975,46.27591
2408,2016-06-11,2.0A,100.34459305708333,48.39466000000001
2409,2016-06-12,2.0.DHA,80.06865883541666,45.30757666666668
2410,2016-06-12,2.0.DHS,80.36511455458333,45.36132666666666
2411,2016-06-12,2.0A,100.41703859749998,47.48007666666666
2412,2016-06-13,2.0.DHA,77.60097221208333,44.32132666666667
2413,2016-06-13,2.0.DHS,77.82489249708334,44.37507666666667
2414,2016-06-13,2.0A,97.75745191374999,46.49382666666667
2415,2016-06-14,2.0.DHA,78.02216218791668,44.57049333333333
2416,2016-06-14,2.0.DHS,78.23365806041667,44.62424333333333
2417,2016-06-14,2.0A,98.15410099750001,46.742993333333324
2418,2016-06-15,2.0.DHA,72.59952870874999,40.05591
2419,2016-06-15,2.0.DHS,72.8241185375,40.10966
2420,2016-06-15,2.0A,92.65950987500001,42.228410000000004
2421,2016-06-16,2.0.DHA,77.06600799541668,43.953826666666664
2422,2016-06-16,2.0.DHS,77.32702585833333,44.007576666666665
2423,2016-06-16,2.0A,97.17201986375,46.126326666666664
2424,2016-06-17,2.0.DHA,84.47670218375,50.96007666666666
2425,2016-06-17,2.0.DHS,84.67610757666667,51.01382666666666
2426,2016-06-17,2.0A,104.67879822541664,53.13257666666669
2427,2016-06-18,2.0.DHA,77.25354567375,43.641326666666664
2428,2016-06-18,2.0.DHS,77.50343643083333,43.695076666666665
2429,2016-06-18,2.0A,97.41872222374998,45.81382666666667
2430,2016-06-19,2.0.DHA,73.17729050208332,39.32049333333333
2431,2016-06-19,2.0.DHS,73.45311872125,39.374243333333325
2432,2016-06-19,2.0A,93.31943026416666,41.49299333333333
2433,2016-06-20,2.0.DHA,81.65915846208334,47.83507666666667
2434,2016-06-20,2.0.DHS,81.90283041375,47.88882666666666
2435,2016-06-20,2.0A,101.83342816375,50.007576666666665
2436,2016-06-21,2.0.DHA,82.90612885458334,48.81007666666667
2437,2016-06-21,2.0.DHS,83.11715222708334,48.86382666666666
2438,2016-06-21,2.0A,103.13620766416665,50.98257666666668
2439,2016-06-22,2.0.DHA,78.81857454208333,45.50091
2440,2016-06-22,2.0.DHS,79.00733103750001,45.554660000000005
2441,2016-06-22,2.0A,99.04581779166666,47.67341000000001
2442,2016-06-23,2.0.DHA,79.31446049541667,45.97841
2443,2016-06-23,2.0.DHS,79.54328252500001,46.032160000000005
2444,2016-06-23,2.0A,99.45113444708333,48.15090999999999
2445,2016-06-24,2.0.DHA,77.62171551708333,44.922993333333324
2446,2016-06-24,2.0.DHS,77.80696132666665,44.97674333333333
2447,2016-06-24,2.0A,97.75983197541666,47.09549333333333
2448,2016-06-25,2.0.DHA,76.84791442375,43.30424333333334
2449,2016-06-25,2.0.DHS,77.04699851416666,43.35799333333333
2450,2016-06-25,2.0A,96.98432889041665,45.476743333333324
2451,2016-06-26,2.0.DHA,67.62785716875,34.557993333333336
2452,2016-06-26,2.0.DHS,67.84365913791665,34.61174333333333
2453,2016-06-26,2.0A,87.67476443083332,36.730493333333335
2454,2016-06-27,2.0.DHA,78.34533054541666,44.94091
2455,2016-06-27,2.0.DHS,78.57664374708334,44.99466
2456,2016-06-27,2.0A,98.44018399708334,47.11341000000001
2457,2016-06-28,2.0.DHA,83.92533343791666,49.700493333333334
2458,2016-06-28,2.0.DHS,84.16168097708334,49.754243333333335
2459,2016-06-28,2.0A,104.13646349750002,51.87299333333333
2460,2016-06-29,2.0.DHA,85.95023704208334,51.77716000000001
2461,2016-06-29,2.0.DHS,86.19413187083335,51.83091000000002
2462,2016-06-29,2.0A,106.24177820833334,53.949659999999994
2463,2016-06-30,2.0.DHA,86.02805257875,51.90257666666667
2464,2016-06-30,2.0.DHS,86.27753294166666,51.95632666666666
2465,2016-06-30,2.0A,106.29464278041668,54.07507666666668
2466,2016-07-01,2.0.DHA,83.74582632833334,49.84674333333334
2467,2016-07-01,2.0.DHS,83.94781677583333,49.900493333333344
2468,2016-07-01,2.0A,104.04056364416668,52.01924333333333
2469,2016-07-02,2.0.DHA,81.06663360166667,46.664243333333324
2470,2016-07-02,2.0.DHS,81.26210804375,46.71799333333333
2471,2016-07-02,2.0A,101.27638624541665,48.836743333333345
2472,2016-07-03,2.0.DHA,76.89607098083333,42.78924333333333
2473,2016-07-03,2.0.DHS,77.14919225375,42.84299333333333
2474,2016-07-03,2.0A,96.96395343583332,44.96174333333334
2475,2016-07-04,2.0.DHA,82.11906627666666,47.919243333333334
2476,2016-07-04,2.0.DHS,82.31011852666667,47.972993333333335
2477,2016-07-04,2.0A,102.26467702416666,50.09174333333334
2478,2016-07-05,2.0.DHA,83.25543179375,48.52716
2479,2016-07-05,2.0.DHS,83.46878977541667,48.58091000000001
2480,2016-07-05,2.0A,103.53368051750003,50.699659999999994
2481,2016-07-06,2.0.DHA,83.03687199208335,48.68174333333334
2482,2016-07-06,2.0.DHS,83.24705227833334,48.735493333333345
2483,2016-07-06,2.0A,103.30050803958329,50.85424333333333
2484,2016-07-07,2.0.DHA,84.12917793583333,49.89091
2485,2016-07-07,2.0.DHS,84.29999666125,49.94465999999999
2486,2016-07-07,2.0A,104.43568941708332,52.063410000000005
2487,2016-07-08,2.0.DHA,82.59043507833333,48.79216000000002
2488,2016-07-08,2.0.DHS,82.76935552583332,48.84591
2489,2016-07-08,2.0A,102.84857697749999,50.96466
2490,2016-07-09,2.0.DHA,82.57680610166666,48.030076666666666
2491,2016-07-09,2.0.DHS,82.77515346041666,48.083826666666674
2492,2016-07-09,2.0A,102.86544291208331,50.20257666666666
2493,2016-07-10,2.0.DHA,81.01672598083333,46.42382666666666
2494,2016-07-10,2.0.DHS,81.28069433708332,46.477576666666664
2495,2016-07-10,2.0A,101.1896126025,48.59632666666667
2496,2016-07-11,2.0.DHA,83.48213419333334,49.208826666666674
2497,2016-07-11,2.0.DHS,83.71320311000001,49.26257666666666
2498,2016-07-11,2.0A,103.68342619083334,51.381326666666666
2499,2016-07-12,2.0.DHA,82.53751012708332,47.971743333333336
2500,2016-07-12,2.0.DHS,82.76372977541666,48.02549333333334
2501,2016-07-12,2.0A,102.78473218416667,50.14424333333333
2502,2016-07-13,2.0.DHA,79.41010907541668,45.56174333333333
2503,2016-07-13,2.0.DHS,79.61019019500002,45.615493333333326
2504,2016-07-13,2.0A,99.58711262291666,47.73424333333333
2505,2016-07-14,2.0.DHA,78.02490501916667,44.559243333333335
2506,2016-07-14,2.0.DHS,78.20023332791668,44.61299333333333
2507,2016-07-14,2.0A,98.15044441708335,46.731743333333334
2508,2016-07-15,2.0.DHA,79.15943966166665,45.77382666666667
2509,2016-07-15,2.0.DHS,79.38472552583333,45.827576666666666
2510,2016-07-15,2.0A,99.25961781083333,47.94632666666667
2511,2016-07-16,2.0.DHA,80.68887110166666,46.34841
2512,2016-07-16,2.0.DHS,80.91836512708333,46.40216
2513,2016-07-16,2.0A,100.87007207875001,48.52090999999999
2514,2016-07-17,2.0.DHA,82.3192613975,47.49424333333334
2515,2016-07-17,2.0.DHS,82.58594350375,47.547993333333324
2516,2016-07-17,2.0A,102.46654135249999,49.66674333333333
2517,2016-07-18,2.0.DHA,83.12207377666668,48.833826666666674
2518,2016-07-18,2.0.DHS,83.34483561,48.88757666666668
2519,2016-07-18,2.0A,103.31200952416667,51.006326666666666
2520,2016-07-19,2.0.DHA,82.64547137708335,48.05632666666668
2521,2016-07-19,2.0.DHS,82.87389769208333,48.110076666666664
2522,2016-07-19,2.0A,102.89907051750002,50.22882666666666
2523,2016-07-20,2.0.DHA,82.63169449208333,48.340076666666654
2524,2016-07-20,2.0.DHS,82.851285195,48.39382666666666
2525,2016-07-20,2.0A,102.86877512291665,50.51257666666667
2526,2016-07-21,2.0.DHA,84.86454668583333,50.59591
2527,2016-07-21,2.0.DHS,85.07707541125,50.64966000000001
2528,2016-07-21,2.0A,105.17785441708334,52.76841000000002
2529,2016-07-22,2.0.DHA,80.89851757833334,47.32924333333333
2530,2016-07-22,2.0.DHS,81.11863677583334,47.38299333333333
2531,2016-07-22,2.0A,101.07236322749998,49.50174333333333
2532,2016-07-23,2.0.DHA,80.329880685,45.99132666666667
2533,2016-07-23,2.0.DHS,80.53980346041668,46.04507666666668
2534,2016-07-23,2.0A,100.49666249541666,48.16382666666667
2535,2016-07-24,2.0.DHA,79.18034723083335,44.71924333333333
2536,2016-07-24,2.0.DHS,79.44289183708334,44.77299333333334
2537,2016-07-24,2.0A,99.2505126025,46.891743333333324
2538,2016-07-25,2.0.DHA,81.36977669333335,47.30382666666667
2539,2016-07-25,2.0.DHS,81.56801394333336,47.35757666666668
2540,2016-07-25,2.0A,101.52574285749999,49.476326666666665
2541,2016-07-26,2.0.DHA,82.23558387708333,47.681326666666656
2542,2016-07-26,2.0.DHS,82.45651852541667,47.735076666666664
2543,2016-07-26,2.0A,102.44768218416665,49.85382666666666
2544,2016-07-27,2.0.DHA,82.59593782541666,48.30424333333332
2545,2016-07-27,2.0.DHS,82.822168945,48.357993333333326
2546,2016-07-27,2.0A,102.80231803958333,50.47674333333335
2547,2016-07-28,2.0.DHA,83.14297751916666,49.05382666666667
2548,2016-07-28,2.0.DHS,83.35712249458334,49.10757666666666
2549,2016-07-28,2.0A,103.36501900041668,51.226326666666665
2550,2016-07-29,2.0.DHA,84.52446757833333,50.508410000000005
2551,2016-07-29,2.0.DHS,84.76656177583332,50.562160000000006
2552,2016-07-29,2.0A,104.76923197749998,52.680910000000004
2553,2016-07-30,2.0.DHA,82.368311935,47.86424333333334
2554,2016-07-30,2.0.DHS,82.56317471041666,47.917993333333335
2555,2016-07-30,2.0A,102.68312207875,50.03674333333331
2556,2016-07-31,2.0.DHA,77.54273598083334,43.434243333333335
2557,2016-07-31,2.0.DHS,77.78394975375001,43.48799333333333
2558,2016-07-31,2.0A,97.65243426916665,45.60674333333333
2559,2016-08-01,2.0.DHA,84.32135769125,49.87716000000001
2560,2016-08-01,2.0.DHS,84.59136546125002,49.930910000000004
2561,2016-08-01,2.0A,104.5953997525,52.04965999999999
2562,2016-08-02,2.0.DHA,83.19148294833333,49.02841
2563,2016-08-02,2.0.DHS,83.41275089375,49.082159999999995
2564,2016-08-02,2.0A,103.43250285583332,51.20091
2565,2016-08-03,2.0.DHA,85.94636111,51.31091000000001
2566,2016-08-03,2.0.DHS,86.21305597833333,51.36466000000001
2567,2016-08-03,2.0A,106.23370554750001,53.48341
2568,2016-08-04,2.0.DHA,84.21720920958334,49.67174333333333
2569,2016-08-04,2.0.DHS,84.47858351791668,49.725493333333326
2570,2016-08-04,2.0A,104.54797721749999,51.84424333333333
2571,2016-08-05,2.0.DHA,82.23533579708334,47.53632666666667
2572,2016-08-05,2.0.DHS,82.53229933708334,47.59007666666667
2573,2016-08-05,2.0A,102.51061156333331,49.70882666666666
2574,2016-08-06,2.0.DHA,81.10623213416666,45.74799333333333
2575,2016-08-06,2.0.DHS,81.40124680958333,45.80174333333334
2576,2016-08-06,2.0A,101.43991809666669,47.920493333333326
2577,2016-08-07,2.0.DHA,75.77012631208332,41.26466
2578,2016-08-07,2.0.DHS,76.06392656208334,41.31841
2579,2016-08-07,2.0A,96.02227696791665,43.43716
2580,2016-08-08,2.0.DHA,82.99608394125,48.74716000000001
2581,2016-08-08,2.0.DHS,83.28139212791667,48.80091000000001
2582,2016-08-08,2.0A,103.21633141916665,50.91966
2583,2016-08-09,2.0.DHA,80.55742003166667,46.702576666666666
2584,2016-08-09,2.0.DHS,80.75820714375,46.756326666666666
2585,2016-08-09,2.0A,100.81869410583334,48.87507666666665
2586,2016-08-10,2.0.DHA,77.19217444333334,43.595076666666664
2587,2016-08-10,2.0.DHS,77.41519222833334,43.64882666666666
2588,2016-08-10,2.0A,97.29099013083334,45.76757666666666
2589,2016-08-11,2.0.DHA,80.63423629291667,46.47591
2590,2016-08-11,2.0.DHS,80.92610268458333,46.52966
2591,2016-08-11,2.0A,100.79444180083334,48.64840999999999
2592,2016-08-12,2.0.DHA,83.73859038041668,48.83174333333334
2593,2016-08-12,2.0.DHS,84.05024308708333,48.885493333333336
2594,2016-08-12,2.0A,104.05947989666664,51.00424333333333
2595,2016-08-13,2.0.DHA,83.78599505083334,48.14216000000001
2596,2016-08-13,2.0.DHS,84.11400639291669,48.19591
2597,2016-08-13,2.0A,104.28687143,50.31465999999998
2598,2016-08-14,2.0.DHA,82.33746422875,46.87966
2599,2016-08-14,2.0.DHS,82.67875239541667,46.93340999999999
2600,2016-08-14,2.0A,102.74613613458337,49.05215999999999
2601,2016-08-15,2.0.DHA,82.95230993958333,48.711743333333324
2602,2016-08-15,2.0.DHS,83.34751478249999,48.765493333333325
2603,2016-08-15,2.0A,103.19882662500002,50.88424333333333
2604,2016-08-16,2.0.DHA,86.89542253166663,52.230493333333335
2605,2016-08-16,2.0.DHS,87.06968464374997,52.284243333333336
2606,2016-08-16,2.0A,107.30806660583333,54.402993333333335
2607,2016-08-17,2.0.DHA,85.15423986,50.586743333333324
2608,2016-08-17,2.0.DHS,85.38073556166667,50.64049333333333
2609,2016-08-17,2.0A,105.48130596416668,52.75924333333333
2610,2016-08-18,2.0.DHA,85.44127670958333,50.674659999999996
2611,2016-08-18,2.0.DHS,85.71268685125,50.72840999999999
2612,2016-08-18,2.0A,105.75355388416665,52.847159999999995
2613,2016-08-19,2.0.DHA,84.67861579708332,49.641743333333345
2614,2016-08-19,2.0.DHS,84.96858475375,49.69549333333333
2615,2016-08-19,2.0A,105.05797906333333,51.81424333333334
2616,2016-08-20,2.0.DHA,83.0278442175,47.41632666666666
2617,2016-08-20,2.0.DHS,83.30556889291667,47.47007666666667
2618,2016-08-20,2.0A,103.50159142999998,49.58882666666668
2619,2016-08-21,2.0.DHA,80.82284881208334,45.53049333333333
2620,2016-08-21,2.0.DHS,81.14162447875002,45.584243333333326
2621,2016-08-21,2.0A,101.14491571791666,47.70299333333333
2622,2016-08-22,2.0.DHA,82.88924852458332,48.63840999999999
2623,2016-08-22,2.0.DHS,83.15257171124999,48.692159999999994
2624,2016-08-22,2.0A,103.14709391916665,50.81091000000001
2625,2016-08-23,2.0.DHA,83.091938365,48.94674333333333
2626,2016-08-23,2.0.DHS,83.30375381041668,49.00049333333334
2627,2016-08-23,2.0A,103.36810827250001,51.11924333333332
2628,2016-08-24,2.0.DHA,83.35034361,49.02132666666666
2629,2016-08-24,2.0.DHS,83.58307639500002,49.07507666666666
2630,2016-08-24,2.0A,103.61862554749997,51.193826666666666
2631,2016-08-25,2.0.DHA,83.01810045958332,48.57507666666667
2632,2016-08-25,2.0.DHS,83.27910893458332,48.62882666666667
2633,2016-08-25,2.0A,103.29351888416666,50.74757666666667
2634,2016-08-26,2.0.DHA,83.59193704708333,48.690493333333336
2635,2016-08-26,2.0.DHS,83.89190058708333,48.74424333333332
2636,2016-08-26,2.0A,103.91018739666667,50.86299333333333
2637,2016-08-27,2.0.DHA,84.20554796750001,48.42632666666666
2638,2016-08-27,2.0.DHS,84.52027930958333,48.48007666666666
2639,2016-08-27,2.0A,104.66055184666668,50.598826666666675
2640,2016-08-28,2.0.DHA,83.74359214541667,48.14757666666667
2641,2016-08-28,2.0.DHS,84.10220656208334,48.20132666666667
2642,2016-08-28,2.0A,104.22537988458332,50.320076666666665
2643,2016-08-29,2.0.DHA,83.31601144124998,49.01757666666666
2644,2016-08-29,2.0.DHS,83.57272962791664,49.07132666666666
2645,2016-08-29,2.0A,103.5820260025,51.19007666666668
2646,2016-08-30,2.0.DHA,84.84988294833333,50.49424333333334
2647,2016-08-30,2.0.DHS,85.09440589375,50.54799333333333
2648,2016-08-30,2.0A,105.0906761891667,52.66674333333333
2649,2016-08-31,2.0.DHA,85.76986027666665,51.14840999999999
2650,2016-08-31,2.0.DHS,86.00449722833332,51.20215999999999
2651,2016-08-31,2.0A,106.06464388083332,53.32091
2652,2016-09-01,2.0.DHA,84.20570549208334,50.15132666666667
2653,2016-09-01,2.0.DHS,84.441072335,50.20507666666666
2654,2016-09-01,2.0A,104.64214221083334,52.32382666666666
2655,2016-09-02,2.0.DHA,87.32746139291667,52.68216000000002
2656,2016-09-02,2.0.DHS,87.53127572083332,52.73591000000002
2657,2016-09-02,2.0A,107.89637540541669,54.85466
2658,2016-09-03,2.0.DHA,83.54562589333334,50.16216000000001
2659,2016-09-03,2.0.DHS,83.98043218458332,50.21591000000001
2660,2016-09-03,2.0A,103.74007179499999,52.33466000000001
2661,2016-09-04,2.0.DHA,82.65754400541665,49.17757666666666
2662,2016-09-04,2.0.DHS,83.04501407249998,49.23132666666666
2663,2016-09-04,2.0A,102.70136392791665,51.350076666666666
2664,2016-09-05,2.0.DHA,87.98751492500001,54.108826666666666
2665,2016-09-05,2.0.DHS,88.07424742666666,54.162576666666666
2666,2016-09-05,2.0A,108.4977996033333,56.281326666666665
2667,2016-09-06,2.0.DHA,90.29420188458333,55.31882666666667
2668,2016-09-06,2.0.DHS,90.51897448916664,55.37257666666665
2669,2016-09-06,2.0A,110.86096001583333,57.49132666666666
2670,2016-09-07,2.0.DHA,91.25428810458332,56.141326666666664
2671,2016-09-07,2.0.DHS,91.48644581708334,56.195076666666665
2672,2016-09-07,2.0A,111.89648021541666,58.31382666666668
2673,2016-09-08,2.0.DHA,86.60778424208335,52.25216
2674,2016-09-08,2.0.DHS,86.84580983500001,52.305910000000004
2675,2016-09-08,2.0A,107.10443679416666,54.424659999999996
2676,2016-09-09,2.0.DHA,88.25251555958333,53.50466
2677,2016-09-09,2.0.DHS,88.49811238749999,53.55841
2678,2016-09-09,2.0A,108.80372998875002,55.67715999999999
2679,2016-09-10,2.0.DHA,83.31598839333334,49.90007666666667
2680,2016-09-10,2.0.DHS,83.77862718458334,49.953826666666664
2681,2016-09-10,2.0A,103.478785545,52.07257666666666
2682,2016-09-11,2.0.DHA,81.53220442208332,48.09882666666667
2683,2016-09-11,2.0.DHS,81.93194157249998,48.15257666666667
2684,2016-09-11,2.0A,101.54558976124999,50.271326666666674
2685,2016-09-12,2.0.DHA,84.42026825833334,50.98966000000001
2686,2016-09-12,2.0.DHS,84.53964200999998,51.04341
2687,2016-09-12,2.0A,104.81380876999998,53.16216
2688,2016-09-13,2.0.DHA,84.41643063458334,50.208826666666674
2689,2016-09-13,2.0.DHS,84.67547448916666,50.26257666666667
2690,2016-09-13,2.0A,104.83850293249999,52.38132666666667
2691,2016-09-14,2.0.DHA,83.90434560458333,49.74257666666668
2692,2016-09-14,2.0.DHS,84.16347373375001,49.796326666666666
2693,2016-09-14,2.0A,104.33680271541665,51.915076666666664
2694,2016-09-15,2.0.DHA,85.30689090874999,51.130493333333334
2695,2016-09-15,2.0.DHS,85.56845025166666,51.18424333333334
2696,2016-09-15,2.0A,105.76037512750001,53.30299333333334
2697,2016-09-16,2.0.DHA,82.87552055958334,48.82174333333335
2698,2016-09-16,2.0.DHS,83.13695822083334,48.875493333333345
2699,2016-09-16,2.0A,103.28811873875001,50.99424333333334
2700,2016-09-17,2.0.DHA,80.55766214333333,47.51882666666666
2701,2016-09-17,2.0.DHS,80.98350135124998,47.57257666666666
2702,2016-09-17,2.0A,100.68784054500003,49.69132666666665
2703,2016-09-18,2.0.DHA,76.53083567208331,43.770076666666675
2704,2016-09-18,2.0.DHS,76.85237990583333,43.82382666666667
2705,2016-09-18,2.0A,96.46342851125,45.94257666666667
2706,2016-09-19,2.0.DHA,82.90540075833333,49.65674333333334
2707,2016-09-19,2.0.DHS,83.01951492666667,49.71049333333334
2708,2016-09-19,2.0A,103.25991793666667,51.82924333333333
2709,2016-09-20,2.0.DHA,85.23211396791665,50.90466
2710,2016-09-20,2.0.DHS,85.47671573916665,50.95841000000001
2711,2016-09-20,2.0A,105.66826001583331,53.07716000000001
2712,2016-09-21,2.0.DHA,87.24513977124998,52.66174333333333
2713,2016-09-21,2.0.DHS,87.49803040041667,52.715493333333335
2714,2016-09-21,2.0A,107.75838063208334,54.83424333333335
2715,2016-09-22,2.0.DHA,88.32741674208334,53.742160000000005
2716,2016-09-22,2.0.DHS,88.544647335,53.79591
2717,2016-09-22,2.0A,108.88363096083329,55.91465999999999
2718,2016-09-23,2.0.DHA,88.13566722625,53.417159999999996
2719,2016-09-23,2.0.DHS,88.39031738749998,53.47091
2720,2016-09-23,2.0A,108.67777832208337,55.58965999999998
2721,2016-09-24,2.0.DHA,81.73337464333333,48.59299333333334
2722,2016-09-24,2.0.DHS,82.16805343458334,48.646743333333326
2723,2016-09-24,2.0A,101.92963679500002,50.765493333333325
2724,2016-09-25,2.0.DHA,84.72840525541666,50.85007666666667
2725,2016-09-25,2.0.DHS,85.15602407249999,50.90382666666667
2726,2016-09-25,2.0A,104.76546226125,53.02257666666666
2727,2016-09-26,2.0.DHA,87.373042425,53.63007666666667
2728,2016-09-26,2.0.DHS,87.50289159333335,53.683826666666675
2729,2016-09-26,2.0A,107.81395002,55.802576666666674
2730,2016-09-27,2.0.DHA,85.33658230125,51.00549333333333
2731,2016-09-27,2.0.DHS,85.59907740583334,51.059243333333335
2732,2016-09-27,2.0A,105.78006334916667,53.17799333333334
2733,2016-09-28,2.0.DHA,84.61398977125,50.386743333333335
2734,2016-09-28,2.0.DHS,84.90135248375,50.440493333333336
2735,2016-09-28,2.0A,105.03483854875002,52.55924333333332
2736,2016-09-29,2.0.DHA,84.63185757541667,50.542159999999996
2737,2016-09-29,2.0.DHS,84.88895441833333,50.59591
2738,2016-09-29,2.0A,105.04369596083335,52.71466
2739,2016-09-30,2.0.DHA,86.64718639291665,52.11966
2740,2016-09-30,2.0.DHS,86.90486863749999,52.17341000000001
2741,2016-09-30,2.0A,107.16002623875,54.292159999999996
2742,2016-10-01,2.0.DHA,87.97429518374999,53.15216
2743,2016-10-01,2.0.DHS,88.48970311708332,53.20591000000001
2744,2016-10-01,2.0A,108.21120870500003,55.32466
2745,2016-10-02,2.0.DHA,87.85122431416666,53.03049333333333
2746,2016-10-02,2.0.DHS,88.34063165458332,53.084243333333326
2747,2016-10-02,2.0A,107.90480763208326,55.20299333333333
2748,2016-10-03,2.0.DHA,91.95035971166665,56.77757666666667
2749,2016-10-03,2.0.DHS,92.21863882708332,56.831326666666676
2750,2016-10-03,2.0A,112.37221177499998,58.95007666666667
2751,2016-10-04,2.0.DHA,97.00489840583333,61.12882666666667
2752,2016-10-04,2.0.DHS,97.3236551,61.18257666666667
2753,2016-10-04,2.0A,117.55288269458332,63.301326666666654
2754,2016-10-05,2.0.DHA,93.69121306041667,58.37507666666667
2755,2016-10-05,2.0.DHS,94.03623105583335,58.42882666666666
2756,2016-10-05,2.0A,114.1187835533333,60.547576666666664
2757,2016-10-06,2.0.DHA,96.24977651833335,60.75257666666666
2758,2016-10-06,2.0.DHS,96.57474940375003,60.806326666666656
2759,2016-10-06,2.0A,116.74586873999999,62.925076666666676
2760,2016-10-07,2.0.DHA,99.23834355291667,63.010493333333336
2761,2016-10-07,2.0.DHS,99.55782510291665,63.064243333333344
2762,2016-10-07,2.0A,119.92935747916668,65.18299333333333
2763,2016-10-08,2.0.DHA,92.60706393375,57.236326666666656
2764,2016-10-08,2.0.DHS,93.17341561708332,57.29007666666666
2765,2016-10-08,2.0A,112.93523162166666,59.40882666666668
2766,2016-10-09,2.0.DHA,86.17865723083332,51.562576666666665
2767,2016-10-09,2.0.DHS,86.62194290458332,51.61632666666666
2768,2016-10-09,2.0A,106.19554054875003,53.73507666666668
2769,2016-10-10,2.0.DHA,97.41905971166665,61.556326666666656
2770,2016-10-10,2.0.DHS,97.73767299375,61.61007666666668
2771,2016-10-10,2.0A,117.893530525,63.728826666666656
2772,2016-10-11,2.0.DHA,100.10516173916666,63.85549333333332
2773,2016-10-11,2.0.DHS,100.46526468333333,63.909243333333336
2774,2016-10-11,2.0A,120.71353019458333,66.02799333333333
2775,2016-10-12,2.0.DHA,93.60209669833334,59.17757666666666
2776,2016-10-12,2.0.DHS,94.14868112416667,59.23132666666666
2777,2016-10-12,2.0A,113.50211479583332,61.35007666666666
2778,2016-10-13,2.0.DHA,100.25665276833332,64.28049333333334
2779,2016-10-13,2.0.DHS,100.64109732041665,64.33424333333333
2780,2016-10-13,2.0A,120.76063957333334,66.45299333333332
2781,2016-10-14,2.0.DHA,98.67244896958334,62.541326666666684
2782,2016-10-14,2.0.DHS,99.03331593625,62.59507666666667
2783,2016-10-14,2.0A,119.3253603958333,64.71382666666666
2784,2016-10-15,2.0.DHA,89.27389476708333,54.32090999999999
2785,2016-10-15,2.0.DHS,89.77497895041665,54.37466
2786,2016-10-15,2.0A,109.53648328833334,56.493410000000004
2787,2016-10-16,2.0.DHA,89.59261806416667,54.459243333333326
2788,2016-10-16,2.0.DHS,90.06158207124999,54.512993333333334
2789,2016-10-16,2.0A,109.60734763208336,56.63174333333334
2790,2016-10-17,2.0.DHA,103.84039637833335,67.14799333333335
2791,2016-10-17,2.0.DHS,104.18508466041668,67.20174333333334
2792,2016-10-17,2.0A,124.45048760833332,69.32049333333333
2793,2016-10-18,2.0.DHA,100.76863173916666,64.43507666666666
2794,2016-10-18,2.0.DHS,101.15818134999996,64.48882666666667
2795,2016-10-18,2.0A,121.33095894458332,66.60757666666667
2796,2016-10-19,2.0.DHA,102.68743681041666,66.26507666666664
2797,2016-10-19,2.0.DHS,103.0964164725,66.31882666666665
2798,2016-10-19,2.0A,123.25985688666667,68.43757666666666
2799,2016-10-20,2.0.DHA,102.32293943500001,66.09716000000002
2800,2016-10-20,2.0.DHS,102.69879523708335,66.15091
2801,2016-10-20,2.0A,122.88181165666668,68.26966000000002
2802,2016-10-21,2.0.DHA,102.90397021958331,66.25841
2803,2016-10-21,2.0.DHS,103.29907468624998,66.31216
2804,2016-10-21,2.0A,123.5989253958333,68.43091
2805,2016-10-22,2.0.DHA,95.92892310041667,60.10299333333334
2806,2016-10-22,2.0.DHS,96.57922603375,60.156743333333345
2807,2016-10-22,2.0A,116.32666412166664,62.27549333333332
2808,2016-10-23,2.0.DHA,83.69398431416666,49.310909999999986
2809,2016-10-23,2.0.DHS,84.11773748791666,49.36465999999999
2810,2016-10-23,2.0A,103.63053346541665,51.48341000000001
2811,2016-10-24,2.0.DHA,98.45504012833335,62.46674333333334
2812,2016-10-24,2.0.DHS,98.78916466041669,62.52049333333334
2813,2016-10-24,2.0A,118.93022344166666,64.63924333333334
2814,2016-10-25,2.0.DHA,102.76186757250002,66.14591
2815,2016-10-25,2.0.DHS,103.18354343333334,66.19966000000001
2816,2016-10-25,2.0A,123.31632477791668,68.31840999999999
2817,2016-10-26,2.0.DHA,103.63895139374999,67.10966
2818,2016-10-26,2.0.DHS,104.06741563916667,67.16341
2819,2016-10-26,2.0A,124.23576522,69.28215999999999
2820,2016-10-27,2.0.DHA,99.64150193500001,63.73466
2821,2016-10-27,2.0.DHS,100.03481815375001,63.78841
2822,2016-10-27,2.0A,120.10907332333335,65.90715999999999
2823,2016-10-28,2.0.DHA,100.48895688625,64.12257666666666
2824,2016-10-28,2.0.DHS,100.90462718625001,64.17632666666667
2825,2016-10-28,2.0A,121.16361331249999,66.29507666666667
2826,2016-10-29,2.0.DHA,97.11728101708336,61.11591000000001
2827,2016-10-29,2.0.DHS,97.72418270041668,61.16966
2828,2016-10-29,2.0A,117.48049578833331,63.28841
2829,2016-10-30,2.0.DHA,94.18971206119998,59.73161
2830,2016-10-30,2.0.DHS,91.10337745681818,58.42681909090909
2831,2016-10-30,2.0A,115.35647014680002,61.97020999999999
2832,2016-10-31,2.0.DHA,97.75218814750002,61.785076666666676
2833,2016-10-31,2.0.DHS,97.97824632708334,61.83882666666668
2834,2016-10-31,2.0A,118.26350094166666,63.95757666666665
2835,2016-11-01,2.0.DHA,92.22220211541666,58.22674333333334
2836,2016-11-01,2.0.DHS,92.62345609,58.28049333333335
2837,2016-11-01,2.0A,112.53746975291665,60.399243333333324
2838,2016-11-02,2.0.DHA,105.61172656208335,68.2692433333333
2839,2016-11-02,2.0.DHS,106.14415314041666,68.32299333333333
2840,2016-11-02,2.0A,126.32551822333336,70.44174333333335
2841,2016-11-03,2.0.DHA,107.41816137166667,69.81507666666667
2842,2016-11-03,2.0.DHS,107.91847480375002,69.86882666666666
2843,2016-11-03,2.0A,128.25716807333333,71.98757666666667
2844,2016-11-04,2.0.DHA,105.46125340541668,67.53966000000001
2845,2016-11-04,2.0.DHS,106.02038843333334,67.59341
2846,2016-11-04,2.0A,126.35724437166665,69.71216000000001
2847,2016-11-05,2.0.DHA,95.73002232166668,58.16882666666666
2848,2016-11-05,2.0.DHS,96.23508338791667,58.22257666666667
2849,2016-11-05,2.0A,116.47772576124999,60.34132666666667
2850,2016-11-06,2.0.DHA,90.45404154,53.248826666666666
2851,2016-11-06,2.0.DHS,90.95737610083334,53.30257666666668
2852,2016-11-06,2.0A,111.07319441416666,55.421326666666666
2853,2016-11-07,2.0.DHA,101.33760963416665,64.54674333333334
2854,2016-11-07,2.0.DHS,101.81725638791669,64.60049333333333
2855,2016-11-07,2.0A,122.09733976083335,66.71924333333334
2856,2016-11-08,2.0.DHA,97.314096,61.07841000000001
2857,2016-11-08,2.0.DHS,97.73840496416665,61.132160000000006
2858,2016-11-08,2.0A,117.92710825208333,63.25091
2859,2016-11-09,2.0.DHA,94.71289947874999,58.760909999999996
2860,2016-11-09,2.0.DHS,95.20226855708334,58.814659999999996
2861,2016-11-09,2.0A,115.21483530666666,60.93341
2862,2016-11-10,2.0.DHA,103.53047678833333,66.45382666666666
2863,2016-11-10,2.0.DHS,104.03743022041668,66.50757666666664
2864,2016-11-10,2.0A,124.28146849,68.62632666666669
2865,2016-11-11,2.0.DHA,105.08728215541667,67.20632666666667
2866,2016-11-11,2.0.DHS,105.69009134999999,67.26007666666668
2867,2016-11-11,2.0A,125.97449062166667,69.37882666666665
2868,2016-11-12,2.0.DHA,104.62054482166667,65.57466000000001
2869,2016-11-12,2.0.DHS,105.15838588791667,65.62841
2870,2016-11-12,2.0A,125.46791367791666,67.74716
2871,2016-11-13,2.0.DHA,97.91338279,59.61424333333334
2872,2016-11-13,2.0.DHS,98.41652151749999,59.66799333333333
2873,2016-11-13,2.0A,118.76247108083332,61.78674333333334
2874,2016-11-14,2.0.DHA,97.55783338416666,61.21507666666667
2875,2016-11-14,2.0.DHS,98.00578680458335,61.26882666666666
2876,2016-11-14,2.0A,118.2177776775,63.38757666666667
2877,2016-11-15,2.0.DHA,102.57062558333332,65.60757666666667
2878,2016-11-15,2.0.DHS,103.05086996416668,65.66132666666665
2879,2016-11-15,2.0A,123.22951158541666,67.78007666666666
2880,2016-11-16,2.0.DHA,107.61166447875,70.02924333333333
2881,2016-11-16,2.0.DHS,108.14105689041666,70.08299333333333
2882,2016-11-16,2.0A,128.37044864,72.20174333333334
2883,2016-11-17,2.0.DHA,105.49641970500001,68.17674333333333
2884,2016-11-17,2.0.DHS,105.95884855374999,68.23049333333334
2885,2016-11-17,2.0A,126.33370390666664,70.34924333333335
2886,2016-11-18,2.0.DHA,102.10057965541665,64.66882666666667
2887,2016-11-18,2.0.DHS,102.69120051666668,64.72257666666667
2888,2016-11-18,2.0A,122.91181978833332,66.84132666666665
2889,2016-11-19,2.0.DHA,98.20282607166666,60.305493333333345
2890,2016-11-19,2.0.DHS,98.70138380458333,60.35924333333333
2891,2016-11-19,2.0A,119.03424576125,62.47799333333334
2892,2016-11-20,2.0.DHA,86.15564279,49.68216000000001
2893,2016-11-20,2.0.DHS,86.63346735083336,49.73591
2894,2016-11-20,2.0A,106.7165227475,51.85466
2895,2016-11-21,2.0.DHA,86.96215796749999,52.077993333333346
2896,2016-11-21,2.0.DHS,87.49884180458334,52.13174333333333
2897,2016-11-21,2.0A,107.24112976083332,54.25049333333332
2898,2016-11-22,2.0.DHA,106.47757016666667,69.01799333333334
2899,2016-11-22,2.0.DHS,106.91082621416668,69.07174333333333
2900,2016-11-22,2.0A,127.26220700208334,71.19049333333332
2901,2016-11-23,2.0.DHA,100.15343447874999,63.53257666666667
2902,2016-11-23,2.0.DHS,100.68165689041666,63.586326666666686
2903,2016-11-23,2.0A,120.79712364000001,65.70507666666667
2904,2016-11-24,2.0.DHA,100.17851387166667,63.530910000000006
2905,2016-11-24,2.0.DHS,100.65015480375,63.58466000000001
2906,2016-11-24,2.0A,120.88413765666668,65.70340999999999
2907,2016-11-25,2.0.DHA,99.27371798875002,62.20674333333333
2908,2016-11-25,2.0.DHS,99.80732426666667,62.26049333333332
2909,2016-11-25,2.0A,120.01699645499998,64.37924333333333
2910,2016-11-26,2.0.DHA,93.11793357166668,55.82132666666667
2911,2016-11-26,2.0.DHS,93.60097963791667,55.875076666666665
2912,2016-11-26,2.0A,113.73511201124997,57.99382666666667
2913,2016-11-27,2.0.DHA,96.67350653999999,58.50882666666667
2914,2016-11-27,2.0.DHS,97.19115151749999,58.562576666666665
2915,2016-11-27,2.0A,117.44267233083333,60.68132666666667
2916,2016-11-28,2.0.DHA,105.77385880083334,68.37674333333335
2917,2016-11-28,2.0.DHS,106.29179222124999,68.43049333333335
2918,2016-11-28,2.0A,126.57814851083333,70.54924333333332
2919,2016-11-29,2.0.DHA,108.98534475000001,71.20382666666667
2920,2016-11-29,2.0.DHS,109.44917663083332,71.25757666666667
2921,2016-11-29,2.0A,129.81756741875003,73.37632666666669
2922,2016-11-30,2.0.DHA,100.26526947875003,63.59966000000001
2923,2016-11-30,2.0.DHS,100.77938147374999,63.65341000000001
2924,2016-11-30,2.0A,120.89688863999997,65.77215999999999
2925,2016-12-01,2.0.DHA,110.20950410500002,70.17632666666667
2926,2016-12-01,2.0.DHS,110.94853638250002,70.23007666666668
2927,2016-12-01,2.0A,131.2434863808334,72.34882666666665
2928,2016-12-02,2.0.DHA,112.39371695749999,72.11007666666667
2929,2016-12-02,2.0.DHS,113.1222115554167,72.16382666666668
2930,2016-12-02,2.0A,133.7135901516667,74.28257666666666
2931,2016-12-03,2.0.DHA,104.19025240666669,63.42007666666665
2932,2016-12-03,2.0.DHS,104.87229217750001,63.473826666666646
2933,2016-12-03,2.0A,125.31575173333333,65.59257666666667
2934,2016-12-04,2.0.DHA,95.97979751666666,55.919243333333334
2935,2016-12-04,2.0.DHS,96.6229895375,55.972993333333314
2936,2016-12-04,2.0A,116.94809677541667,58.09174333333335
2937,2016-12-05,2.0.DHA,106.41023666833335,67.43841
2938,2016-12-05,2.0.DHS,107.00723870708333,67.49216
2939,2016-12-05,2.0A,127.37259505083337,69.61091
2940,2016-12-06,2.0.DHA,108.17414084083333,70.51507666666667
2941,2016-12-06,2.0.DHS,108.91101761583333,70.56882666666668
2942,2016-12-06,2.0A,128.6179428270833,72.68757666666667
2943,2016-12-07,2.0.DHA,108.64886960666668,69.34549333333334
2944,2016-12-07,2.0.DHS,109.26354516333335,69.39924333333333
2945,2016-12-07,2.0A,129.71943145083333,71.51799333333332
2946,2016-12-08,2.0.DHA,98.48181259999997,61.349243333333334
2947,2016-12-08,2.0.DHS,98.94860415041666,61.40299333333334
2948,2016-12-08,2.0A,118.94988187624999,63.52174333333334
2949,2016-12-09,2.0.DHA,101.20307070749999,62.624660000000006
2950,2016-12-09,2.0.DHS,101.88185030541666,62.67840999999999
2951,2016-12-09,2.0A,122.21760890166667,64.79716
2952,2016-12-10,2.0.DHA,105.53843657333334,64.37466
2953,2016-12-10,2.0.DHS,106.28614051083336,64.42841
2954,2016-12-10,2.0A,126.56823298333335,66.54716
2955,2016-12-11,2.0.DHA,109.9369450166667,67.35632666666667
2956,2016-12-11,2.0.DHS,110.63903953750001,67.41007666666665
2957,2016-12-11,2.0A,131.30823010875,69.52882666666669
2958,2016-12-12,2.0.DHA,110.48137000166668,70.86674333333333
2959,2016-12-12,2.0.DHS,111.09346412374998,70.92049333333334
2960,2016-12-12,2.0A,131.5548417175,73.03924333333335
2961,2016-12-13,2.0.DHA,111.77891370083331,72.04382666666667
2962,2016-12-13,2.0.DHS,112.42508057041665,72.09757666666668
2963,2016-12-13,2.0A,132.93280236875,74.21632666666666
2964,2016-12-14,2.0.DHA,110.37769835666667,70.82507666666666
2965,2016-12-14,2.0.DHS,111.05474349666667,70.87882666666665
2966,2016-12-14,2.0A,131.40656395083337,72.99757666666667
2967,2016-12-15,2.0.DHA,113.78345868833334,73.28507666666668
2968,2016-12-15,2.0.DHS,114.54062554916669,73.33882666666668
2969,2016-12-15,2.0A,134.94055846416666,75.45757666666667
2970,2016-12-16,2.0.DHA,110.77505404083331,70.76966
2971,2016-12-16,2.0.DHS,111.56703530541667,70.82340999999998
2972,2016-12-16,2.0A,131.97902098499998,72.94216
2973,2016-12-17,2.0.DHA,103.80545240666665,62.99007666666666
2974,2016-12-17,2.0.DHS,104.49454009416665,63.04382666666666
2975,2016-12-17,2.0A,124.84034173333332,65.16257666666667
2976,2016-12-18,2.0.DHA,102.62379793333334,61.29299333333333
2977,2016-12-18,2.0.DHS,103.2960570375,61.346743333333336
2978,2016-12-18,2.0A,123.71145510874999,63.465493333333335
2979,2016-12-19,2.0.DHA,111.12170791833331,71.46674333333333
2980,2016-12-19,2.0.DHS,111.78367287374998,71.52049333333333
2981,2016-12-19,2.0A,132.17434296750002,73.63924333333334
2982,2016-12-20,2.0.DHA,110.37985828416664,70.84924333333335
2983,2016-12-20,2.0.DHS,111.09227182041667,70.90299333333333
2984,2016-12-20,2.0A,131.43813861874997,73.02174333333332
2985,2016-12-21,2.0.DHA,110.32309419000002,70.74757666666666
2986,2016-12-21,2.0.DHS,111.00824808,70.80132666666667
2987,2016-12-21,2.0A,131.35807228416667,72.92007666666667
2988,2016-12-22,2.0.DHA,112.56400660500002,72.19549333333335
2989,2016-12-22,2.0.DHS,113.35419054916663,72.24924333333334
2990,2016-12-22,2.0A,133.66491721416665,74.36799333333333
2991,2016-12-23,2.0.DHA,111.28139779083334,71.15549333333333
2992,2016-12-23,2.0.DHS,112.09197947208332,71.20924333333333
2993,2016-12-23,2.0A,132.53348931833332,73.32799333333332
2994,2016-12-24,2.0.DHA,105.16444240666665,64.11674333333333
2995,2016-12-24,2.0.DHS,105.90183384416666,64.17049333333334
2996,2016-12-24,2.0A,126.22542298333333,66.28924333333333
2997,2016-12-25,2.0.DHA,100.08411199791668,59.012159999999994
2998,2016-12-25,2.0.DHS,100.73970189041665,59.065909999999995
2999,2016-12-25,2.0A,121.20682075874997,61.18466000000001
3000,2016-12-26,2.0.DHA,100.85436875166666,62.63799333333333
3001,2016-12-26,2.0.DHS,101.36741162374999,62.69174333333334
3002,2016-12-26,2.0A,121.83309046750001,64.81049333333331
3003,2016-12-27,2.0.DHA,108.16154203416669,68.92799333333333
3004,2016-12-27,2.0.DHS,108.87290057041668,68.98174333333333
3005,2016-12-27,2.0A,129.14421403541667,71.10049333333333
3006,2016-12-28,2.0.DHA,104.45969043999999,65.75549333333333
3007,2016-12-28,2.0.DHS,105.10443641333335,65.80924333333333
3008,2016-12-28,2.0A,125.38784145083332,67.92799333333335
3009,2016-12-29,2.0.DHA,105.07851285499999,65.83466
3010,2016-12-29,2.0.DHS,105.79733929916667,65.88841000000001
3011,2016-12-29,2.0A,125.99062138083333,68.00716
3012,2016-12-30,2.0.DHA,109.1018969575,69.28382666666666
3013,2016-12-30,2.0.DHS,109.90814613874998,69.33757666666666
3014,2016-12-30,2.0A,130.29600223499997,71.45632666666668
3015,2016-12-31,2.0.DHA,108.43941782333333,66.79466000000001
3016,2016-12-31,2.0.DHS,109.1934846775,66.84841
3017,2016-12-31,2.0A,129.58231965000002,68.96715999999999
3018,2017-01-01,2.0.DHA,104.25902193125,63.019785000000006
3019,2017-01-01,2.0.DHS,104.76302271416667,63.07441
3020,2017-01-01,2.0A,125.54019664958332,65.22536833333335
3021,2017-01-02,2.0.DHA,108.5872674125,69.659785
3022,2017-01-02,2.0.DHS,109.17315673750001,69.71449333333332
3023,2017-01-02,2.0A,129.74154829375001,71.86553500000001
3024,2017-01-03,2.0.DHA,113.93826556666666,74.56691
3025,2017-01-03,2.0.DHS,114.63399786916666,74.62132666666666
3026,2017-01-03,2.0A,135.0647552175,76.77249333333334
3027,2017-01-04,2.0.DHA,116.00395947124998,75.15524333333333
3028,2017-01-04,2.0.DHS,116.81223142500001,75.20974333333332
3029,2017-01-04,2.0A,137.41125384583333,77.36086833333333
3030,2017-01-05,2.0.DHA,112.99421529500002,73.18699333333332
3031,2017-01-05,2.0.DHS,113.68132168083334,73.24149333333334
3032,2017-01-05,2.0A,134.17824276916667,75.39265999999999
3033,2017-01-06,2.0.DHA,113.4981256041667,73.91157666666665
3034,2017-01-06,2.0.DHS,114.17617380083334,73.96607666666667
3035,2017-01-06,2.0A,134.7080162366667,76.11707666666668
3036,2017-01-07,2.0.DHA,117.0108500225,74.59132666666667
3037,2017-01-07,2.0.DHS,117.92375350458333,74.64586833333334
3038,2017-01-07,2.0A,138.56486413916667,76.79695166666669
3039,2017-01-08,2.0.DHA,111.39306081500001,69.84424333333332
3040,2017-01-08,2.0.DHS,112.26348558208332,69.89882666666666
3041,2017-01-08,2.0A,132.75783437958333,72.04990999999998
3042,2017-01-09,2.0.DHA,121.75648349583336,80.98899333333334
3043,2017-01-09,2.0.DHS,122.5014048625,81.04361833333333
3044,2017-01-09,2.0A,143.10985187708334,83.19445166666667
3045,2017-01-10,2.0.DHA,114.90478135833332,75.40732666666666
3046,2017-01-10,2.0.DHS,115.59352061916665,75.46191
3047,2017-01-10,2.0A,136.09253309250002,77.61291
3048,2017-01-11,2.0.DHA,124.34956130458335,82.18020166666666
3049,2017-01-11,2.0.DHS,125.30128479999998,82.23466
3050,2017-01-11,2.0A,145.78208209583332,84.38561833333335
3051,2017-01-12,2.0.DHA,125.97623358666665,84.30032666666666
3052,2017-01-12,2.0.DHS,126.75374534749999,84.35486833333333
3053,2017-01-12,2.0A,147.5209054775,86.50590999999997
3054,2017-01-13,2.0.DHA,117.72079243750001,77.56095166666667
3055,2017-01-13,2.0.DHS,118.5263014675,77.61549333333332
3056,2017-01-13,2.0A,138.93322582,79.76645166666667
3057,2017-01-14,2.0.DHA,117.58283193916664,75.09561833333335
3058,2017-01-14,2.0.DHS,118.53436696291665,75.15020166666669
3059,2017-01-14,2.0A,139.22150955583334,77.30111833333335
3060,2017-01-15,2.0.DHA,114.06809164833334,72.079535
3061,2017-01-15,2.0.DHS,114.98947874875,72.13411833333335
3062,2017-01-15,2.0A,135.50048342125004,74.28520166666667
3063,2017-01-16,2.0.DHA,118.95490403749999,78.56766
3064,2017-01-16,2.0.DHS,119.72888490416669,78.62228499999999
3065,2017-01-16,2.0A,140.2371152104167,80.77332666666668
3066,2017-01-17,2.0.DHA,123.02898710833334,82.3709516666667
3067,2017-01-17,2.0.DHS,123.82450336916668,82.42553500000002
3068,2017-01-17,2.0A,144.31119305083334,84.57657666666668
3069,2017-01-18,2.0.DHA,131.27154392958332,88.03299333333332
3070,2017-01-18,2.0.DHS,132.30310609166665,88.08749333333333
3071,2017-01-18,2.0A,152.92871467916666,90.238535
3072,2017-01-19,2.0.DHA,138.760584545,95.14757666666667
3073,2017-01-19,2.0.DHS,139.64373197249995,95.20220166666665
3074,2017-01-19,2.0A,160.51275385250003,97.35320166666668
3075,2017-01-20,2.0.DHA,141.0090781458333,97.53891
3076,2017-01-20,2.0.DHS,141.98438550916666,97.59341
3077,2017-01-20,2.0A,162.71960423666664,99.74436833333333
3078,2017-01-21,2.0.DHA,134.69746289750003,89.30832666666667
3079,2017-01-21,2.0.DHS,135.78598829625,89.36291
3080,2017-01-21,2.0A,156.74842280583334,91.51395166666669
3081,2017-01-22,2.0.DHA,126.99193473166667,82.82399333333332
3082,2017-01-22,2.0.DHS,128.04161549875002,82.878535
3083,2017-01-22,2.0A,148.7355894629167,85.02957666666667
3084,2017-01-23,2.0.DHA,135.96680853750001,93.12016
3085,2017-01-23,2.0.DHS,136.84536098750002,93.17474333333332
3086,2017-01-23,2.0A,157.64272283541666,95.32574333333332
3087,2017-01-24,2.0.DHA,140.11921802500004,97.0379933333333
3088,2017-01-24,2.0.DHS,141.02878453583335,97.0926183333333
3089,2017-01-24,2.0A,161.83129300916667,99.24365999999998
3090,2017-01-25,2.0.DHA,146.5775202629167,100.97507666666667
3091,2017-01-25,2.0.DHS,147.69936467500003,101.02957666666664
3092,2017-01-25,2.0A,168.69225376250003,103.18057666666665
3093,2017-01-26,2.0.DHA,141.00489071166666,97.00553500000001
3094,2017-01-26,2.0.DHS,141.80938601416668,97.05999333333331
3095,2017-01-26,2.0A,162.9726301441667,99.21107666666666
3096,2017-01-27,2.0.DHA,126.76923527083335,85.39378500000002
3097,2017-01-27,2.0.DHS,127.58719805083332,85.44832666666667
3098,2017-01-27,2.0A,148.27291223666668,87.59945166666667
3099,2017-01-28,2.0.DHA,112.35859789749998,70.70432666666667
3100,2017-01-28,2.0.DHS,113.31247125458331,70.75882666666666
3101,2017-01-28,2.0A,133.7521303475,72.909785
3102,2017-01-29,2.0.DHA,114.57072423166666,72.43603499999999
3103,2017-01-29,2.0.DHS,115.53512345708333,72.49070166666665
3104,2017-01-29,2.0A,135.93966471291668,74.64170166666666
3105,2017-01-30,2.0.DHA,120.8922287875,80.22161833333332
3106,2017-01-30,2.0.DHS,121.70352473749999,80.27624333333334
3107,2017-01-30,2.0A,142.19156925208333,82.42724333333332
3108,2017-01-31,2.0.DHA,124.14616802500002,83.31395166666665
3109,2017-01-31,2.0.DHS,124.92904566083335,83.36849333333332
3110,2017-01-31,2.0A,145.4318113425,85.5195766666667
3111,2017-02-01,2.0.DHA,118.65217917833333,78.50670166666667
3112,2017-02-01,2.0.DHS,119.33259760583333,78.56132666666667
3113,2017-02-01,2.0A,140.0092165458333,80.712285
3114,2017-02-02,2.0.DHA,96.11068987374999,59.18824333333331
3115,2017-02-02,2.0.DHS,96.67277769125,59.242743333333316
3116,2017-02-02,2.0A,116.95198885333332,61.39386833333333
3117,2017-02-03,2.0.DHA,96.12391031833333,58.547410000000006
3118,2017-02-03,2.0.DHS,96.72783014624999,58.60199333333333
3119,2017-02-03,2.0A,117.008368035,60.75299333333334
3120,2017-02-04,2.0.DHA,93.23154637791667,54.38574333333333
3121,2017-02-04,2.0.DHS,93.94948291125002,54.440326666666685
3122,2017-02-04,2.0A,114.26850788958336,56.59136833333333
3123,2017-02-05,2.0.DHA,77.91839283291667,41.55949333333333
3124,2017-02-05,2.0.DHS,78.50945232333333,41.61420166666666
3125,2017-02-05,2.0A,98.51558598125,43.76516
3126,2017-02-06,2.0.DHA,97.22089122541666,60.228035000000006
3127,2017-02-06,2.0.DHS,97.80830391374997,60.28257666666668
3128,2017-02-06,2.0A,118.21409823666664,62.43366
3129,2017-02-07,2.0.DHA,102.55915451999999,64.93528500000001
3130,2017-02-07,2.0.DHS,103.18595961958333,64.98995166666666
3131,2017-02-07,2.0A,123.59414477958332,67.14086833333333
3132,2017-02-08,2.0.DHA,102.65594197,64.76816
3133,2017-02-08,2.0.DHS,103.29569231416666,64.82270166666666
3134,2017-02-08,2.0A,123.59075104583333,66.97374333333335
3135,2017-02-09,2.0.DHA,108.97227449875,70.20091000000001
3136,2017-02-09,2.0.DHS,109.60416560791667,70.25557666666668
3137,2017-02-09,2.0A,130.08216085333336,72.406535
3138,2017-02-10,2.0.DHA,113.73256035999998,73.46986833333334
3139,2017-02-10,2.0.DHS,114.52143293791664,73.524535
3140,2017-02-10,2.0A,134.95020586833337,75.67553500000001
3141,2017-02-11,2.0.DHA,103.52654783625,62.931618333333326
3142,2017-02-11,2.0.DHS,104.29486291124998,62.98603499999999
3143,2017-02-11,2.0A,124.94442076458331,65.13703499999998
3144,2017-02-12,2.0.DHA,91.01232045791669,52.39691
3145,2017-02-12,2.0.DHS,91.60610069833335,52.45132666666666
3146,2017-02-12,2.0A,112.16914243958338,54.60241
3147,2017-02-13,2.0.DHA,97.67302968374997,60.63157666666667
3148,2017-02-13,2.0.DHS,98.28947312208332,60.686035
3149,2017-02-13,2.0A,118.61783348666665,62.83699333333333
3150,2017-02-14,2.0.DHA,102.90730664499999,65.21695166666665
3151,2017-02-14,2.0.DHS,103.53071153624997,65.27161833333332
3152,2017-02-14,2.0A,123.88281869625001,67.422535
3153,2017-02-15,2.0.DHA,103.19496988666664,65.219535
3154,2017-02-15,2.0.DHS,103.79770798083332,65.27407666666666
3155,2017-02-15,2.0A,124.19484862916664,67.42511833333334
3156,2017-02-16,2.0.DHA,103.46570037375,65.44670166666667
3157,2017-02-16,2.0.DHS,104.07464523291664,65.50136833333333
3158,2017-02-16,2.0A,124.49196335333333,67.65232666666667
3159,2017-02-17,2.0.DHA,106.77448744333331,67.53774333333332
3160,2017-02-17,2.0.DHS,107.46556881291669,67.59216
3161,2017-02-17,2.0A,127.94463495166667,69.74324333333334
3162,2017-02-18,2.0.DHA,102.83293500291667,62.34516
3163,2017-02-18,2.0.DHS,103.59536016124999,62.39974333333333
3164,2017-02-18,2.0A,124.23107126458332,64.55070166666668
3165,2017-02-19,2.0.DHA,94.85013820791669,55.53474333333333
3166,2017-02-19,2.0.DHS,95.51303478166666,55.58920166666667
3167,2017-02-19,2.0A,116.04483052291666,57.74036833333332
3168,2017-02-20,2.0.DHA,98.94880755874999,61.71870166666667
3169,2017-02-20,2.0.DHS,99.50873624708333,61.77332666666666
3170,2017-02-20,2.0A,120.00280606999998,63.92436833333334
3171,2017-02-21,2.0.DHA,96.67999222833335,59.846826666666665
3172,2017-02-21,2.0.DHS,97.24160911958334,59.901410000000006
3173,2017-02-21,2.0A,117.55867248791668,62.052368333333334
3174,2017-02-22,2.0.DHA,98.01590405333333,60.76861833333334
3175,2017-02-22,2.0.DHS,98.58137068916665,60.82324333333333
3176,2017-02-22,2.0A,118.94193462916668,62.97411833333334
3177,2017-02-23,2.0.DHA,101.59995566541666,63.82957666666666
3178,2017-02-23,2.0.DHS,102.10385985791669,63.88399333333333
3179,2017-02-23,2.0A,122.66323472833331,66.03503499999998
3180,2017-02-24,2.0.DHA,96.74844752666667,59.07278499999999
3181,2017-02-24,2.0.DHS,97.33510039625001,59.12736833333332
3182,2017-02-24,2.0A,117.72232791,61.27832666666665
3183,2017-02-25,2.0.DHA,98.54785487791668,58.79786833333333
3184,2017-02-25,2.0.DHS,99.28531236958331,58.852285
3185,2017-02-25,2.0A,119.82703205625002,61.003368333333334
3186,2017-02-26,2.0.DHA,96.24166120791666,56.68315999999999
3187,2017-02-26,2.0.DHS,96.92060128166666,56.73770166666665
3188,2017-02-26,2.0A,117.51092368958336,58.88870166666666
3189,2017-02-27,2.0.DHA,90.04196414208333,54.00045166666666
3190,2017-02-27,2.0.DHS,90.49182028874999,54.05495166666666
3191,2017-02-27,2.0A,110.99035906999997,56.20599333333333
3192,2017-02-28,2.0.DHA,84.74913722833332,49.55032666666665
3193,2017-02-28,2.0.DHS,85.22986361958333,49.60495166666666
3194,2017-02-28,2.0A,105.37416007125,51.75599333333332
3195,2017-03-01,2.0.DHA,94.46868284375,57.708118333333324
3196,2017-03-01,2.0.DHS,95.01741625291668,57.762743333333326
3197,2017-03-01,2.0A,115.41535393333335,59.91374333333332
3198,2017-03-02,2.0.DHA,96.73696394416665,59.61665999999999
3199,2017-03-02,2.0.DHS,97.25928903916663,59.67128499999999
3200,2017-03-02,2.0A,117.70315565041663,61.82232666666665
3201,2017-03-03,2.0.DHA,87.07707314833333,50.46874333333334
3202,2017-03-03,2.0.DHS,87.63483161041667,50.52320166666666
3203,2017-03-03,2.0A,108.0136452375,52.67428499999999
3204,2017-03-04,2.0.DHA,83.06464284708333,46.162409999999994
3205,2017-03-04,2.0.DHS,83.66452899041667,46.216910000000006
3206,2017-03-04,2.0A,103.80656388458334,48.367993333333324
3207,2017-03-05,2.0.DHA,75.20534866458333,39.43820166666667
3208,2017-03-05,2.0.DHS,75.7941165225,39.492785000000005
3209,2017-03-05,2.0A,95.8812072125,41.64374333333333
3210,2017-03-06,2.0.DHA,89.28508544666666,52.71870166666667
3211,2017-03-06,2.0.DHS,89.82319951708332,52.77328500000001
3212,2017-03-06,2.0A,110.01300353833335,54.92436833333333
3213,2017-03-07,2.0.DHA,94.37159611791667,57.55249333333334
3214,2017-03-07,2.0.DHS,94.94245651,57.60711833333334
3215,2017-03-07,2.0A,115.28111502583333,59.75811833333332
3216,2017-03-08,2.0.DHA,95.06023276041668,58.19707666666667
3217,2017-03-08,2.0.DHS,95.58491521125002,58.25161833333334
3218,2017-03-08,2.0A,115.99907584999998,60.402785
3219,2017-03-09,2.0.DHA,95.23865377750002,58.31211833333334
3220,2017-03-09,2.0.DHS,95.74054462250001,58.36670166666668
3221,2017-03-09,2.0A,116.18681819208335,60.517743333333335
3222,2017-03-10,2.0.DHA,95.94974106499997,57.88407666666665
3223,2017-03-10,2.0.DHS,96.55604094375,57.93865999999999
3224,2017-03-10,2.0A,117.04478194583332,60.089618333333334
3225,2017-03-11,2.0.DHA,94.35466747208334,55.61291
3226,2017-03-11,2.0.DHS,94.96002336541666,55.66757666666667
3227,2017-03-11,2.0A,115.61528038458333,57.81845166666667
3228,2017-03-12,2.0.DHA,68.44139141458332,33.94161833333333
3229,2017-03-12,2.0.DHS,68.84238893916667,33.996201666666664
3230,2017-03-12,2.0A,89.09910779583333,36.14724333333333
3231,2017-03-13,2.0.DHA,77.91723432166667,43.09170166666667
3232,2017-03-13,2.0.DHS,78.42349289208333,43.146285
3233,2017-03-13,2.0A,98.38528007999997,45.29740999999999
3234,2017-03-14,2.0.DHA,83.32373057624999,48.11041000000001
3235,2017-03-14,2.0.DHS,83.78387534333332,48.165076666666664
3236,2017-03-14,2.0A,104.00041298416669,50.31607666666665
3237,2017-03-15,2.0.DHA,89.41627113541665,53.38291
3238,2017-03-15,2.0.DHS,89.94413279458335,53.43745166666667
3239,2017-03-15,2.0A,110.19698310000001,55.588451666666664
3240,2017-03-16,2.0.DHA,90.33913973583333,54.119743333333325
3241,2017-03-16,2.0.DHS,90.84729045583333,54.174201666666654
3242,2017-03-16,2.0A,111.13679215041668,56.325326666666655
3243,2017-03-17,2.0.DHA,92.82932789833332,55.27453499999999
3244,2017-03-17,2.0.DHS,93.41138836041665,55.32895166666666
3245,2017-03-17,2.0A,113.85681082083333,57.47999333333334
3246,2017-03-18,2.0.DHA,91.07846147208335,52.86415999999999
3247,2017-03-18,2.0.DHS,91.70494269875,52.91874333333332
3248,2017-03-18,2.0A,112.20227871791666,55.06982666666667
3249,2017-03-19,2.0.DHA,94.79214828958335,55.614576666666665
3250,2017-03-19,2.0.DHS,95.43937802250002,55.66920166666668
3251,2017-03-19,2.0A,116.11960667083332,57.820159999999994
3252,2017-03-20,2.0.DHA,93.72368890500002,56.492909999999995
3253,2017-03-20,2.0.DHS,94.17305710041667,56.54732666666666
3254,2017-03-20,2.0A,114.76319074666662,58.69828499999999
3255,2017-03-21,2.0.DHA,91.19167428458336,54.830118333333324
3256,2017-03-21,2.0.DHS,91.68462442666667,54.884493333333324
3257,2017-03-21,2.0A,112.07766956749998,57.035618333333325
3258,2017-03-22,2.0.DHA,83.13449730208333,47.97261833333334
3259,2017-03-22,2.0.DHS,83.58693933625001,48.027035000000005
3260,2017-03-22,2.0A,103.81929509999999,50.17811833333334
3261,2017-03-23,2.0.DHA,91.24228990250002,54.88699333333334
3262,2017-03-23,2.0.DHS,91.80119495583335,54.941660000000006
3263,2017-03-23,2.0A,111.98645344208335,57.092659999999995
3264,2017-03-24,2.0.DHA,99.20570564833334,60.66416000000002
3265,2017-03-24,2.0.DHS,99.79666940208335,60.718618333333346
3266,2017-03-24,2.0A,120.43412752916669,62.869701666666685
3267,2017-03-25,2.0.DHA,87.31674268041667,49.70982666666668
3268,2017-03-25,2.0.DHS,87.93001607375,49.76432666666667
3269,2017-03-25,2.0A,108.25288417625002,51.91541000000001
3270,2017-03-26,2.0.DHA,83.89110769565217,45.71397521739131
3271,2017-03-26,2.0.DHS,84.59178731173914,45.77801869565218
3272,2017-03-26,2.0A,103.65811137173912,47.84662739130435
3273,2017-03-27,2.0.DHA,91.24141511416668,54.30845166666666
3274,2017-03-27,2.0.DHS,91.70847760041669,54.36303500000002
3275,2017-03-27,2.0A,111.98585116333332,56.514035
3276,2017-03-28,2.0.DHA,93.45268098625002,56.655368333333335
3277,2017-03-28,2.0.DHS,93.85821450999998,56.70986833333333
3278,2017-03-28,2.0A,114.3433040675,58.860951666666665
3279,2017-03-29,2.0.DHA,93.62018490333334,56.86599333333333
3280,2017-03-29,2.0.DHS,94.01484721125,56.92049333333335
3281,2017-03-29,2.0A,114.52755089166669,59.071576666666665
3282,2017-03-30,2.0.DHA,90.63981457,54.33224333333333
3283,2017-03-30,2.0.DHS,91.03711458083332,54.38674333333333
3284,2017-03-30,2.0A,111.49995981708331,56.53770166666666
3285,2017-03-31,2.0.DHA,87.71762170041667,50.98695166666667
3286,2017-03-31,2.0.DHS,88.21881773541668,51.04161833333333
3287,2017-03-31,2.0A,108.69151486250001,53.192535
3288,2017-04-01,2.0.DHA,77.9933207025,42.56520166666666
3289,2017-04-01,2.0.DHS,78.44775333333332,42.619868333333336
3290,2017-04-01,2.0A,98.63855973958333,44.770826666666665
3291,2017-04-02,2.0.DHA,82.84726570208333,46.28820166666666
3292,2017-04-02,2.0.DHS,83.33171725583334,46.342659999999995
3293,2017-04-02,2.0A,103.73921592791667,48.493743333333335
3294,2017-04-03,2.0.DHA,94.44460130416667,58.05878500000001
3295,2017-04-03,2.0.DHS,94.90254381833334,58.11353500000001
3296,2017-04-03,2.0A,115.22380038583334,60.26449333333334
3297,2017-04-04,2.0.DHA,90.88963543999999,55.013160000000006
3298,2017-04-04,2.0.DHS,91.28082172666664,55.06778500000001
3299,2017-04-04,2.0A,111.63943030916668,57.218785
3300,2017-04-05,2.0.DHA,84.00727523708333,49.26865999999999
3301,2017-04-05,2.0.DHS,84.38201014125,49.32324333333333
3302,2017-04-05,2.0A,104.57865179,51.47424333333333
3303,2017-04-06,2.0.DHA,83.2784974375,48.555618333333335
3304,2017-04-06,2.0.DHS,83.6346360575,48.61011833333333
3305,2017-04-06,2.0A,103.8335555854167,50.76116000000001
3306,2017-04-07,2.0.DHA,90.84052051333333,54.713826666666655
3307,2017-04-07,2.0.DHS,91.3108922475,54.768285
3308,2017-04-07,2.0A,111.52844511833335,56.91928500000001
3309,2017-04-08,2.0.DHA,96.38631078583334,58.00986833333334
3310,2017-04-08,2.0.DHS,96.95728370833332,58.064326666666666
3311,2017-04-08,2.0A,117.49979923958335,60.21532666666668
3312,2017-04-09,2.0.DHA,93.16104057708334,54.87661833333333
3313,2017-04-09,2.0.DHS,93.70952529750001,54.93111833333333
3314,2017-04-09,2.0A,114.33933305291667,57.082285000000006
3315,2017-04-10,2.0.DHA,93.77034788750001,57.470785
3316,2017-04-10,2.0.DHS,94.18900261,57.52541
3317,2017-04-10,2.0A,114.53692613583335,59.676493333333326
3318,2017-04-11,2.0.DHA,93.32401393999999,57.11299333333334
3319,2017-04-11,2.0.DHS,93.74092101833332,57.16761833333334
3320,2017-04-11,2.0A,114.07098035083332,59.318701666666676
3321,2017-04-12,2.0.DHA,97.44534540374998,60.89974333333333
3322,2017-04-12,2.0.DHS,97.85858376624999,60.95441000000002
3323,2017-04-12,2.0A,118.32030612333331,63.10541
3324,2017-04-13,2.0.DHA,94.41279139583334,58.189160000000015
3325,2017-04-13,2.0.DHS,94.81032001583334,58.24378500000001
3326,2017-04-13,2.0A,115.32842612708333,60.39478500000001
3327,2017-04-14,2.0.DHA,93.75301009666667,57.163243333333334
3328,2017-04-14,2.0.DHS,94.09070883083332,57.217868333333335
3329,2017-04-14,2.0A,114.71096715999998,59.36886833333333
3330,2017-04-15,2.0.DHA,91.48990232750002,53.910785
3331,2017-04-15,2.0.DHS,92.05568020833334,53.965285
3332,2017-04-15,2.0A,112.48595190624998,56.11645166666667
3333,2017-04-16,2.0.DHA,90.11186349375,52.26324333333333
3334,2017-04-16,2.0.DHS,90.66581692249999,52.31774333333334
3335,2017-04-16,2.0A,111.05999709458335,54.468785000000004
3336,2017-04-17,2.0.DHA,94.59676613750001,58.194160000000004
3337,2017-04-17,2.0.DHS,95.01209686,58.24891
3338,2017-04-17,2.0A,115.43329034416666,60.399909999999984
3339,2017-04-18,2.0.DHA,87.645985815,52.24249333333333
3340,2017-04-18,2.0.DHS,88.04263564333333,52.29686833333332
3341,2017-04-18,2.0A,108.29541589250003,54.44803499999998
3342,2017-04-19,2.0.DHA,83.48691536208334,48.818618333333326
3343,2017-04-19,2.0.DHS,83.86089426625001,48.87315999999999
3344,2017-04-19,2.0A,104.045942915,51.02416
3345,2017-04-20,2.0.DHA,85.33473772916666,50.35111833333334
3346,2017-04-20,2.0.DHS,85.72540189083333,50.40574333333334
3347,2017-04-20,2.0A,105.96885921041668,52.55678499999999
3348,2017-04-21,2.0.DHA,89.43115201333332,53.50436833333333
3349,2017-04-21,2.0.DHS,89.8965951225,53.55886833333332
3350,2017-04-21,2.0A,110.17495532666668,55.70990999999999
3351,2017-04-22,2.0.DHA,94.04845182750002,56.008993333333336
3352,2017-04-22,2.0.DHS,94.64927820833334,56.063535
3353,2017-04-22,2.0A,115.00302594791664,58.21449333333334
3354,2017-04-23,2.0.DHA,96.56249949375001,57.69382666666667
3355,2017-04-23,2.0.DHS,97.15738296416667,57.74841000000001
3356,2017-04-23,2.0A,117.7889095945833,59.899493333333346
3357,2017-04-24,2.0.DHA,99.74700647083331,62.62920166666666
3358,2017-04-24,2.0.DHS,100.20128890166667,62.68361833333333
3359,2017-04-24,2.0A,120.66221338583334,64.83474333333332
3360,2017-04-25,2.0.DHA,94.86253410666666,58.472910000000006
3361,2017-04-25,2.0.DHS,95.28258226833333,58.527576666666675
3362,2017-04-25,2.0A,115.72884301750003,60.678576666666665
3363,2017-04-26,2.0.DHA,91.63583302875001,55.90066000000001
3364,2017-04-26,2.0.DHS,92.07847576625,55.955201666666674
3365,2017-04-26,2.0A,112.32955483166666,58.10628499999999
3366,2017-04-27,2.0.DHA,89.40089681250002,53.88549333333332
3367,2017-04-27,2.0.DHS,89.82890622416669,53.939951666666666
3368,2017-04-27,2.0A,110.09259329375,56.091035
3369,2017-04-28,2.0.DHA,92.87269093000002,56.467951666666664
3370,2017-04-28,2.0.DHS,93.36378828916668,56.522451666666676
3371,2017-04-28,2.0A,113.58082561833334,58.67353500000001
3372,2017-04-29,2.0.DHA,92.4837400775,54.77845166666666
3373,2017-04-29,2.0.DHS,93.04260008333334,54.83286833333333
3374,2017-04-29,2.0A,113.53386623958333,56.98399333333334
3375,2017-04-30,2.0.DHA,63.04871245208333,29.868534999999994
3376,2017-04-30,2.0.DHS,63.31714179749999,29.923118333333335
3377,2017-04-30,2.0A,83.55420596958335,32.07420166666667
